-- MySQL dump 10.13  Distrib 5.5.21, for Win64 (x86)
--
-- Host: localhost    Database: algotrader
-- ------------------------------------------------------
-- Server version    5.5.21-log

/*!40101 SET @OLD_CHARACTER_SET_CLIENT=@@CHARACTER_SET_CLIENT */;
/*!40101 SET @OLD_CHARACTER_SET_RESULTS=@@CHARACTER_SET_RESULTS */;
/*!40101 SET @OLD_COLLATION_CONNECTION=@@COLLATION_CONNECTION */;
/*!40101 SET NAMES utf8 */;
/*!40103 SET @OLD_TIME_ZONE=@@TIME_ZONE */;
/*!40103 SET TIME_ZONE='+00:00' */;
/*!40014 SET @OLD_UNIQUE_CHECKS=@@UNIQUE_CHECKS, UNIQUE_CHECKS=0 */;
/*!40014 SET @OLD_FOREIGN_KEY_CHECKS=@@FOREIGN_KEY_CHECKS, FOREIGN_KEY_CHECKS=0 */;
/*!40101 SET @OLD_SQL_MODE=@@SQL_MODE, SQL_MODE='NO_AUTO_VALUE_ON_ZERO' */;
/*!40111 SET @OLD_SQL_NOTES=@@SQL_NOTES, SQL_NOTES=0 */;

--
-- Dumping data for table `cash_balance`
--
-- WHERE:  id<1000

LOCK TABLES `cash_balance` WRITE;
/*!40000 ALTER TABLE `cash_balance` DISABLE KEYS */;
INSERT INTO `cash_balance` (`ID`, `CURRENCY`, `AMOUNT`, `STRATEGY_FK`) VALUES (1,'EUR',1000000.00,1);
/*!40000 ALTER TABLE `cash_balance` ENABLE KEYS */;
UNLOCK TABLES;

--
-- Dumping data for table `default_order_preference`
--
-- WHERE:  id<1000

LOCK TABLES `default_order_preference` WRITE;
/*!40000 ALTER TABLE `default_order_preference` DISABLE KEYS */;
INSERT INTO `default_order_preference` (`ID`, `ORDER_PREFERENCE_FK`, `STRATEGY_FK`, `SECURITY_FAMILY_FK`) VALUES (1,194,6,26);
INSERT INTO `default_order_preference` (`ID`, `ORDER_PREFERENCE_FK`, `STRATEGY_FK`, `SECURITY_FAMILY_FK`) VALUES (2,193,7,22);
INSERT INTO `default_order_preference` (`ID`, `ORDER_PREFERENCE_FK`, `STRATEGY_FK`, `SECURITY_FAMILY_FK`) VALUES (3,193,8,22);
INSERT INTO `default_order_preference` (`ID`, `ORDER_PREFERENCE_FK`, `STRATEGY_FK`, `SECURITY_FAMILY_FK`) VALUES (4,193,9,22);
/*!40000 ALTER TABLE `default_order_preference` ENABLE KEYS */;
UNLOCK TABLES;

--
-- Dumping data for table `forex`
--
-- WHERE:  id<1000

LOCK TABLES `forex` WRITE;
/*!40000 ALTER TABLE `forex` DISABLE KEYS */;
INSERT INTO `forex` (`ID`, `BASE_CURRENCY`) VALUES (8,'EUR');
INSERT INTO `forex` (`ID`, `BASE_CURRENCY`) VALUES (9,'USD');
INSERT INTO `forex` (`ID`, `BASE_CURRENCY`) VALUES (10,'EUR');
INSERT INTO `forex` (`ID`, `BASE_CURRENCY`) VALUES (11,'GBP');
/*!40000 ALTER TABLE `forex` ENABLE KEYS */;
UNLOCK TABLES;

--
-- Dumping data for table `future_family`
--
-- WHERE:  id<1000

LOCK TABLES `future_family` WRITE;
/*!40000 ALTER TABLE `future_family` DISABLE KEYS */;
INSERT INTO `future_family` (`ID`, `LENGTH`, `INTREST`, `DIVIDEND`, `MARGIN_PARAMETER`, `EXPIRATION_TYPE`, `EXPIRATION_MONTHS`) VALUES (10,3,0.0015,0.03,490.9,'NEXT_3_RD_FRIDAY_3_MONTHS',3);
INSERT INTO `future_family` (`ID`, `LENGTH`, `INTREST`, `DIVIDEND`, `MARGIN_PARAMETER`, `EXPIRATION_TYPE`, `EXPIRATION_MONTHS`) VALUES (22,8,0.0015,0.03,490.9,'THIRTY_DAYS_BEFORE_NEXT_3_RD_FRIDAY',1);
INSERT INTO `future_family` (`ID`, `LENGTH`, `INTREST`, `DIVIDEND`, `MARGIN_PARAMETER`, `EXPIRATION_TYPE`, `EXPIRATION_MONTHS`) VALUES (23,3,0.0015,0.03,490.9,'THIRTY_DAYS_BEFORE_NEXT_3_RD_FRIDAY',1);
INSERT INTO `future_family` (`ID`, `LENGTH`, `INTREST`, `DIVIDEND`, `MARGIN_PARAMETER`, `EXPIRATION_TYPE`, `EXPIRATION_MONTHS`) VALUES (44,3,0.0015,0.03,490.9,'NEXT_3_RD_MONDAY_3_MONTHS',3);
/*!40000 ALTER TABLE `future_family` ENABLE KEYS */;
UNLOCK TABLES;

--
-- Dumping data for table `generic_future`
--
-- WHERE:  id<1000

LOCK TABLES `generic_future` WRITE;
/*!40000 ALTER TABLE `generic_future` DISABLE KEYS */;
INSERT INTO `generic_future` (`ID`, `DURATION`) VALUES (13,1);
INSERT INTO `generic_future` (`ID`, `DURATION`) VALUES (14,1);
INSERT INTO `generic_future` (`ID`, `DURATION`) VALUES (15,1);
INSERT INTO `generic_future` (`ID`, `DURATION`) VALUES (21,1);
INSERT INTO `generic_future` (`ID`, `DURATION`) VALUES (22,2);
INSERT INTO `generic_future` (`ID`, `DURATION`) VALUES (23,3);
INSERT INTO `generic_future` (`ID`, `DURATION`) VALUES (24,4);
INSERT INTO `generic_future` (`ID`, `DURATION`) VALUES (25,5);
INSERT INTO `generic_future` (`ID`, `DURATION`) VALUES (26,6);
INSERT INTO `generic_future` (`ID`, `DURATION`) VALUES (27,7);
INSERT INTO `generic_future` (`ID`, `DURATION`) VALUES (28,8);
/*!40000 ALTER TABLE `generic_future` ENABLE KEYS */;
UNLOCK TABLES;

--
-- Dumping data for table `generic_future_family`
--
-- WHERE:  id<1000

LOCK TABLES `generic_future_family` WRITE;
/*!40000 ALTER TABLE `generic_future_family` DISABLE KEYS */;
INSERT INTO `generic_future_family` (`ID`, `EXPIRATION_TYPE`) VALUES (12,'NEXT_3_RD_FRIDAY');
INSERT INTO `generic_future_family` (`ID`, `EXPIRATION_TYPE`) VALUES (13,'NEXT_3_RD_FRIDAY');
INSERT INTO `generic_future_family` (`ID`, `EXPIRATION_TYPE`) VALUES (14,'NEXT_3_RD_FRIDAY');
INSERT INTO `generic_future_family` (`ID`, `EXPIRATION_TYPE`) VALUES (21,'THIRTY_DAYS_BEFORE_NEXT_3_RD_FRIDAY');
/*!40000 ALTER TABLE `generic_future_family` ENABLE KEYS */;
UNLOCK TABLES;

--
-- Dumping data for table `implied_volatility`
--
-- WHERE:  id<1000

LOCK TABLES `implied_volatility` WRITE;
/*!40000 ALTER TABLE `implied_volatility` DISABLE KEYS */;
INSERT INTO `implied_volatility` (`ID`, `DURATION`, `MONEYNESS`) VALUES (30,12,100);
INSERT INTO `implied_volatility` (`ID`, `DURATION`, `MONEYNESS`) VALUES (31,12,95);
INSERT INTO `implied_volatility` (`ID`, `DURATION`, `MONEYNESS`) VALUES (32,12,90);
INSERT INTO `implied_volatility` (`ID`, `DURATION`, `MONEYNESS`) VALUES (33,12,80);
INSERT INTO `implied_volatility` (`ID`, `DURATION`, `MONEYNESS`) VALUES (34,18,100);
INSERT INTO `implied_volatility` (`ID`, `DURATION`, `MONEYNESS`) VALUES (35,18,95);
INSERT INTO `implied_volatility` (`ID`, `DURATION`, `MONEYNESS`) VALUES (36,18,90);
INSERT INTO `implied_volatility` (`ID`, `DURATION`, `MONEYNESS`) VALUES (37,18,80);
/*!40000 ALTER TABLE `implied_volatility` ENABLE KEYS */;
UNLOCK TABLES;

--
-- Dumping data for table `intrest_rate`
--
-- WHERE:  id<1000

LOCK TABLES `intrest_rate` WRITE;
/*!40000 ALTER TABLE `intrest_rate` DISABLE KEYS */;
INSERT INTO `intrest_rate` (`ID`, `DURATION`) VALUES (6,604800000);
INSERT INTO `intrest_rate` (`ID`, `DURATION`) VALUES (7,2592000000);
/*!40000 ALTER TABLE `intrest_rate` ENABLE KEYS */;
UNLOCK TABLES;

--
-- Dumping data for table `natural_index`
--
-- WHERE:  id<1000

LOCK TABLES `natural_index` WRITE;
/*!40000 ALTER TABLE `natural_index` DISABLE KEYS */;
INSERT INTO `natural_index` (`ID`) VALUES (2);
INSERT INTO `natural_index` (`ID`) VALUES (3);
INSERT INTO `natural_index` (`ID`) VALUES (4);
INSERT INTO `natural_index` (`ID`) VALUES (5);
INSERT INTO `natural_index` (`ID`) VALUES (12);
INSERT INTO `natural_index` (`ID`) VALUES (29);
/*!40000 ALTER TABLE `natural_index` ENABLE KEYS */;
UNLOCK TABLES;

--
-- Dumping data for table `order_preference`
--
-- WHERE:  id<1000

LOCK TABLES `order_preference` WRITE;
/*!40000 ALTER TABLE `order_preference` DISABLE KEYS */;
INSERT INTO `order_preference` (`ID`, `NAME`, `ORDER_TYPE`) VALUES (193,'FVIX','SLICING');
INSERT INTO `order_preference` (`ID`, `NAME`, `ORDER_TYPE`) VALUES (194,'OVIX','SLICING');
/*!40000 ALTER TABLE `order_preference` ENABLE KEYS */;
UNLOCK TABLES;

--
-- Dumping data for table `property`
--
-- WHERE:  id<1000

LOCK TABLES `property` WRITE;
/*!40000 ALTER TABLE `property` DISABLE KEYS */;
INSERT INTO `property` (`ID`, `NAME`, `PERSISTENT`, `INT_VALUE`, `DOUBLE_VALUE`, `MONEY_VALUE`, `TEXT_VALUE`, `DATE_VALUE`, `BOOLEAN_VALUE`, `PROPERTY_HOLDER_FK`) VALUES (37,'minVolPct','',NULL,0.5,NULL,NULL,NULL,NULL,193);
INSERT INTO `property` (`ID`, `NAME`, `PERSISTENT`, `INT_VALUE`, `DOUBLE_VALUE`, `MONEY_VALUE`, `TEXT_VALUE`, `DATE_VALUE`, `BOOLEAN_VALUE`, `PROPERTY_HOLDER_FK`) VALUES (39,'maxVolPct','',NULL,1,NULL,NULL,NULL,NULL,193);
INSERT INTO `property` (`ID`, `NAME`, `PERSISTENT`, `INT_VALUE`, `DOUBLE_VALUE`, `MONEY_VALUE`, `TEXT_VALUE`, `DATE_VALUE`, `BOOLEAN_VALUE`, `PROPERTY_HOLDER_FK`) VALUES (40,'maxQuantity','',5,NULL,NULL,NULL,NULL,NULL,193);
INSERT INTO `property` (`ID`, `NAME`, `PERSISTENT`, `INT_VALUE`, `DOUBLE_VALUE`, `MONEY_VALUE`, `TEXT_VALUE`, `DATE_VALUE`, `BOOLEAN_VALUE`, `PROPERTY_HOLDER_FK`) VALUES (41,'minDuration','',NULL,1,NULL,NULL,NULL,NULL,193);
INSERT INTO `property` (`ID`, `NAME`, `PERSISTENT`, `INT_VALUE`, `DOUBLE_VALUE`, `MONEY_VALUE`, `TEXT_VALUE`, `DATE_VALUE`, `BOOLEAN_VALUE`, `PROPERTY_HOLDER_FK`) VALUES (42,'maxDuration','',NULL,2,NULL,NULL,NULL,NULL,193);
INSERT INTO `property` (`ID`, `NAME`, `PERSISTENT`, `INT_VALUE`, `DOUBLE_VALUE`, `MONEY_VALUE`, `TEXT_VALUE`, `DATE_VALUE`, `BOOLEAN_VALUE`, `PROPERTY_HOLDER_FK`) VALUES (43,'minDelay','',NULL,0.5,NULL,NULL,NULL,NULL,193);
INSERT INTO `property` (`ID`, `NAME`, `PERSISTENT`, `INT_VALUE`, `DOUBLE_VALUE`, `MONEY_VALUE`, `TEXT_VALUE`, `DATE_VALUE`, `BOOLEAN_VALUE`, `PROPERTY_HOLDER_FK`) VALUES (44,'maxDelay','',NULL,1.5,NULL,NULL,NULL,NULL,193);
INSERT INTO `property` (`ID`, `NAME`, `PERSISTENT`, `INT_VALUE`, `DOUBLE_VALUE`, `MONEY_VALUE`, `TEXT_VALUE`, `DATE_VALUE`, `BOOLEAN_VALUE`, `PROPERTY_HOLDER_FK`) VALUES (45,'minVolPct','',NULL,0.5,NULL,NULL,NULL,NULL,194);
INSERT INTO `property` (`ID`, `NAME`, `PERSISTENT`, `INT_VALUE`, `DOUBLE_VALUE`, `MONEY_VALUE`, `TEXT_VALUE`, `DATE_VALUE`, `BOOLEAN_VALUE`, `PROPERTY_HOLDER_FK`) VALUES (46,'maxVolPct','',NULL,1,NULL,NULL,NULL,NULL,194);
INSERT INTO `property` (`ID`, `NAME`, `PERSISTENT`, `INT_VALUE`, `DOUBLE_VALUE`, `MONEY_VALUE`, `TEXT_VALUE`, `DATE_VALUE`, `BOOLEAN_VALUE`, `PROPERTY_HOLDER_FK`) VALUES (47,'maxQuantity','',50,NULL,NULL,NULL,NULL,NULL,194);
INSERT INTO `property` (`ID`, `NAME`, `PERSISTENT`, `INT_VALUE`, `DOUBLE_VALUE`, `MONEY_VALUE`, `TEXT_VALUE`, `DATE_VALUE`, `BOOLEAN_VALUE`, `PROPERTY_HOLDER_FK`) VALUES (48,'minDuration','',NULL,1,NULL,NULL,NULL,NULL,194);
INSERT INTO `property` (`ID`, `NAME`, `PERSISTENT`, `INT_VALUE`, `DOUBLE_VALUE`, `MONEY_VALUE`, `TEXT_VALUE`, `DATE_VALUE`, `BOOLEAN_VALUE`, `PROPERTY_HOLDER_FK`) VALUES (49,'maxDuration','',NULL,2,NULL,NULL,NULL,NULL,194);
INSERT INTO `property` (`ID`, `NAME`, `PERSISTENT`, `INT_VALUE`, `DOUBLE_VALUE`, `MONEY_VALUE`, `TEXT_VALUE`, `DATE_VALUE`, `BOOLEAN_VALUE`, `PROPERTY_HOLDER_FK`) VALUES (50,'minDelay','',NULL,0.5,NULL,NULL,NULL,NULL,194);
INSERT INTO `property` (`ID`, `NAME`, `PERSISTENT`, `INT_VALUE`, `DOUBLE_VALUE`, `MONEY_VALUE`, `TEXT_VALUE`, `DATE_VALUE`, `BOOLEAN_VALUE`, `PROPERTY_HOLDER_FK`) VALUES (51,'maxDelay','',NULL,1.5,NULL,NULL,NULL,NULL,194);
INSERT INTO `property` (`ID`, `NAME`, `PERSISTENT`, `INT_VALUE`, `DOUBLE_VALUE`, `MONEY_VALUE`, `TEXT_VALUE`, `DATE_VALUE`, `BOOLEAN_VALUE`, `PROPERTY_HOLDER_FK`) VALUES (52,'hedgingFamily','',44,NULL,NULL,NULL,NULL,NULL,211);
/*!40000 ALTER TABLE `property` ENABLE KEYS */;
UNLOCK TABLES;

--
-- Dumping data for table `security`
--
-- WHERE:  id<1000

LOCK TABLES `security` WRITE;
/*!40000 ALTER TABLE `security` DISABLE KEYS */;
INSERT INTO `security` (`id`, `SYMBOL`, `ISIN`, `RIC`, `CONID`, `UNDERLYING_FK`, `SECURITY_FAMILY_FK`, `INTREST_RATE_FAMILY_FK`) VALUES (2,'ESTX50','DE0009652396',NULL,'4356500',NULL,4,NULL);
INSERT INTO `security` (`id`, `SYMBOL`, `ISIN`, `RIC`, `CONID`, `UNDERLYING_FK`, `SECURITY_FAMILY_FK`, `INTREST_RATE_FAMILY_FK`) VALUES (3,'V2TX','DE000A0C3QF1',NULL,'35913933',2,5,NULL);
INSERT INTO `security` (`id`, `SYMBOL`, `ISIN`, `RIC`, `CONID`, `UNDERLYING_FK`, `SECURITY_FAMILY_FK`, `INTREST_RATE_FAMILY_FK`) VALUES (4,'SMI','CH0008616382',NULL,'1328305',NULL,1,7);
INSERT INTO `security` (`id`, `SYMBOL`, `ISIN`, `RIC`, `CONID`, `UNDERLYING_FK`, `SECURITY_FAMILY_FK`, `INTREST_RATE_FAMILY_FK`) VALUES (5,'V3X','CH0019900841',NULL,'35913404',4,2,NULL);
INSERT INTO `security` (`id`, `SYMBOL`, `ISIN`, `RIC`, `CONID`, `UNDERLYING_FK`, `SECURITY_FAMILY_FK`, `INTREST_RATE_FAMILY_FK`) VALUES (6,'CHFDOMDEP1W','CH0007475228',NULL,NULL,NULL,7,NULL);
INSERT INTO `security` (`id`, `SYMBOL`, `ISIN`, `RIC`, `CONID`, `UNDERLYING_FK`, `SECURITY_FAMILY_FK`, `INTREST_RATE_FAMILY_FK`) VALUES (7,'CHFDOMDEP1M','CH0007473702',NULL,NULL,NULL,7,NULL);
INSERT INTO `security` (`id`, `SYMBOL`, `ISIN`, `RIC`, `CONID`, `UNDERLYING_FK`, `SECURITY_FAMILY_FK`, `INTREST_RATE_FAMILY_FK`) VALUES (8,'EUR.CHF','EU0009654078',NULL,'12087817',NULL,8,NULL);
INSERT INTO `security` (`id`, `SYMBOL`, `ISIN`, `RIC`, `CONID`, `UNDERLYING_FK`, `SECURITY_FAMILY_FK`, `INTREST_RATE_FAMILY_FK`) VALUES (9,'USD.CHF','XC0009652816',NULL,'12087820',NULL,8,NULL);
INSERT INTO `security` (`id`, `SYMBOL`, `ISIN`, `RIC`, `CONID`, `UNDERLYING_FK`, `SECURITY_FAMILY_FK`, `INTREST_RATE_FAMILY_FK`) VALUES (10,'EUR.USD','EU0009652759',NULL,'12087792',NULL,9,NULL);
INSERT INTO `security` (`id`, `SYMBOL`, `ISIN`, `RIC`, `CONID`, `UNDERLYING_FK`, `SECURITY_FAMILY_FK`, `INTREST_RATE_FAMILY_FK`) VALUES (11,'GBP.USD','GB0031973075',NULL,'12087797',NULL,9,NULL);
INSERT INTO `security` (`id`, `SYMBOL`, `ISIN`, `RIC`, `CONID`, `UNDERLYING_FK`, `SECURITY_FAMILY_FK`, `INTREST_RATE_FAMILY_FK`) VALUES (12,'SPX','US78378X1072',NULL,'416904',NULL,11,NULL);
INSERT INTO `security` (`id`, `SYMBOL`, `ISIN`, `RIC`, `CONID`, `UNDERLYING_FK`, `SECURITY_FAMILY_FK`, `INTREST_RATE_FAMILY_FK`) VALUES (13,'GF ES 1M',NULL,NULL,NULL,NULL,12,NULL);
INSERT INTO `security` (`id`, `SYMBOL`, `ISIN`, `RIC`, `CONID`, `UNDERLYING_FK`, `SECURITY_FAMILY_FK`, `INTREST_RATE_FAMILY_FK`) VALUES (14,'GF LH 1M',NULL,NULL,NULL,NULL,13,NULL);
INSERT INTO `security` (`id`, `SYMBOL`, `ISIN`, `RIC`, `CONID`, `UNDERLYING_FK`, `SECURITY_FAMILY_FK`, `INTREST_RATE_FAMILY_FK`) VALUES (15,'GF NG 1M',NULL,NULL,NULL,NULL,14,NULL);
INSERT INTO `security` (`id`, `SYMBOL`, `ISIN`, `RIC`, `CONID`, `UNDERLYING_FK`, `SECURITY_FAMILY_FK`, `INTREST_RATE_FAMILY_FK`) VALUES (21,'UX1',NULL,NULL,NULL,29,21,NULL);
INSERT INTO `security` (`id`, `SYMBOL`, `ISIN`, `RIC`, `CONID`, `UNDERLYING_FK`, `SECURITY_FAMILY_FK`, `INTREST_RATE_FAMILY_FK`) VALUES (22,'UX2',NULL,NULL,NULL,29,21,NULL);
INSERT INTO `security` (`id`, `SYMBOL`, `ISIN`, `RIC`, `CONID`, `UNDERLYING_FK`, `SECURITY_FAMILY_FK`, `INTREST_RATE_FAMILY_FK`) VALUES (23,'UX3',NULL,NULL,NULL,29,21,NULL);
INSERT INTO `security` (`id`, `SYMBOL`, `ISIN`, `RIC`, `CONID`, `UNDERLYING_FK`, `SECURITY_FAMILY_FK`, `INTREST_RATE_FAMILY_FK`) VALUES (24,'UX4',NULL,NULL,NULL,29,21,NULL);
INSERT INTO `security` (`id`, `SYMBOL`, `ISIN`, `RIC`, `CONID`, `UNDERLYING_FK`, `SECURITY_FAMILY_FK`, `INTREST_RATE_FAMILY_FK`) VALUES (25,'UX5',NULL,NULL,NULL,29,21,NULL);
INSERT INTO `security` (`id`, `SYMBOL`, `ISIN`, `RIC`, `CONID`, `UNDERLYING_FK`, `SECURITY_FAMILY_FK`, `INTREST_RATE_FAMILY_FK`) VALUES (26,'UX6',NULL,NULL,NULL,29,21,NULL);
INSERT INTO `security` (`id`, `SYMBOL`, `ISIN`, `RIC`, `CONID`, `UNDERLYING_FK`, `SECURITY_FAMILY_FK`, `INTREST_RATE_FAMILY_FK`) VALUES (27,'UX7',NULL,NULL,NULL,29,21,NULL);
INSERT INTO `security` (`id`, `SYMBOL`, `ISIN`, `RIC`, `CONID`, `UNDERLYING_FK`, `SECURITY_FAMILY_FK`, `INTREST_RATE_FAMILY_FK`) VALUES (28,'UX8',NULL,NULL,NULL,29,21,NULL);
INSERT INTO `security` (`id`, `SYMBOL`, `ISIN`, `RIC`, `CONID`, `UNDERLYING_FK`, `SECURITY_FAMILY_FK`, `INTREST_RATE_FAMILY_FK`) VALUES (29,'VIX','XD0016891059',NULL,'13455763',12,20,NULL);
INSERT INTO `security` (`id`, `SYMBOL`, `ISIN`, `RIC`, `CONID`, `UNDERLYING_FK`, `SECURITY_FAMILY_FK`, `INTREST_RATE_FAMILY_FK`) VALUES (30,'IV SPX 12M 100',NULL,NULL,NULL,12,25,NULL);
INSERT INTO `security` (`id`, `SYMBOL`, `ISIN`, `RIC`, `CONID`, `UNDERLYING_FK`, `SECURITY_FAMILY_FK`, `INTREST_RATE_FAMILY_FK`) VALUES (31,'IV SPX 12M 95',NULL,NULL,NULL,12,25,NULL);
INSERT INTO `security` (`id`, `SYMBOL`, `ISIN`, `RIC`, `CONID`, `UNDERLYING_FK`, `SECURITY_FAMILY_FK`, `INTREST_RATE_FAMILY_FK`) VALUES (32,'IV SPX 12M 90',NULL,NULL,NULL,12,25,NULL);
INSERT INTO `security` (`id`, `SYMBOL`, `ISIN`, `RIC`, `CONID`, `UNDERLYING_FK`, `SECURITY_FAMILY_FK`, `INTREST_RATE_FAMILY_FK`) VALUES (33,'IV SPX 12M 80',NULL,NULL,NULL,12,25,NULL);
INSERT INTO `security` (`id`, `SYMBOL`, `ISIN`, `RIC`, `CONID`, `UNDERLYING_FK`, `SECURITY_FAMILY_FK`, `INTREST_RATE_FAMILY_FK`) VALUES (34,'IV SPX 18M 100',NULL,NULL,NULL,12,25,NULL);
INSERT INTO `security` (`id`, `SYMBOL`, `ISIN`, `RIC`, `CONID`, `UNDERLYING_FK`, `SECURITY_FAMILY_FK`, `INTREST_RATE_FAMILY_FK`) VALUES (35,'IV SPX 18M 95',NULL,NULL,NULL,12,25,NULL);
INSERT INTO `security` (`id`, `SYMBOL`, `ISIN`, `RIC`, `CONID`, `UNDERLYING_FK`, `SECURITY_FAMILY_FK`, `INTREST_RATE_FAMILY_FK`) VALUES (36,'IV SPX 18M 90',NULL,NULL,NULL,12,25,NULL);
INSERT INTO `security` (`id`, `SYMBOL`, `ISIN`, `RIC`, `CONID`, `UNDERLYING_FK`, `SECURITY_FAMILY_FK`, `INTREST_RATE_FAMILY_FK`) VALUES (37,'IV SPX 18M 80',NULL,NULL,NULL,12,25,NULL);
INSERT INTO `security` (`id`, `SYMBOL`, `ISIN`, `RIC`, `CONID`, `UNDERLYING_FK`, `SECURITY_FAMILY_FK`, `INTREST_RATE_FAMILY_FK`) VALUES (40,'GOOG',NULL,NULL,NULL,NULL,40,NULL);
INSERT INTO `security` (`id`, `SYMBOL`, `ISIN`, `RIC`, `CONID`, `UNDERLYING_FK`, `SECURITY_FAMILY_FK`, `INTREST_RATE_FAMILY_FK`) VALUES (41,'MMM',NULL,NULL,NULL,NULL,41,NULL);
INSERT INTO `security` (`id`, `SYMBOL`, `ISIN`, `RIC`, `CONID`, `UNDERLYING_FK`, `SECURITY_FAMILY_FK`, `INTREST_RATE_FAMILY_FK`) VALUES (42,'AA',NULL,NULL,NULL,NULL,41,NULL);
INSERT INTO `security` (`id`, `SYMBOL`, `ISIN`, `RIC`, `CONID`, `UNDERLYING_FK`, `SECURITY_FAMILY_FK`, `INTREST_RATE_FAMILY_FK`) VALUES (43,'AXP',NULL,NULL,NULL,NULL,41,NULL);
INSERT INTO `security` (`id`, `SYMBOL`, `ISIN`, `RIC`, `CONID`, `UNDERLYING_FK`, `SECURITY_FAMILY_FK`, `INTREST_RATE_FAMILY_FK`) VALUES (44,'T',NULL,NULL,NULL,NULL,41,NULL);
INSERT INTO `security` (`id`, `SYMBOL`, `ISIN`, `RIC`, `CONID`, `UNDERLYING_FK`, `SECURITY_FAMILY_FK`, `INTREST_RATE_FAMILY_FK`) VALUES (45,'BAC',NULL,NULL,NULL,NULL,41,NULL);
INSERT INTO `security` (`id`, `SYMBOL`, `ISIN`, `RIC`, `CONID`, `UNDERLYING_FK`, `SECURITY_FAMILY_FK`, `INTREST_RATE_FAMILY_FK`) VALUES (46,'BA',NULL,NULL,NULL,NULL,41,NULL);
INSERT INTO `security` (`id`, `SYMBOL`, `ISIN`, `RIC`, `CONID`, `UNDERLYING_FK`, `SECURITY_FAMILY_FK`, `INTREST_RATE_FAMILY_FK`) VALUES (47,'CAT',NULL,NULL,NULL,NULL,41,NULL);
INSERT INTO `security` (`id`, `SYMBOL`, `ISIN`, `RIC`, `CONID`, `UNDERLYING_FK`, `SECURITY_FAMILY_FK`, `INTREST_RATE_FAMILY_FK`) VALUES (48,'CVX',NULL,NULL,NULL,NULL,41,NULL);
INSERT INTO `security` (`id`, `SYMBOL`, `ISIN`, `RIC`, `CONID`, `UNDERLYING_FK`, `SECURITY_FAMILY_FK`, `INTREST_RATE_FAMILY_FK`) VALUES (49,'CSCO',NULL,NULL,NULL,NULL,40,NULL);
INSERT INTO `security` (`id`, `SYMBOL`, `ISIN`, `RIC`, `CONID`, `UNDERLYING_FK`, `SECURITY_FAMILY_FK`, `INTREST_RATE_FAMILY_FK`) VALUES (50,'KO',NULL,NULL,NULL,NULL,41,NULL);
INSERT INTO `security` (`id`, `SYMBOL`, `ISIN`, `RIC`, `CONID`, `UNDERLYING_FK`, `SECURITY_FAMILY_FK`, `INTREST_RATE_FAMILY_FK`) VALUES (51,'DD',NULL,NULL,NULL,NULL,41,NULL);
INSERT INTO `security` (`id`, `SYMBOL`, `ISIN`, `RIC`, `CONID`, `UNDERLYING_FK`, `SECURITY_FAMILY_FK`, `INTREST_RATE_FAMILY_FK`) VALUES (52,'XOM',NULL,NULL,NULL,NULL,41,NULL);
INSERT INTO `security` (`id`, `SYMBOL`, `ISIN`, `RIC`, `CONID`, `UNDERLYING_FK`, `SECURITY_FAMILY_FK`, `INTREST_RATE_FAMILY_FK`) VALUES (53,'GE',NULL,NULL,NULL,NULL,41,NULL);
INSERT INTO `security` (`id`, `SYMBOL`, `ISIN`, `RIC`, `CONID`, `UNDERLYING_FK`, `SECURITY_FAMILY_FK`, `INTREST_RATE_FAMILY_FK`) VALUES (54,'HPQ',NULL,NULL,NULL,NULL,41,NULL);
INSERT INTO `security` (`id`, `SYMBOL`, `ISIN`, `RIC`, `CONID`, `UNDERLYING_FK`, `SECURITY_FAMILY_FK`, `INTREST_RATE_FAMILY_FK`) VALUES (55,'HD',NULL,NULL,NULL,NULL,41,NULL);
INSERT INTO `security` (`id`, `SYMBOL`, `ISIN`, `RIC`, `CONID`, `UNDERLYING_FK`, `SECURITY_FAMILY_FK`, `INTREST_RATE_FAMILY_FK`) VALUES (56,'INTC',NULL,NULL,NULL,NULL,40,NULL);
INSERT INTO `security` (`id`, `SYMBOL`, `ISIN`, `RIC`, `CONID`, `UNDERLYING_FK`, `SECURITY_FAMILY_FK`, `INTREST_RATE_FAMILY_FK`) VALUES (57,'IBM',NULL,NULL,NULL,NULL,41,NULL);
INSERT INTO `security` (`id`, `SYMBOL`, `ISIN`, `RIC`, `CONID`, `UNDERLYING_FK`, `SECURITY_FAMILY_FK`, `INTREST_RATE_FAMILY_FK`) VALUES (58,'JNJ',NULL,NULL,NULL,NULL,41,NULL);
INSERT INTO `security` (`id`, `SYMBOL`, `ISIN`, `RIC`, `CONID`, `UNDERLYING_FK`, `SECURITY_FAMILY_FK`, `INTREST_RATE_FAMILY_FK`) VALUES (59,'JPM',NULL,NULL,NULL,NULL,41,NULL);
INSERT INTO `security` (`id`, `SYMBOL`, `ISIN`, `RIC`, `CONID`, `UNDERLYING_FK`, `SECURITY_FAMILY_FK`, `INTREST_RATE_FAMILY_FK`) VALUES (60,'KFT',NULL,NULL,NULL,NULL,41,NULL);
INSERT INTO `security` (`id`, `SYMBOL`, `ISIN`, `RIC`, `CONID`, `UNDERLYING_FK`, `SECURITY_FAMILY_FK`, `INTREST_RATE_FAMILY_FK`) VALUES (61,'MCD',NULL,NULL,NULL,NULL,41,NULL);
INSERT INTO `security` (`id`, `SYMBOL`, `ISIN`, `RIC`, `CONID`, `UNDERLYING_FK`, `SECURITY_FAMILY_FK`, `INTREST_RATE_FAMILY_FK`) VALUES (62,'MRK',NULL,NULL,NULL,NULL,41,NULL);
INSERT INTO `security` (`id`, `SYMBOL`, `ISIN`, `RIC`, `CONID`, `UNDERLYING_FK`, `SECURITY_FAMILY_FK`, `INTREST_RATE_FAMILY_FK`) VALUES (63,'MSFT',NULL,NULL,NULL,NULL,40,NULL);
INSERT INTO `security` (`id`, `SYMBOL`, `ISIN`, `RIC`, `CONID`, `UNDERLYING_FK`, `SECURITY_FAMILY_FK`, `INTREST_RATE_FAMILY_FK`) VALUES (64,'PFE',NULL,NULL,NULL,NULL,41,NULL);
INSERT INTO `security` (`id`, `SYMBOL`, `ISIN`, `RIC`, `CONID`, `UNDERLYING_FK`, `SECURITY_FAMILY_FK`, `INTREST_RATE_FAMILY_FK`) VALUES (65,'PG',NULL,NULL,NULL,NULL,41,NULL);
INSERT INTO `security` (`id`, `SYMBOL`, `ISIN`, `RIC`, `CONID`, `UNDERLYING_FK`, `SECURITY_FAMILY_FK`, `INTREST_RATE_FAMILY_FK`) VALUES (66,'TRV',NULL,NULL,NULL,NULL,41,NULL);
INSERT INTO `security` (`id`, `SYMBOL`, `ISIN`, `RIC`, `CONID`, `UNDERLYING_FK`, `SECURITY_FAMILY_FK`, `INTREST_RATE_FAMILY_FK`) VALUES (67,'UTX',NULL,NULL,NULL,NULL,41,NULL);
INSERT INTO `security` (`id`, `SYMBOL`, `ISIN`, `RIC`, `CONID`, `UNDERLYING_FK`, `SECURITY_FAMILY_FK`, `INTREST_RATE_FAMILY_FK`) VALUES (68,'VZ',NULL,NULL,NULL,NULL,41,NULL);
INSERT INTO `security` (`id`, `SYMBOL`, `ISIN`, `RIC`, `CONID`, `UNDERLYING_FK`, `SECURITY_FAMILY_FK`, `INTREST_RATE_FAMILY_FK`) VALUES (69,'WMT',NULL,NULL,NULL,NULL,41,NULL);
INSERT INTO `security` (`id`, `SYMBOL`, `ISIN`, `RIC`, `CONID`, `UNDERLYING_FK`, `SECURITY_FAMILY_FK`, `INTREST_RATE_FAMILY_FK`) VALUES (70,'DIS',NULL,NULL,NULL,NULL,41,NULL);
INSERT INTO `security` (`id`, `SYMBOL`, `ISIN`, `RIC`, `CONID`, `UNDERLYING_FK`, `SECURITY_FAMILY_FK`, `INTREST_RATE_FAMILY_FK`) VALUES (71,'ATVI',NULL,NULL,NULL,NULL,40,NULL);
INSERT INTO `security` (`id`, `SYMBOL`, `ISIN`, `RIC`, `CONID`, `UNDERLYING_FK`, `SECURITY_FAMILY_FK`, `INTREST_RATE_FAMILY_FK`) VALUES (72,'ADBE',NULL,NULL,NULL,NULL,40,NULL);
INSERT INTO `security` (`id`, `SYMBOL`, `ISIN`, `RIC`, `CONID`, `UNDERLYING_FK`, `SECURITY_FAMILY_FK`, `INTREST_RATE_FAMILY_FK`) VALUES (73,'AKAM',NULL,NULL,NULL,NULL,40,NULL);
INSERT INTO `security` (`id`, `SYMBOL`, `ISIN`, `RIC`, `CONID`, `UNDERLYING_FK`, `SECURITY_FAMILY_FK`, `INTREST_RATE_FAMILY_FK`) VALUES (74,'ALXN',NULL,NULL,NULL,NULL,40,NULL);
INSERT INTO `security` (`id`, `SYMBOL`, `ISIN`, `RIC`, `CONID`, `UNDERLYING_FK`, `SECURITY_FAMILY_FK`, `INTREST_RATE_FAMILY_FK`) VALUES (75,'ALTR',NULL,NULL,NULL,NULL,40,NULL);
INSERT INTO `security` (`id`, `SYMBOL`, `ISIN`, `RIC`, `CONID`, `UNDERLYING_FK`, `SECURITY_FAMILY_FK`, `INTREST_RATE_FAMILY_FK`) VALUES (76,'AMZN',NULL,NULL,NULL,NULL,40,NULL);
INSERT INTO `security` (`id`, `SYMBOL`, `ISIN`, `RIC`, `CONID`, `UNDERLYING_FK`, `SECURITY_FAMILY_FK`, `INTREST_RATE_FAMILY_FK`) VALUES (77,'AMGN',NULL,NULL,NULL,NULL,40,NULL);
INSERT INTO `security` (`id`, `SYMBOL`, `ISIN`, `RIC`, `CONID`, `UNDERLYING_FK`, `SECURITY_FAMILY_FK`, `INTREST_RATE_FAMILY_FK`) VALUES (78,'APOL',NULL,NULL,NULL,NULL,40,NULL);
INSERT INTO `security` (`id`, `SYMBOL`, `ISIN`, `RIC`, `CONID`, `UNDERLYING_FK`, `SECURITY_FAMILY_FK`, `INTREST_RATE_FAMILY_FK`) VALUES (79,'AAPL',NULL,NULL,NULL,NULL,40,NULL);
INSERT INTO `security` (`id`, `SYMBOL`, `ISIN`, `RIC`, `CONID`, `UNDERLYING_FK`, `SECURITY_FAMILY_FK`, `INTREST_RATE_FAMILY_FK`) VALUES (80,'AMAT',NULL,NULL,NULL,NULL,40,NULL);
INSERT INTO `security` (`id`, `SYMBOL`, `ISIN`, `RIC`, `CONID`, `UNDERLYING_FK`, `SECURITY_FAMILY_FK`, `INTREST_RATE_FAMILY_FK`) VALUES (81,'ADSK',NULL,NULL,NULL,NULL,40,NULL);
INSERT INTO `security` (`id`, `SYMBOL`, `ISIN`, `RIC`, `CONID`, `UNDERLYING_FK`, `SECURITY_FAMILY_FK`, `INTREST_RATE_FAMILY_FK`) VALUES (82,'ADP',NULL,NULL,NULL,NULL,40,NULL);
INSERT INTO `security` (`id`, `SYMBOL`, `ISIN`, `RIC`, `CONID`, `UNDERLYING_FK`, `SECURITY_FAMILY_FK`, `INTREST_RATE_FAMILY_FK`) VALUES (83,'BIDU',NULL,NULL,NULL,NULL,40,NULL);
INSERT INTO `security` (`id`, `SYMBOL`, `ISIN`, `RIC`, `CONID`, `UNDERLYING_FK`, `SECURITY_FAMILY_FK`, `INTREST_RATE_FAMILY_FK`) VALUES (84,'BBBY',NULL,NULL,NULL,NULL,40,NULL);
INSERT INTO `security` (`id`, `SYMBOL`, `ISIN`, `RIC`, `CONID`, `UNDERLYING_FK`, `SECURITY_FAMILY_FK`, `INTREST_RATE_FAMILY_FK`) VALUES (85,'BIIB',NULL,NULL,NULL,NULL,40,NULL);
INSERT INTO `security` (`id`, `SYMBOL`, `ISIN`, `RIC`, `CONID`, `UNDERLYING_FK`, `SECURITY_FAMILY_FK`, `INTREST_RATE_FAMILY_FK`) VALUES (86,'BMC',NULL,NULL,NULL,NULL,40,NULL);
INSERT INTO `security` (`id`, `SYMBOL`, `ISIN`, `RIC`, `CONID`, `UNDERLYING_FK`, `SECURITY_FAMILY_FK`, `INTREST_RATE_FAMILY_FK`) VALUES (87,'BRCM',NULL,NULL,NULL,NULL,40,NULL);
INSERT INTO `security` (`id`, `SYMBOL`, `ISIN`, `RIC`, `CONID`, `UNDERLYING_FK`, `SECURITY_FAMILY_FK`, `INTREST_RATE_FAMILY_FK`) VALUES (88,'CHRW',NULL,NULL,NULL,NULL,40,NULL);
INSERT INTO `security` (`id`, `SYMBOL`, `ISIN`, `RIC`, `CONID`, `UNDERLYING_FK`, `SECURITY_FAMILY_FK`, `INTREST_RATE_FAMILY_FK`) VALUES (89,'CA',NULL,NULL,NULL,NULL,40,NULL);
INSERT INTO `security` (`id`, `SYMBOL`, `ISIN`, `RIC`, `CONID`, `UNDERLYING_FK`, `SECURITY_FAMILY_FK`, `INTREST_RATE_FAMILY_FK`) VALUES (90,'CELG',NULL,NULL,NULL,NULL,40,NULL);
INSERT INTO `security` (`id`, `SYMBOL`, `ISIN`, `RIC`, `CONID`, `UNDERLYING_FK`, `SECURITY_FAMILY_FK`, `INTREST_RATE_FAMILY_FK`) VALUES (91,'CERN',NULL,NULL,NULL,NULL,40,NULL);
INSERT INTO `security` (`id`, `SYMBOL`, `ISIN`, `RIC`, `CONID`, `UNDERLYING_FK`, `SECURITY_FAMILY_FK`, `INTREST_RATE_FAMILY_FK`) VALUES (92,'CHKP',NULL,NULL,NULL,NULL,40,NULL);
INSERT INTO `security` (`id`, `SYMBOL`, `ISIN`, `RIC`, `CONID`, `UNDERLYING_FK`, `SECURITY_FAMILY_FK`, `INTREST_RATE_FAMILY_FK`) VALUES (93,'CTXS',NULL,NULL,NULL,NULL,40,NULL);
INSERT INTO `security` (`id`, `SYMBOL`, `ISIN`, `RIC`, `CONID`, `UNDERLYING_FK`, `SECURITY_FAMILY_FK`, `INTREST_RATE_FAMILY_FK`) VALUES (94,'CTSH',NULL,NULL,NULL,NULL,40,NULL);
INSERT INTO `security` (`id`, `SYMBOL`, `ISIN`, `RIC`, `CONID`, `UNDERLYING_FK`, `SECURITY_FAMILY_FK`, `INTREST_RATE_FAMILY_FK`) VALUES (95,'CMCSA',NULL,NULL,NULL,NULL,40,NULL);
INSERT INTO `security` (`id`, `SYMBOL`, `ISIN`, `RIC`, `CONID`, `UNDERLYING_FK`, `SECURITY_FAMILY_FK`, `INTREST_RATE_FAMILY_FK`) VALUES (96,'COST',NULL,NULL,NULL,NULL,40,NULL);
INSERT INTO `security` (`id`, `SYMBOL`, `ISIN`, `RIC`, `CONID`, `UNDERLYING_FK`, `SECURITY_FAMILY_FK`, `INTREST_RATE_FAMILY_FK`) VALUES (97,'CTRP',NULL,NULL,NULL,NULL,40,NULL);
INSERT INTO `security` (`id`, `SYMBOL`, `ISIN`, `RIC`, `CONID`, `UNDERLYING_FK`, `SECURITY_FAMILY_FK`, `INTREST_RATE_FAMILY_FK`) VALUES (98,'DELL',NULL,NULL,NULL,NULL,40,NULL);
INSERT INTO `security` (`id`, `SYMBOL`, `ISIN`, `RIC`, `CONID`, `UNDERLYING_FK`, `SECURITY_FAMILY_FK`, `INTREST_RATE_FAMILY_FK`) VALUES (99,'XRAY',NULL,NULL,NULL,NULL,40,NULL);
INSERT INTO `security` (`id`, `SYMBOL`, `ISIN`, `RIC`, `CONID`, `UNDERLYING_FK`, `SECURITY_FAMILY_FK`, `INTREST_RATE_FAMILY_FK`) VALUES (100,'DTV',NULL,NULL,NULL,NULL,40,NULL);
INSERT INTO `security` (`id`, `SYMBOL`, `ISIN`, `RIC`, `CONID`, `UNDERLYING_FK`, `SECURITY_FAMILY_FK`, `INTREST_RATE_FAMILY_FK`) VALUES (101,'DLTR',NULL,NULL,NULL,NULL,40,NULL);
INSERT INTO `security` (`id`, `SYMBOL`, `ISIN`, `RIC`, `CONID`, `UNDERLYING_FK`, `SECURITY_FAMILY_FK`, `INTREST_RATE_FAMILY_FK`) VALUES (102,'EBAY',NULL,NULL,NULL,NULL,40,NULL);
INSERT INTO `security` (`id`, `SYMBOL`, `ISIN`, `RIC`, `CONID`, `UNDERLYING_FK`, `SECURITY_FAMILY_FK`, `INTREST_RATE_FAMILY_FK`) VALUES (103,'ERTS',NULL,NULL,NULL,NULL,40,NULL);
INSERT INTO `security` (`id`, `SYMBOL`, `ISIN`, `RIC`, `CONID`, `UNDERLYING_FK`, `SECURITY_FAMILY_FK`, `INTREST_RATE_FAMILY_FK`) VALUES (104,'EXPE',NULL,NULL,NULL,NULL,40,NULL);
INSERT INTO `security` (`id`, `SYMBOL`, `ISIN`, `RIC`, `CONID`, `UNDERLYING_FK`, `SECURITY_FAMILY_FK`, `INTREST_RATE_FAMILY_FK`) VALUES (105,'EXPD',NULL,NULL,NULL,NULL,40,NULL);
INSERT INTO `security` (`id`, `SYMBOL`, `ISIN`, `RIC`, `CONID`, `UNDERLYING_FK`, `SECURITY_FAMILY_FK`, `INTREST_RATE_FAMILY_FK`) VALUES (106,'ESRX',NULL,NULL,NULL,NULL,40,NULL);
INSERT INTO `security` (`id`, `SYMBOL`, `ISIN`, `RIC`, `CONID`, `UNDERLYING_FK`, `SECURITY_FAMILY_FK`, `INTREST_RATE_FAMILY_FK`) VALUES (107,'FFIV',NULL,NULL,NULL,NULL,40,NULL);
INSERT INTO `security` (`id`, `SYMBOL`, `ISIN`, `RIC`, `CONID`, `UNDERLYING_FK`, `SECURITY_FAMILY_FK`, `INTREST_RATE_FAMILY_FK`) VALUES (108,'FAST',NULL,NULL,NULL,NULL,40,NULL);
INSERT INTO `security` (`id`, `SYMBOL`, `ISIN`, `RIC`, `CONID`, `UNDERLYING_FK`, `SECURITY_FAMILY_FK`, `INTREST_RATE_FAMILY_FK`) VALUES (109,'FSLR',NULL,NULL,NULL,NULL,40,NULL);
INSERT INTO `security` (`id`, `SYMBOL`, `ISIN`, `RIC`, `CONID`, `UNDERLYING_FK`, `SECURITY_FAMILY_FK`, `INTREST_RATE_FAMILY_FK`) VALUES (110,'FISV',NULL,NULL,NULL,NULL,40,NULL);
INSERT INTO `security` (`id`, `SYMBOL`, `ISIN`, `RIC`, `CONID`, `UNDERLYING_FK`, `SECURITY_FAMILY_FK`, `INTREST_RATE_FAMILY_FK`) VALUES (111,'FLEX',NULL,NULL,NULL,NULL,40,NULL);
INSERT INTO `security` (`id`, `SYMBOL`, `ISIN`, `RIC`, `CONID`, `UNDERLYING_FK`, `SECURITY_FAMILY_FK`, `INTREST_RATE_FAMILY_FK`) VALUES (112,'FLIR',NULL,NULL,NULL,NULL,40,NULL);
INSERT INTO `security` (`id`, `SYMBOL`, `ISIN`, `RIC`, `CONID`, `UNDERLYING_FK`, `SECURITY_FAMILY_FK`, `INTREST_RATE_FAMILY_FK`) VALUES (113,'GRMN',NULL,NULL,NULL,NULL,40,NULL);
INSERT INTO `security` (`id`, `SYMBOL`, `ISIN`, `RIC`, `CONID`, `UNDERLYING_FK`, `SECURITY_FAMILY_FK`, `INTREST_RATE_FAMILY_FK`) VALUES (114,'GILD',NULL,NULL,NULL,NULL,40,NULL);
INSERT INTO `security` (`id`, `SYMBOL`, `ISIN`, `RIC`, `CONID`, `UNDERLYING_FK`, `SECURITY_FAMILY_FK`, `INTREST_RATE_FAMILY_FK`) VALUES (115,'GMCR',NULL,NULL,NULL,NULL,40,NULL);
INSERT INTO `security` (`id`, `SYMBOL`, `ISIN`, `RIC`, `CONID`, `UNDERLYING_FK`, `SECURITY_FAMILY_FK`, `INTREST_RATE_FAMILY_FK`) VALUES (116,'HSIC',NULL,NULL,NULL,NULL,40,NULL);
INSERT INTO `security` (`id`, `SYMBOL`, `ISIN`, `RIC`, `CONID`, `UNDERLYING_FK`, `SECURITY_FAMILY_FK`, `INTREST_RATE_FAMILY_FK`) VALUES (117,'ILMN',NULL,NULL,NULL,NULL,40,NULL);
INSERT INTO `security` (`id`, `SYMBOL`, `ISIN`, `RIC`, `CONID`, `UNDERLYING_FK`, `SECURITY_FAMILY_FK`, `INTREST_RATE_FAMILY_FK`) VALUES (118,'INFY',NULL,NULL,NULL,NULL,40,NULL);
INSERT INTO `security` (`id`, `SYMBOL`, `ISIN`, `RIC`, `CONID`, `UNDERLYING_FK`, `SECURITY_FAMILY_FK`, `INTREST_RATE_FAMILY_FK`) VALUES (119,'INTU',NULL,NULL,NULL,NULL,40,NULL);
INSERT INTO `security` (`id`, `SYMBOL`, `ISIN`, `RIC`, `CONID`, `UNDERLYING_FK`, `SECURITY_FAMILY_FK`, `INTREST_RATE_FAMILY_FK`) VALUES (120,'ISRG',NULL,NULL,NULL,NULL,40,NULL);
INSERT INTO `security` (`id`, `SYMBOL`, `ISIN`, `RIC`, `CONID`, `UNDERLYING_FK`, `SECURITY_FAMILY_FK`, `INTREST_RATE_FAMILY_FK`) VALUES (121,'JOYG',NULL,NULL,NULL,NULL,40,NULL);
INSERT INTO `security` (`id`, `SYMBOL`, `ISIN`, `RIC`, `CONID`, `UNDERLYING_FK`, `SECURITY_FAMILY_FK`, `INTREST_RATE_FAMILY_FK`) VALUES (122,'KLAC',NULL,NULL,NULL,NULL,40,NULL);
INSERT INTO `security` (`id`, `SYMBOL`, `ISIN`, `RIC`, `CONID`, `UNDERLYING_FK`, `SECURITY_FAMILY_FK`, `INTREST_RATE_FAMILY_FK`) VALUES (123,'LRCX',NULL,NULL,NULL,NULL,40,NULL);
INSERT INTO `security` (`id`, `SYMBOL`, `ISIN`, `RIC`, `CONID`, `UNDERLYING_FK`, `SECURITY_FAMILY_FK`, `INTREST_RATE_FAMILY_FK`) VALUES (124,'LINTA',NULL,NULL,NULL,NULL,40,NULL);
INSERT INTO `security` (`id`, `SYMBOL`, `ISIN`, `RIC`, `CONID`, `UNDERLYING_FK`, `SECURITY_FAMILY_FK`, `INTREST_RATE_FAMILY_FK`) VALUES (125,'LIFE',NULL,NULL,NULL,NULL,40,NULL);
INSERT INTO `security` (`id`, `SYMBOL`, `ISIN`, `RIC`, `CONID`, `UNDERLYING_FK`, `SECURITY_FAMILY_FK`, `INTREST_RATE_FAMILY_FK`) VALUES (126,'LLTC',NULL,NULL,NULL,NULL,40,NULL);
INSERT INTO `security` (`id`, `SYMBOL`, `ISIN`, `RIC`, `CONID`, `UNDERLYING_FK`, `SECURITY_FAMILY_FK`, `INTREST_RATE_FAMILY_FK`) VALUES (127,'MRVL',NULL,NULL,NULL,NULL,40,NULL);
INSERT INTO `security` (`id`, `SYMBOL`, `ISIN`, `RIC`, `CONID`, `UNDERLYING_FK`, `SECURITY_FAMILY_FK`, `INTREST_RATE_FAMILY_FK`) VALUES (128,'MAT',NULL,NULL,NULL,NULL,40,NULL);
INSERT INTO `security` (`id`, `SYMBOL`, `ISIN`, `RIC`, `CONID`, `UNDERLYING_FK`, `SECURITY_FAMILY_FK`, `INTREST_RATE_FAMILY_FK`) VALUES (129,'MXIM',NULL,NULL,NULL,NULL,40,NULL);
INSERT INTO `security` (`id`, `SYMBOL`, `ISIN`, `RIC`, `CONID`, `UNDERLYING_FK`, `SECURITY_FAMILY_FK`, `INTREST_RATE_FAMILY_FK`) VALUES (130,'MCHP',NULL,NULL,NULL,NULL,40,NULL);
INSERT INTO `security` (`id`, `SYMBOL`, `ISIN`, `RIC`, `CONID`, `UNDERLYING_FK`, `SECURITY_FAMILY_FK`, `INTREST_RATE_FAMILY_FK`) VALUES (131,'MU',NULL,NULL,NULL,NULL,40,NULL);
INSERT INTO `security` (`id`, `SYMBOL`, `ISIN`, `RIC`, `CONID`, `UNDERLYING_FK`, `SECURITY_FAMILY_FK`, `INTREST_RATE_FAMILY_FK`) VALUES (132,'MYL',NULL,NULL,NULL,NULL,40,NULL);
INSERT INTO `security` (`id`, `SYMBOL`, `ISIN`, `RIC`, `CONID`, `UNDERLYING_FK`, `SECURITY_FAMILY_FK`, `INTREST_RATE_FAMILY_FK`) VALUES (133,'NTAP',NULL,NULL,NULL,NULL,40,NULL);
INSERT INTO `security` (`id`, `SYMBOL`, `ISIN`, `RIC`, `CONID`, `UNDERLYING_FK`, `SECURITY_FAMILY_FK`, `INTREST_RATE_FAMILY_FK`) VALUES (134,'NFLX',NULL,NULL,NULL,NULL,40,NULL);
INSERT INTO `security` (`id`, `SYMBOL`, `ISIN`, `RIC`, `CONID`, `UNDERLYING_FK`, `SECURITY_FAMILY_FK`, `INTREST_RATE_FAMILY_FK`) VALUES (135,'NWSA',NULL,NULL,NULL,NULL,40,NULL);
INSERT INTO `security` (`id`, `SYMBOL`, `ISIN`, `RIC`, `CONID`, `UNDERLYING_FK`, `SECURITY_FAMILY_FK`, `INTREST_RATE_FAMILY_FK`) VALUES (136,'NIHD',NULL,NULL,NULL,NULL,40,NULL);
INSERT INTO `security` (`id`, `SYMBOL`, `ISIN`, `RIC`, `CONID`, `UNDERLYING_FK`, `SECURITY_FAMILY_FK`, `INTREST_RATE_FAMILY_FK`) VALUES (137,'NVDA',NULL,NULL,NULL,NULL,40,NULL);
INSERT INTO `security` (`id`, `SYMBOL`, `ISIN`, `RIC`, `CONID`, `UNDERLYING_FK`, `SECURITY_FAMILY_FK`, `INTREST_RATE_FAMILY_FK`) VALUES (138,'ORLY',NULL,NULL,NULL,NULL,40,NULL);
INSERT INTO `security` (`id`, `SYMBOL`, `ISIN`, `RIC`, `CONID`, `UNDERLYING_FK`, `SECURITY_FAMILY_FK`, `INTREST_RATE_FAMILY_FK`) VALUES (139,'ORCL',NULL,NULL,NULL,NULL,40,NULL);
INSERT INTO `security` (`id`, `SYMBOL`, `ISIN`, `RIC`, `CONID`, `UNDERLYING_FK`, `SECURITY_FAMILY_FK`, `INTREST_RATE_FAMILY_FK`) VALUES (140,'PCAR',NULL,NULL,NULL,NULL,40,NULL);
INSERT INTO `security` (`id`, `SYMBOL`, `ISIN`, `RIC`, `CONID`, `UNDERLYING_FK`, `SECURITY_FAMILY_FK`, `INTREST_RATE_FAMILY_FK`) VALUES (141,'PAYX',NULL,NULL,NULL,NULL,40,NULL);
INSERT INTO `security` (`id`, `SYMBOL`, `ISIN`, `RIC`, `CONID`, `UNDERLYING_FK`, `SECURITY_FAMILY_FK`, `INTREST_RATE_FAMILY_FK`) VALUES (142,'PCLN',NULL,NULL,NULL,NULL,40,NULL);
INSERT INTO `security` (`id`, `SYMBOL`, `ISIN`, `RIC`, `CONID`, `UNDERLYING_FK`, `SECURITY_FAMILY_FK`, `INTREST_RATE_FAMILY_FK`) VALUES (143,'QGEN',NULL,NULL,NULL,NULL,40,NULL);
INSERT INTO `security` (`id`, `SYMBOL`, `ISIN`, `RIC`, `CONID`, `UNDERLYING_FK`, `SECURITY_FAMILY_FK`, `INTREST_RATE_FAMILY_FK`) VALUES (144,'QCOM',NULL,NULL,NULL,NULL,40,NULL);
INSERT INTO `security` (`id`, `SYMBOL`, `ISIN`, `RIC`, `CONID`, `UNDERLYING_FK`, `SECURITY_FAMILY_FK`, `INTREST_RATE_FAMILY_FK`) VALUES (145,'RIMM',NULL,NULL,NULL,NULL,40,NULL);
INSERT INTO `security` (`id`, `SYMBOL`, `ISIN`, `RIC`, `CONID`, `UNDERLYING_FK`, `SECURITY_FAMILY_FK`, `INTREST_RATE_FAMILY_FK`) VALUES (146,'ROST',NULL,NULL,NULL,NULL,40,NULL);
INSERT INTO `security` (`id`, `SYMBOL`, `ISIN`, `RIC`, `CONID`, `UNDERLYING_FK`, `SECURITY_FAMILY_FK`, `INTREST_RATE_FAMILY_FK`) VALUES (147,'SNDK',NULL,NULL,NULL,NULL,40,NULL);
INSERT INTO `security` (`id`, `SYMBOL`, `ISIN`, `RIC`, `CONID`, `UNDERLYING_FK`, `SECURITY_FAMILY_FK`, `INTREST_RATE_FAMILY_FK`) VALUES (148,'STX',NULL,NULL,NULL,NULL,40,NULL);
INSERT INTO `security` (`id`, `SYMBOL`, `ISIN`, `RIC`, `CONID`, `UNDERLYING_FK`, `SECURITY_FAMILY_FK`, `INTREST_RATE_FAMILY_FK`) VALUES (149,'SHLD',NULL,NULL,NULL,NULL,40,NULL);
INSERT INTO `security` (`id`, `SYMBOL`, `ISIN`, `RIC`, `CONID`, `UNDERLYING_FK`, `SECURITY_FAMILY_FK`, `INTREST_RATE_FAMILY_FK`) VALUES (150,'SIAL',NULL,NULL,NULL,NULL,40,NULL);
INSERT INTO `security` (`id`, `SYMBOL`, `ISIN`, `RIC`, `CONID`, `UNDERLYING_FK`, `SECURITY_FAMILY_FK`, `INTREST_RATE_FAMILY_FK`) VALUES (151,'SIRI',NULL,NULL,NULL,NULL,40,NULL);
INSERT INTO `security` (`id`, `SYMBOL`, `ISIN`, `RIC`, `CONID`, `UNDERLYING_FK`, `SECURITY_FAMILY_FK`, `INTREST_RATE_FAMILY_FK`) VALUES (152,'SPLS',NULL,NULL,NULL,NULL,40,NULL);
INSERT INTO `security` (`id`, `SYMBOL`, `ISIN`, `RIC`, `CONID`, `UNDERLYING_FK`, `SECURITY_FAMILY_FK`, `INTREST_RATE_FAMILY_FK`) VALUES (153,'SBUX',NULL,NULL,NULL,NULL,40,NULL);
INSERT INTO `security` (`id`, `SYMBOL`, `ISIN`, `RIC`, `CONID`, `UNDERLYING_FK`, `SECURITY_FAMILY_FK`, `INTREST_RATE_FAMILY_FK`) VALUES (154,'SRCL',NULL,NULL,NULL,NULL,40,NULL);
INSERT INTO `security` (`id`, `SYMBOL`, `ISIN`, `RIC`, `CONID`, `UNDERLYING_FK`, `SECURITY_FAMILY_FK`, `INTREST_RATE_FAMILY_FK`) VALUES (155,'SYMC',NULL,NULL,NULL,NULL,40,NULL);
INSERT INTO `security` (`id`, `SYMBOL`, `ISIN`, `RIC`, `CONID`, `UNDERLYING_FK`, `SECURITY_FAMILY_FK`, `INTREST_RATE_FAMILY_FK`) VALUES (156,'TEVA',NULL,NULL,NULL,NULL,40,NULL);
INSERT INTO `security` (`id`, `SYMBOL`, `ISIN`, `RIC`, `CONID`, `UNDERLYING_FK`, `SECURITY_FAMILY_FK`, `INTREST_RATE_FAMILY_FK`) VALUES (157,'URBN',NULL,NULL,NULL,NULL,40,NULL);
INSERT INTO `security` (`id`, `SYMBOL`, `ISIN`, `RIC`, `CONID`, `UNDERLYING_FK`, `SECURITY_FAMILY_FK`, `INTREST_RATE_FAMILY_FK`) VALUES (158,'VRSN',NULL,NULL,NULL,NULL,40,NULL);
INSERT INTO `security` (`id`, `SYMBOL`, `ISIN`, `RIC`, `CONID`, `UNDERLYING_FK`, `SECURITY_FAMILY_FK`, `INTREST_RATE_FAMILY_FK`) VALUES (159,'VRTX',NULL,NULL,NULL,NULL,40,NULL);
INSERT INTO `security` (`id`, `SYMBOL`, `ISIN`, `RIC`, `CONID`, `UNDERLYING_FK`, `SECURITY_FAMILY_FK`, `INTREST_RATE_FAMILY_FK`) VALUES (160,'VMED',NULL,NULL,NULL,NULL,40,NULL);
INSERT INTO `security` (`id`, `SYMBOL`, `ISIN`, `RIC`, `CONID`, `UNDERLYING_FK`, `SECURITY_FAMILY_FK`, `INTREST_RATE_FAMILY_FK`) VALUES (161,'VOD',NULL,NULL,NULL,NULL,40,NULL);
INSERT INTO `security` (`id`, `SYMBOL`, `ISIN`, `RIC`, `CONID`, `UNDERLYING_FK`, `SECURITY_FAMILY_FK`, `INTREST_RATE_FAMILY_FK`) VALUES (162,'WCRX',NULL,NULL,NULL,NULL,40,NULL);
INSERT INTO `security` (`id`, `SYMBOL`, `ISIN`, `RIC`, `CONID`, `UNDERLYING_FK`, `SECURITY_FAMILY_FK`, `INTREST_RATE_FAMILY_FK`) VALUES (163,'WFM',NULL,NULL,NULL,NULL,40,NULL);
INSERT INTO `security` (`id`, `SYMBOL`, `ISIN`, `RIC`, `CONID`, `UNDERLYING_FK`, `SECURITY_FAMILY_FK`, `INTREST_RATE_FAMILY_FK`) VALUES (164,'WYNN',NULL,NULL,NULL,NULL,40,NULL);
INSERT INTO `security` (`id`, `SYMBOL`, `ISIN`, `RIC`, `CONID`, `UNDERLYING_FK`, `SECURITY_FAMILY_FK`, `INTREST_RATE_FAMILY_FK`) VALUES (165,'XLNX',NULL,NULL,NULL,NULL,40,NULL);
INSERT INTO `security` (`id`, `SYMBOL`, `ISIN`, `RIC`, `CONID`, `UNDERLYING_FK`, `SECURITY_FAMILY_FK`, `INTREST_RATE_FAMILY_FK`) VALUES (166,'YHOO',NULL,NULL,NULL,NULL,40,NULL);
/*!40000 ALTER TABLE `security` ENABLE KEYS */;
UNLOCK TABLES;

--
-- Dumping data for table `security_family`
--
-- WHERE:  id<1000

LOCK TABLES `security_family` WRITE;
/*!40000 ALTER TABLE `security_family` DISABLE KEYS */;
INSERT INTO `security_family` (`id`, `NAME`, `BASE_SYMBOL`, `RIC_ROOT`, `MARKET`, `CURRENCY`, `CONTRACT_SIZE`, `SCALE`, `TICK_SIZE_PATTERN`, `EXECUTION_COMMISSION`, `CLEARING_COMMISSION`, `MARKET_OPEN`, `MARKET_CLOSE`, `TRADEABLE`, `SIMULATABLE`, `SYNTHETIC`, `SPREAD_SLOPE`, `SPREAD_CONSTANT`, `MAX_SPREAD_SLOPE`, `MAX_SPREAD_CONSTANT`, `PERIODICITY`, `UNDERLYING_FK`) VALUES (1,'SMI',NULL,NULL,'SOFFEX','CHF',1,2,'0<0.1',0.00000,NULL,'09:00:00','17:20:00','\0','\0','\0',NULL,NULL,NULL,NULL,'MINUTE',NULL);
INSERT INTO `security_family` (`id`, `NAME`, `BASE_SYMBOL`, `RIC_ROOT`, `MARKET`, `CURRENCY`, `CONTRACT_SIZE`, `SCALE`, `TICK_SIZE_PATTERN`, `EXECUTION_COMMISSION`, `CLEARING_COMMISSION`, `MARKET_OPEN`, `MARKET_CLOSE`, `TRADEABLE`, `SIMULATABLE`, `SYNTHETIC`, `SPREAD_SLOPE`, `SPREAD_CONSTANT`, `MAX_SPREAD_SLOPE`, `MAX_SPREAD_CONSTANT`, `PERIODICITY`, `UNDERLYING_FK`) VALUES (2,'VSMI',NULL,NULL,'DTB','CHF',1,2,'0<0.01',NULL,NULL,'09:00:00','17:20:00','\0','\0','\0',NULL,NULL,NULL,NULL,'MINUTE',4);
INSERT INTO `security_family` (`id`, `NAME`, `BASE_SYMBOL`, `RIC_ROOT`, `MARKET`, `CURRENCY`, `CONTRACT_SIZE`, `SCALE`, `TICK_SIZE_PATTERN`, `EXECUTION_COMMISSION`, `CLEARING_COMMISSION`, `MARKET_OPEN`, `MARKET_CLOSE`, `TRADEABLE`, `SIMULATABLE`, `SYNTHETIC`, `SPREAD_SLOPE`, `SPREAD_CONSTANT`, `MAX_SPREAD_SLOPE`, `MAX_SPREAD_CONSTANT`, `PERIODICITY`, `UNDERLYING_FK`) VALUES (3,'SMI OPT','SMI',NULL,'SOFFEX','CHF',10,2,'0<0.1',2.40000,NULL,'09:10:00','17:10:00','','','\0',0.033,11.7,0.037,25,'MINUTE',4);
INSERT INTO `security_family` (`id`, `NAME`, `BASE_SYMBOL`, `RIC_ROOT`, `MARKET`, `CURRENCY`, `CONTRACT_SIZE`, `SCALE`, `TICK_SIZE_PATTERN`, `EXECUTION_COMMISSION`, `CLEARING_COMMISSION`, `MARKET_OPEN`, `MARKET_CLOSE`, `TRADEABLE`, `SIMULATABLE`, `SYNTHETIC`, `SPREAD_SLOPE`, `SPREAD_CONSTANT`, `MAX_SPREAD_SLOPE`, `MAX_SPREAD_CONSTANT`, `PERIODICITY`, `UNDERLYING_FK`) VALUES (4,'ESTX50',NULL,NULL,'DTB','EUR',1,2,'0<0.01',NULL,NULL,'09:00:00','17:30:00','\0','\0','\0',NULL,NULL,NULL,NULL,'MINUTE',NULL);
INSERT INTO `security_family` (`id`, `NAME`, `BASE_SYMBOL`, `RIC_ROOT`, `MARKET`, `CURRENCY`, `CONTRACT_SIZE`, `SCALE`, `TICK_SIZE_PATTERN`, `EXECUTION_COMMISSION`, `CLEARING_COMMISSION`, `MARKET_OPEN`, `MARKET_CLOSE`, `TRADEABLE`, `SIMULATABLE`, `SYNTHETIC`, `SPREAD_SLOPE`, `SPREAD_CONSTANT`, `MAX_SPREAD_SLOPE`, `MAX_SPREAD_CONSTANT`, `PERIODICITY`, `UNDERLYING_FK`) VALUES (5,'V2TX',NULL,NULL,'DTB','EUR',1,2,'0<0.01',NULL,NULL,'09:00:00','17:30:00','\0','\0','\0',NULL,NULL,NULL,NULL,'MINUTE',2);
INSERT INTO `security_family` (`id`, `NAME`, `BASE_SYMBOL`, `RIC_ROOT`, `MARKET`, `CURRENCY`, `CONTRACT_SIZE`, `SCALE`, `TICK_SIZE_PATTERN`, `EXECUTION_COMMISSION`, `CLEARING_COMMISSION`, `MARKET_OPEN`, `MARKET_CLOSE`, `TRADEABLE`, `SIMULATABLE`, `SYNTHETIC`, `SPREAD_SLOPE`, `SPREAD_CONSTANT`, `MAX_SPREAD_SLOPE`, `MAX_SPREAD_CONSTANT`, `PERIODICITY`, `UNDERLYING_FK`) VALUES (6,'ESX50 OPT','ESTX50',NULL,'DTB','EUR',10,2,'0<0.1',1.21000,NULL,'09:10:00','17:20:00','','','\0',0.0133,6.7265,0.015,20,'MINUTE',2);
INSERT INTO `security_family` (`id`, `NAME`, `BASE_SYMBOL`, `RIC_ROOT`, `MARKET`, `CURRENCY`, `CONTRACT_SIZE`, `SCALE`, `TICK_SIZE_PATTERN`, `EXECUTION_COMMISSION`, `CLEARING_COMMISSION`, `MARKET_OPEN`, `MARKET_CLOSE`, `TRADEABLE`, `SIMULATABLE`, `SYNTHETIC`, `SPREAD_SLOPE`, `SPREAD_CONSTANT`, `MAX_SPREAD_SLOPE`, `MAX_SPREAD_CONSTANT`, `PERIODICITY`, `UNDERLYING_FK`) VALUES (7,'DEPOSIT RATE CHF',NULL,NULL,'IDEALPRO','CHF',1,2,'0<0.01',NULL,NULL,'09:00:00','17:30:00','\0','\0','\0',NULL,NULL,NULL,NULL,'DAY',NULL);
INSERT INTO `security_family` (`id`, `NAME`, `BASE_SYMBOL`, `RIC_ROOT`, `MARKET`, `CURRENCY`, `CONTRACT_SIZE`, `SCALE`, `TICK_SIZE_PATTERN`, `EXECUTION_COMMISSION`, `CLEARING_COMMISSION`, `MARKET_OPEN`, `MARKET_CLOSE`, `TRADEABLE`, `SIMULATABLE`, `SYNTHETIC`, `SPREAD_SLOPE`, `SPREAD_CONSTANT`, `MAX_SPREAD_SLOPE`, `MAX_SPREAD_CONSTANT`, `PERIODICITY`, `UNDERLYING_FK`) VALUES (8,'CHF FX',NULL,NULL,'IDEALPRO','CHF',1,5,'0<0.00005',0.00002,NULL,'07:00:00','23:00:00','','\0','\0',0,0.0001,0,0.0004,'HOUR',NULL);
INSERT INTO `security_family` (`id`, `NAME`, `BASE_SYMBOL`, `RIC_ROOT`, `MARKET`, `CURRENCY`, `CONTRACT_SIZE`, `SCALE`, `TICK_SIZE_PATTERN`, `EXECUTION_COMMISSION`, `CLEARING_COMMISSION`, `MARKET_OPEN`, `MARKET_CLOSE`, `TRADEABLE`, `SIMULATABLE`, `SYNTHETIC`, `SPREAD_SLOPE`, `SPREAD_CONSTANT`, `MAX_SPREAD_SLOPE`, `MAX_SPREAD_CONSTANT`, `PERIODICITY`, `UNDERLYING_FK`) VALUES (9,'USD FX',NULL,NULL,'IDEALPRO','USD',1,5,'0<0.00005',0.00002,NULL,'07:00:00','23:00:00','','\0','\0',0,0.0001,0,0.0004,'HOUR',NULL);
INSERT INTO `security_family` (`id`, `NAME`, `BASE_SYMBOL`, `RIC_ROOT`, `MARKET`, `CURRENCY`, `CONTRACT_SIZE`, `SCALE`, `TICK_SIZE_PATTERN`, `EXECUTION_COMMISSION`, `CLEARING_COMMISSION`, `MARKET_OPEN`, `MARKET_CLOSE`, `TRADEABLE`, `SIMULATABLE`, `SYNTHETIC`, `SPREAD_SLOPE`, `SPREAD_CONSTANT`, `MAX_SPREAD_SLOPE`, `MAX_SPREAD_CONSTANT`, `PERIODICITY`, `UNDERLYING_FK`) VALUES (10,'SMI FUT','SMI',NULL,'SOFFEX','CHF',10,2,'0<1.0',4.00000,NULL,'07:50:00','22:00:00','','','\0',0.0003,0,0.037,25,'MINUTE',4);
INSERT INTO `security_family` (`id`, `NAME`, `BASE_SYMBOL`, `RIC_ROOT`, `MARKET`, `CURRENCY`, `CONTRACT_SIZE`, `SCALE`, `TICK_SIZE_PATTERN`, `EXECUTION_COMMISSION`, `CLEARING_COMMISSION`, `MARKET_OPEN`, `MARKET_CLOSE`, `TRADEABLE`, `SIMULATABLE`, `SYNTHETIC`, `SPREAD_SLOPE`, `SPREAD_CONSTANT`, `MAX_SPREAD_SLOPE`, `MAX_SPREAD_CONSTANT`, `PERIODICITY`, `UNDERLYING_FK`) VALUES (11,'SPX',NULL,NULL,'CBOE','USD',1,2,'0<0.01',0.00000,NULL,'15:30:00','22:00:00','\0','\0','\0',NULL,NULL,NULL,NULL,'MINUTE',NULL);
INSERT INTO `security_family` (`id`, `NAME`, `BASE_SYMBOL`, `RIC_ROOT`, `MARKET`, `CURRENCY`, `CONTRACT_SIZE`, `SCALE`, `TICK_SIZE_PATTERN`, `EXECUTION_COMMISSION`, `CLEARING_COMMISSION`, `MARKET_OPEN`, `MARKET_CLOSE`, `TRADEABLE`, `SIMULATABLE`, `SYNTHETIC`, `SPREAD_SLOPE`, `SPREAD_CONSTANT`, `MAX_SPREAD_SLOPE`, `MAX_SPREAD_CONSTANT`, `PERIODICITY`, `UNDERLYING_FK`) VALUES (12,'ES GEN FUT','ES',NULL,'GLOBEX','USD',1,2,'0<0.01',0.00000,NULL,'08:00:00','18:00:00','\0','\0','\0',NULL,NULL,NULL,NULL,'HOUR',NULL);
INSERT INTO `security_family` (`id`, `NAME`, `BASE_SYMBOL`, `RIC_ROOT`, `MARKET`, `CURRENCY`, `CONTRACT_SIZE`, `SCALE`, `TICK_SIZE_PATTERN`, `EXECUTION_COMMISSION`, `CLEARING_COMMISSION`, `MARKET_OPEN`, `MARKET_CLOSE`, `TRADEABLE`, `SIMULATABLE`, `SYNTHETIC`, `SPREAD_SLOPE`, `SPREAD_CONSTANT`, `MAX_SPREAD_SLOPE`, `MAX_SPREAD_CONSTANT`, `PERIODICITY`, `UNDERLYING_FK`) VALUES (13,'LH GEN FUT','LH',NULL,'CME','USD',1,2,'0<0.01',0.00000,NULL,'08:00:00','18:00:00','\0','\0','\0',NULL,NULL,NULL,NULL,'HOUR',NULL);
INSERT INTO `security_family` (`id`, `NAME`, `BASE_SYMBOL`, `RIC_ROOT`, `MARKET`, `CURRENCY`, `CONTRACT_SIZE`, `SCALE`, `TICK_SIZE_PATTERN`, `EXECUTION_COMMISSION`, `CLEARING_COMMISSION`, `MARKET_OPEN`, `MARKET_CLOSE`, `TRADEABLE`, `SIMULATABLE`, `SYNTHETIC`, `SPREAD_SLOPE`, `SPREAD_CONSTANT`, `MAX_SPREAD_SLOPE`, `MAX_SPREAD_CONSTANT`, `PERIODICITY`, `UNDERLYING_FK`) VALUES (14,'NG GEN FUT','NG',NULL,'NYMEX','USD',1,2,'0<0.01',0.00000,NULL,'08:00:00','18:00:00','\0','\0','\0',NULL,NULL,NULL,NULL,'HOUR',NULL);
INSERT INTO `security_family` (`id`, `NAME`, `BASE_SYMBOL`, `RIC_ROOT`, `MARKET`, `CURRENCY`, `CONTRACT_SIZE`, `SCALE`, `TICK_SIZE_PATTERN`, `EXECUTION_COMMISSION`, `CLEARING_COMMISSION`, `MARKET_OPEN`, `MARKET_CLOSE`, `TRADEABLE`, `SIMULATABLE`, `SYNTHETIC`, `SPREAD_SLOPE`, `SPREAD_CONSTANT`, `MAX_SPREAD_SLOPE`, `MAX_SPREAD_CONSTANT`, `PERIODICITY`, `UNDERLYING_FK`) VALUES (20,'VIX',NULL,NULL,'CBOE','USD',1,2,'0<0.01',NULL,NULL,'15:30:00','22:10:00','\0','\0','\0',NULL,NULL,NULL,NULL,'MINUTE',12);
INSERT INTO `security_family` (`id`, `NAME`, `BASE_SYMBOL`, `RIC_ROOT`, `MARKET`, `CURRENCY`, `CONTRACT_SIZE`, `SCALE`, `TICK_SIZE_PATTERN`, `EXECUTION_COMMISSION`, `CLEARING_COMMISSION`, `MARKET_OPEN`, `MARKET_CLOSE`, `TRADEABLE`, `SIMULATABLE`, `SYNTHETIC`, `SPREAD_SLOPE`, `SPREAD_CONSTANT`, `MAX_SPREAD_SLOPE`, `MAX_SPREAD_CONSTANT`, `PERIODICITY`, `UNDERLYING_FK`) VALUES (21,'UX',NULL,NULL,'CFE','USD',1000,2,'0<0.05',NULL,NULL,'14:00:00','22:15:00','\0','\0','\0',NULL,NULL,NULL,NULL,NULL,29);
INSERT INTO `security_family` (`id`, `NAME`, `BASE_SYMBOL`, `RIC_ROOT`, `MARKET`, `CURRENCY`, `CONTRACT_SIZE`, `SCALE`, `TICK_SIZE_PATTERN`, `EXECUTION_COMMISSION`, `CLEARING_COMMISSION`, `MARKET_OPEN`, `MARKET_CLOSE`, `TRADEABLE`, `SIMULATABLE`, `SYNTHETIC`, `SPREAD_SLOPE`, `SPREAD_CONSTANT`, `MAX_SPREAD_SLOPE`, `MAX_SPREAD_CONSTANT`, `PERIODICITY`, `UNDERLYING_FK`) VALUES (22,'VIX FUT','VIX','VX','CFE','USD',1000,2,'0<0.05',1.97000,0.75000,'14:05:00','22:10:00','','','\0',0,75,0,400,'MINUTE',29);
INSERT INTO `security_family` (`id`, `NAME`, `BASE_SYMBOL`, `RIC_ROOT`, `MARKET`, `CURRENCY`, `CONTRACT_SIZE`, `SCALE`, `TICK_SIZE_PATTERN`, `EXECUTION_COMMISSION`, `CLEARING_COMMISSION`, `MARKET_OPEN`, `MARKET_CLOSE`, `TRADEABLE`, `SIMULATABLE`, `SYNTHETIC`, `SPREAD_SLOPE`, `SPREAD_CONSTANT`, `MAX_SPREAD_SLOPE`, `MAX_SPREAD_CONSTANT`, `PERIODICITY`, `UNDERLYING_FK`) VALUES (23,'VIX MINI FUT','VM',NULL,'CFE','USD',100,2,'0<0.05',1.97000,NULL,'14:00:00','22:15:00','','','\0',0,75,0,400,'MINUTE',29);
INSERT INTO `security_family` (`id`, `NAME`, `BASE_SYMBOL`, `RIC_ROOT`, `MARKET`, `CURRENCY`, `CONTRACT_SIZE`, `SCALE`, `TICK_SIZE_PATTERN`, `EXECUTION_COMMISSION`, `CLEARING_COMMISSION`, `MARKET_OPEN`, `MARKET_CLOSE`, `TRADEABLE`, `SIMULATABLE`, `SYNTHETIC`, `SPREAD_SLOPE`, `SPREAD_CONSTANT`, `MAX_SPREAD_SLOPE`, `MAX_SPREAD_CONSTANT`, `PERIODICITY`, `UNDERLYING_FK`) VALUES (24,'SPX OPT','SPX',NULL,'CBOE','USD',100,2,'0<0.05 | 3<0.1',1.02000,NULL,'15:30:00','22:15:00','','','\0',0.013,6.726,0.015,20,'MINUTE',12);
INSERT INTO `security_family` (`id`, `NAME`, `BASE_SYMBOL`, `RIC_ROOT`, `MARKET`, `CURRENCY`, `CONTRACT_SIZE`, `SCALE`, `TICK_SIZE_PATTERN`, `EXECUTION_COMMISSION`, `CLEARING_COMMISSION`, `MARKET_OPEN`, `MARKET_CLOSE`, `TRADEABLE`, `SIMULATABLE`, `SYNTHETIC`, `SPREAD_SLOPE`, `SPREAD_CONSTANT`, `MAX_SPREAD_SLOPE`, `MAX_SPREAD_CONSTANT`, `PERIODICITY`, `UNDERLYING_FK`) VALUES (25,'SPX IVOL',NULL,NULL,'CBOE','USD',1,4,'0<0.0001',NULL,NULL,'15:30:00','22:15:00','\0','\0','\0',NULL,NULL,NULL,NULL,NULL,12);
INSERT INTO `security_family` (`id`, `NAME`, `BASE_SYMBOL`, `RIC_ROOT`, `MARKET`, `CURRENCY`, `CONTRACT_SIZE`, `SCALE`, `TICK_SIZE_PATTERN`, `EXECUTION_COMMISSION`, `CLEARING_COMMISSION`, `MARKET_OPEN`, `MARKET_CLOSE`, `TRADEABLE`, `SIMULATABLE`, `SYNTHETIC`, `SPREAD_SLOPE`, `SPREAD_CONSTANT`, `MAX_SPREAD_SLOPE`, `MAX_SPREAD_CONSTANT`, `PERIODICITY`, `UNDERLYING_FK`) VALUES (26,'VIX OPT','VIX','VIX','CBOE','USD',100,2,'0<0.05 | 3<0.1',1.46000,0.65000,'15:35:00','22:10:00','','','\0',0.013,6.726,0.015,20,'MINUTE',29);
INSERT INTO `security_family` (`id`, `NAME`, `BASE_SYMBOL`, `RIC_ROOT`, `MARKET`, `CURRENCY`, `CONTRACT_SIZE`, `SCALE`, `TICK_SIZE_PATTERN`, `EXECUTION_COMMISSION`, `CLEARING_COMMISSION`, `MARKET_OPEN`, `MARKET_CLOSE`, `TRADEABLE`, `SIMULATABLE`, `SYNTHETIC`, `SPREAD_SLOPE`, `SPREAD_CONSTANT`, `MAX_SPREAD_SLOPE`, `MAX_SPREAD_CONSTANT`, `PERIODICITY`, `UNDERLYING_FK`) VALUES (40,'NASDAQ',NULL,NULL,'SMART','USD',1,2,'0<0.01',0.00000,NULL,'00:00:00','23:59:59','','\0','\0',NULL,NULL,NULL,NULL,'MINUTE',NULL);
INSERT INTO `security_family` (`id`, `NAME`, `BASE_SYMBOL`, `RIC_ROOT`, `MARKET`, `CURRENCY`, `CONTRACT_SIZE`, `SCALE`, `TICK_SIZE_PATTERN`, `EXECUTION_COMMISSION`, `CLEARING_COMMISSION`, `MARKET_OPEN`, `MARKET_CLOSE`, `TRADEABLE`, `SIMULATABLE`, `SYNTHETIC`, `SPREAD_SLOPE`, `SPREAD_CONSTANT`, `MAX_SPREAD_SLOPE`, `MAX_SPREAD_CONSTANT`, `PERIODICITY`, `UNDERLYING_FK`) VALUES (41,'NYSE',NULL,NULL,'SMART','USD',1,2,'0<0.01',0.00000,NULL,'00:00:00','23:59:59','','\0','\0',NULL,NULL,NULL,NULL,'MINUTE',NULL);
INSERT INTO `security_family` (`id`, `NAME`, `BASE_SYMBOL`, `RIC_ROOT`, `MARKET`, `CURRENCY`, `CONTRACT_SIZE`, `SCALE`, `TICK_SIZE_PATTERN`, `EXECUTION_COMMISSION`, `CLEARING_COMMISSION`, `MARKET_OPEN`, `MARKET_CLOSE`, `TRADEABLE`, `SIMULATABLE`, `SYNTHETIC`, `SPREAD_SLOPE`, `SPREAD_CONSTANT`, `MAX_SPREAD_SLOPE`, `MAX_SPREAD_CONSTANT`, `PERIODICITY`, `UNDERLYING_FK`) VALUES (42,'VIX FUT COMBI',NULL,NULL,'CFE','USD',1000,2,'0<0.05',NULL,NULL,'14:00:00','22:15:00','\0','\0','',NULL,NULL,NULL,NULL,NULL,29);
INSERT INTO `security_family` (`id`, `NAME`, `BASE_SYMBOL`, `RIC_ROOT`, `MARKET`, `CURRENCY`, `CONTRACT_SIZE`, `SCALE`, `TICK_SIZE_PATTERN`, `EXECUTION_COMMISSION`, `CLEARING_COMMISSION`, `MARKET_OPEN`, `MARKET_CLOSE`, `TRADEABLE`, `SIMULATABLE`, `SYNTHETIC`, `SPREAD_SLOPE`, `SPREAD_CONSTANT`, `MAX_SPREAD_SLOPE`, `MAX_SPREAD_CONSTANT`, `PERIODICITY`, `UNDERLYING_FK`) VALUES (43,'VIX OPT COMBI',NULL,NULL,'CBOE','USD',100,2,'0<0.05 | 3<0.1',1.02000,NULL,'15:35:00','22:15:00','\0','\0','',NULL,NULL,NULL,NULL,NULL,29);
INSERT INTO `security_family` (`id`, `NAME`, `BASE_SYMBOL`, `RIC_ROOT`, `MARKET`, `CURRENCY`, `CONTRACT_SIZE`, `SCALE`, `TICK_SIZE_PATTERN`, `EXECUTION_COMMISSION`, `CLEARING_COMMISSION`, `MARKET_OPEN`, `MARKET_CLOSE`, `TRADEABLE`, `SIMULATABLE`, `SYNTHETIC`, `SPREAD_SLOPE`, `SPREAD_CONSTANT`, `MAX_SPREAD_SLOPE`, `MAX_SPREAD_CONSTANT`, `PERIODICITY`, `UNDERLYING_FK`) VALUES (44,'EUR.USD MICRO FUT','M6E','M6E','GLOBEX','USD',12500,4,'0<0.0001',0.33000,NULL,'15:30:00','23:00:00','','\0','\0',0,0.0001,0,0.0004,'MINUTE',10);
/*!40000 ALTER TABLE `security_family` ENABLE KEYS */;
UNLOCK TABLES;

--
-- Dumping data for table `stock`
--
-- WHERE:  id<1000

LOCK TABLES `stock` WRITE;
/*!40000 ALTER TABLE `stock` DISABLE KEYS */;
INSERT INTO `stock` (`ID`) VALUES (40);
INSERT INTO `stock` (`ID`) VALUES (41);
INSERT INTO `stock` (`ID`) VALUES (42);
INSERT INTO `stock` (`ID`) VALUES (43);
INSERT INTO `stock` (`ID`) VALUES (44);
INSERT INTO `stock` (`ID`) VALUES (45);
INSERT INTO `stock` (`ID`) VALUES (46);
INSERT INTO `stock` (`ID`) VALUES (47);
INSERT INTO `stock` (`ID`) VALUES (48);
INSERT INTO `stock` (`ID`) VALUES (49);
INSERT INTO `stock` (`ID`) VALUES (50);
INSERT INTO `stock` (`ID`) VALUES (51);
INSERT INTO `stock` (`ID`) VALUES (52);
INSERT INTO `stock` (`ID`) VALUES (53);
INSERT INTO `stock` (`ID`) VALUES (54);
INSERT INTO `stock` (`ID`) VALUES (55);
INSERT INTO `stock` (`ID`) VALUES (56);
INSERT INTO `stock` (`ID`) VALUES (57);
INSERT INTO `stock` (`ID`) VALUES (58);
INSERT INTO `stock` (`ID`) VALUES (59);
INSERT INTO `stock` (`ID`) VALUES (60);
INSERT INTO `stock` (`ID`) VALUES (61);
INSERT INTO `stock` (`ID`) VALUES (62);
INSERT INTO `stock` (`ID`) VALUES (63);
INSERT INTO `stock` (`ID`) VALUES (64);
INSERT INTO `stock` (`ID`) VALUES (65);
INSERT INTO `stock` (`ID`) VALUES (66);
INSERT INTO `stock` (`ID`) VALUES (67);
INSERT INTO `stock` (`ID`) VALUES (68);
INSERT INTO `stock` (`ID`) VALUES (69);
INSERT INTO `stock` (`ID`) VALUES (70);
INSERT INTO `stock` (`ID`) VALUES (71);
INSERT INTO `stock` (`ID`) VALUES (72);
INSERT INTO `stock` (`ID`) VALUES (73);
INSERT INTO `stock` (`ID`) VALUES (74);
INSERT INTO `stock` (`ID`) VALUES (75);
INSERT INTO `stock` (`ID`) VALUES (76);
INSERT INTO `stock` (`ID`) VALUES (77);
INSERT INTO `stock` (`ID`) VALUES (78);
INSERT INTO `stock` (`ID`) VALUES (79);
INSERT INTO `stock` (`ID`) VALUES (80);
INSERT INTO `stock` (`ID`) VALUES (81);
INSERT INTO `stock` (`ID`) VALUES (82);
INSERT INTO `stock` (`ID`) VALUES (83);
INSERT INTO `stock` (`ID`) VALUES (84);
INSERT INTO `stock` (`ID`) VALUES (85);
INSERT INTO `stock` (`ID`) VALUES (86);
INSERT INTO `stock` (`ID`) VALUES (87);
INSERT INTO `stock` (`ID`) VALUES (88);
INSERT INTO `stock` (`ID`) VALUES (89);
INSERT INTO `stock` (`ID`) VALUES (90);
INSERT INTO `stock` (`ID`) VALUES (91);
INSERT INTO `stock` (`ID`) VALUES (92);
INSERT INTO `stock` (`ID`) VALUES (93);
INSERT INTO `stock` (`ID`) VALUES (94);
INSERT INTO `stock` (`ID`) VALUES (95);
INSERT INTO `stock` (`ID`) VALUES (96);
INSERT INTO `stock` (`ID`) VALUES (97);
INSERT INTO `stock` (`ID`) VALUES (98);
INSERT INTO `stock` (`ID`) VALUES (99);
INSERT INTO `stock` (`ID`) VALUES (100);
INSERT INTO `stock` (`ID`) VALUES (101);
INSERT INTO `stock` (`ID`) VALUES (102);
INSERT INTO `stock` (`ID`) VALUES (103);
INSERT INTO `stock` (`ID`) VALUES (104);
INSERT INTO `stock` (`ID`) VALUES (105);
INSERT INTO `stock` (`ID`) VALUES (106);
INSERT INTO `stock` (`ID`) VALUES (107);
INSERT INTO `stock` (`ID`) VALUES (108);
INSERT INTO `stock` (`ID`) VALUES (109);
INSERT INTO `stock` (`ID`) VALUES (110);
INSERT INTO `stock` (`ID`) VALUES (111);
INSERT INTO `stock` (`ID`) VALUES (112);
INSERT INTO `stock` (`ID`) VALUES (113);
INSERT INTO `stock` (`ID`) VALUES (114);
INSERT INTO `stock` (`ID`) VALUES (115);
INSERT INTO `stock` (`ID`) VALUES (116);
INSERT INTO `stock` (`ID`) VALUES (117);
INSERT INTO `stock` (`ID`) VALUES (118);
INSERT INTO `stock` (`ID`) VALUES (119);
INSERT INTO `stock` (`ID`) VALUES (120);
INSERT INTO `stock` (`ID`) VALUES (121);
INSERT INTO `stock` (`ID`) VALUES (122);
INSERT INTO `stock` (`ID`) VALUES (123);
INSERT INTO `stock` (`ID`) VALUES (124);
INSERT INTO `stock` (`ID`) VALUES (125);
INSERT INTO `stock` (`ID`) VALUES (126);
INSERT INTO `stock` (`ID`) VALUES (127);
INSERT INTO `stock` (`ID`) VALUES (128);
INSERT INTO `stock` (`ID`) VALUES (129);
INSERT INTO `stock` (`ID`) VALUES (130);
INSERT INTO `stock` (`ID`) VALUES (131);
INSERT INTO `stock` (`ID`) VALUES (132);
INSERT INTO `stock` (`ID`) VALUES (133);
INSERT INTO `stock` (`ID`) VALUES (134);
INSERT INTO `stock` (`ID`) VALUES (135);
INSERT INTO `stock` (`ID`) VALUES (136);
INSERT INTO `stock` (`ID`) VALUES (137);
INSERT INTO `stock` (`ID`) VALUES (138);
INSERT INTO `stock` (`ID`) VALUES (139);
INSERT INTO `stock` (`ID`) VALUES (140);
INSERT INTO `stock` (`ID`) VALUES (141);
INSERT INTO `stock` (`ID`) VALUES (142);
INSERT INTO `stock` (`ID`) VALUES (143);
INSERT INTO `stock` (`ID`) VALUES (144);
INSERT INTO `stock` (`ID`) VALUES (145);
INSERT INTO `stock` (`ID`) VALUES (146);
INSERT INTO `stock` (`ID`) VALUES (147);
INSERT INTO `stock` (`ID`) VALUES (148);
INSERT INTO `stock` (`ID`) VALUES (149);
INSERT INTO `stock` (`ID`) VALUES (150);
INSERT INTO `stock` (`ID`) VALUES (151);
INSERT INTO `stock` (`ID`) VALUES (152);
INSERT INTO `stock` (`ID`) VALUES (153);
INSERT INTO `stock` (`ID`) VALUES (154);
INSERT INTO `stock` (`ID`) VALUES (155);
INSERT INTO `stock` (`ID`) VALUES (156);
INSERT INTO `stock` (`ID`) VALUES (157);
INSERT INTO `stock` (`ID`) VALUES (158);
INSERT INTO `stock` (`ID`) VALUES (159);
INSERT INTO `stock` (`ID`) VALUES (160);
INSERT INTO `stock` (`ID`) VALUES (161);
INSERT INTO `stock` (`ID`) VALUES (162);
INSERT INTO `stock` (`ID`) VALUES (163);
INSERT INTO `stock` (`ID`) VALUES (164);
INSERT INTO `stock` (`ID`) VALUES (165);
INSERT INTO `stock` (`ID`) VALUES (166);
/*!40000 ALTER TABLE `stock` ENABLE KEYS */;
UNLOCK TABLES;

--
-- Dumping data for table `stock_option_family`
--
-- WHERE:  id<1000

LOCK TABLES `stock_option_family` WRITE;
/*!40000 ALTER TABLE `stock_option_family` DISABLE KEYS */;
INSERT INTO `stock_option_family` (`ID`, `STRIKE_DISTANCE`, `INTREST`, `DIVIDEND`, `MARGIN_PARAMETER`, `EXPIRATION_TYPE`) VALUES (3,50,0.0015,0.03,0.075,'NEXT_3_RD_FRIDAY');
INSERT INTO `stock_option_family` (`ID`, `STRIKE_DISTANCE`, `INTREST`, `DIVIDEND`, `MARGIN_PARAMETER`, `EXPIRATION_TYPE`) VALUES (6,25,0.006,0.03,0.075,'NEXT_3_RD_FRIDAY');
INSERT INTO `stock_option_family` (`ID`, `STRIKE_DISTANCE`, `INTREST`, `DIVIDEND`, `MARGIN_PARAMETER`, `EXPIRATION_TYPE`) VALUES (24,5,0.009,0.02,0.075,'NEXT_3_RD_FRIDAY');
INSERT INTO `stock_option_family` (`ID`, `STRIKE_DISTANCE`, `INTREST`, `DIVIDEND`, `MARGIN_PARAMETER`, `EXPIRATION_TYPE`) VALUES (26,1,0.01,0,0.075,'NEXT_3_RD_FRIDAY');
/*!40000 ALTER TABLE `stock_option_family` ENABLE KEYS */;
UNLOCK TABLES;

--
-- Dumping data for table `strategy`
--
-- WHERE:  id<1000

LOCK TABLES `strategy` WRITE;
/*!40000 ALTER TABLE `strategy` DISABLE KEYS */;
INSERT INTO `strategy` (`id`, `NAME`, `AUTO_ACTIVATE`, `ALLOCATION`, `INIT_MODULES`, `RUN_MODULES`) VALUES (1,'BASE','',-1,'market-data,combination,current-values,market-data-simulation,trades,portfolio,performance,algo,ib-market-data',NULL);
INSERT INTO `strategy` (`id`, `NAME`, `AUTO_ACTIVATE`, `ALLOCATION`, `INIT_MODULES`, `RUN_MODULES`) VALUES (2,'SMI','\0',0,'theta-init,theta-main',NULL);
INSERT INTO `strategy` (`id`, `NAME`, `AUTO_ACTIVATE`, `ALLOCATION`, `INIT_MODULES`, `RUN_MODULES`) VALUES (3,'ESTX50','\0',0,'theta-init,theta-main',NULL);
INSERT INTO `strategy` (`id`, `NAME`, `AUTO_ACTIVATE`, `ALLOCATION`, `INIT_MODULES`, `RUN_MODULES`) VALUES (4,'MULTIIND','\0',0,'multiind-movavcross,multiind-main',NULL);
INSERT INTO `strategy` (`id`, `NAME`, `AUTO_ACTIVATE`, `ALLOCATION`, `INIT_MODULES`, `RUN_MODULES`) VALUES (5,'MACRO','',0,'market-data-fo,market-data-vix,exposure,direction,macro-init','subscription,macro-run');
INSERT INTO `strategy` (`id`, `NAME`, `AUTO_ACTIVATE`, `ALLOCATION`, `INIT_MODULES`, `RUN_MODULES`) VALUES (6,'TAILHEDGE','',1,'market-data-fo,exposure,direction,subscription,tailhedge',NULL);
INSERT INTO `strategy` (`id`, `NAME`, `AUTO_ACTIVATE`, `ALLOCATION`, `INIT_MODULES`, `RUN_MODULES`) VALUES (7,'STATIC','',0.25,'market-data-fo,market-data-vix,exposure,direction,subscription,volcarry,signal,static',NULL);
INSERT INTO `strategy` (`id`, `NAME`, `AUTO_ACTIVATE`, `ALLOCATION`, `INIT_MODULES`, `RUN_MODULES`) VALUES (8,'FIXED','',0.25,'market-data-fo,market-data-vix,exposure,direction,subscription,volcarry,signal,intraday',NULL);
INSERT INTO `strategy` (`id`, `NAME`, `AUTO_ACTIVATE`, `ALLOCATION`, `INIT_MODULES`, `RUN_MODULES`) VALUES (9,'ATR','',0.25,'market-data-fo,market-data-vix,exposure,direction,subscription,volcarry,signal,intraday,bars,atr',NULL);
INSERT INTO `strategy` (`id`, `NAME`, `AUTO_ACTIVATE`, `ALLOCATION`, `INIT_MODULES`, `RUN_MODULES`) VALUES (10,'ROLLYIELD','',0.25,'market-data-fo,market-data-vix,exposure,subscription,bars,rollyield,volcarry',NULL);
INSERT INTO `strategy` (`id`, `NAME`, `AUTO_ACTIVATE`, `ALLOCATION`, `INIT_MODULES`, `RUN_MODULES`) VALUES (20,'PERIODIC','\0',0,'periodic-main',NULL);
/*!40000 ALTER TABLE `strategy` ENABLE KEYS */;
UNLOCK TABLES;

--
-- Dumping data for table `subscription`
--
-- WHERE:  id<1000

LOCK TABLES `subscription` WRITE;
/*!40000 ALTER TABLE `subscription` DISABLE KEYS */;
INSERT INTO `subscription` (`id`, `PERSISTENT`, `SECURITY_FK`, `STRATEGY_FK`) VALUES (1,'',2,3);
INSERT INTO `subscription` (`id`, `PERSISTENT`, `SECURITY_FK`, `STRATEGY_FK`) VALUES (2,'',3,3);
INSERT INTO `subscription` (`id`, `PERSISTENT`, `SECURITY_FK`, `STRATEGY_FK`) VALUES (3,'',4,2);
INSERT INTO `subscription` (`id`, `PERSISTENT`, `SECURITY_FK`, `STRATEGY_FK`) VALUES (4,'',8,2);
INSERT INTO `subscription` (`id`, `PERSISTENT`, `SECURITY_FK`, `STRATEGY_FK`) VALUES (5,'',5,2);
INSERT INTO `subscription` (`id`, `PERSISTENT`, `SECURITY_FK`, `STRATEGY_FK`) VALUES (6,'',12,4);
INSERT INTO `subscription` (`id`, `PERSISTENT`, `SECURITY_FK`, `STRATEGY_FK`) VALUES (7,'',13,4);
INSERT INTO `subscription` (`id`, `PERSISTENT`, `SECURITY_FK`, `STRATEGY_FK`) VALUES (8,'',14,4);
INSERT INTO `subscription` (`id`, `PERSISTENT`, `SECURITY_FK`, `STRATEGY_FK`) VALUES (9,'',15,4);
INSERT INTO `subscription` (`id`, `PERSISTENT`, `SECURITY_FK`, `STRATEGY_FK`) VALUES (10,'',10,5);
INSERT INTO `subscription` (`id`, `PERSISTENT`, `SECURITY_FK`, `STRATEGY_FK`) VALUES (11,'',29,5);
INSERT INTO `subscription` (`id`, `PERSISTENT`, `SECURITY_FK`, `STRATEGY_FK`) VALUES (12,'',10,6);
INSERT INTO `subscription` (`id`, `PERSISTENT`, `SECURITY_FK`, `STRATEGY_FK`) VALUES (13,'',29,6);
INSERT INTO `subscription` (`id`, `PERSISTENT`, `SECURITY_FK`, `STRATEGY_FK`) VALUES (14,'',10,7);
INSERT INTO `subscription` (`id`, `PERSISTENT`, `SECURITY_FK`, `STRATEGY_FK`) VALUES (15,'',29,7);
INSERT INTO `subscription` (`id`, `PERSISTENT`, `SECURITY_FK`, `STRATEGY_FK`) VALUES (16,'',10,8);
INSERT INTO `subscription` (`id`, `PERSISTENT`, `SECURITY_FK`, `STRATEGY_FK`) VALUES (17,'',29,8);
INSERT INTO `subscription` (`id`, `PERSISTENT`, `SECURITY_FK`, `STRATEGY_FK`) VALUES (18,'',10,9);
INSERT INTO `subscription` (`id`, `PERSISTENT`, `SECURITY_FK`, `STRATEGY_FK`) VALUES (19,'',29,9);
/*!40000 ALTER TABLE `subscription` ENABLE KEYS */;
UNLOCK TABLES;

--
-- Dumping data for table `tick`
--
-- WHERE:  id<1000

LOCK TABLES `tick` WRITE;
/*!40000 ALTER TABLE `tick` DISABLE KEYS */;
INSERT INTO `tick` (`id`, `DATE_TIME`, `LAST`, `LAST_DATE_TIME`, `VOL`, `VOL_BID`, `VOL_ASK`, `BID`, `ASK`, `OPEN_INTREST`, `SETTLEMENT`, `SECURITY_FK`) VALUES (1,'2000-01-01 00:00:00',NULL,NULL,0,0,0,'1.00000','1.00000',0,NULL,8);
INSERT INTO `tick` (`id`, `DATE_TIME`, `LAST`, `LAST_DATE_TIME`, `VOL`, `VOL_BID`, `VOL_ASK`, `BID`, `ASK`, `OPEN_INTREST`, `SETTLEMENT`, `SECURITY_FK`) VALUES (2,'2000-01-01 00:00:00',NULL,NULL,0,0,0,'1.00000','1.00000',0,NULL,9);
INSERT INTO `tick` (`id`, `DATE_TIME`, `LAST`, `LAST_DATE_TIME`, `VOL`, `VOL_BID`, `VOL_ASK`, `BID`, `ASK`, `OPEN_INTREST`, `SETTLEMENT`, `SECURITY_FK`) VALUES (3,'2000-01-01 00:00:00',NULL,NULL,0,0,0,'1.00000','1.00000',0,'1.00000',10);
/*!40000 ALTER TABLE `tick` ENABLE KEYS */;
UNLOCK TABLES;

--
-- Dumping data for table `transaction`
--
-- WHERE:  id<1000

LOCK TABLES `transaction` WRITE;
/*!40000 ALTER TABLE `transaction` DISABLE KEYS */;
INSERT INTO `transaction` (`id`, `EXT_ID`, `DATE_TIME`, `QUANTITY`, `PRICE`, `EXECUTION_COMMISSION`, `CLEARING_COMMISSION`, `CURRENCY`, `TYPE`, `MARKET_CHANNEL`, `DESCRIPTION`, `SECURITY_FK`, `STRATEGY_FK`, `POSITION_FK`) VALUES (1,NULL,'1990-01-01 00:00:00',1,1000000.00000,NULL,NULL,'EUR','CREDIT',NULL,NULL,NULL,1,NULL);
/*!40000 ALTER TABLE `transaction` ENABLE KEYS */;
UNLOCK TABLES;
/*!40103 SET TIME_ZONE=@OLD_TIME_ZONE */;

/*!40101 SET SQL_MODE=@OLD_SQL_MODE */;
/*!40014 SET FOREIGN_KEY_CHECKS=@OLD_FOREIGN_KEY_CHECKS */;
/*!40014 SET UNIQUE_CHECKS=@OLD_UNIQUE_CHECKS */;
/*!40101 SET CHARACTER_SET_CLIENT=@OLD_CHARACTER_SET_CLIENT */;
/*!40101 SET CHARACTER_SET_RESULTS=@OLD_CHARACTER_SET_RESULTS */;
/*!40101 SET COLLATION_CONNECTION=@OLD_COLLATION_CONNECTION */;
/*!40111 SET SQL_NOTES=@OLD_SQL_NOTES */;

-- Dump completed on 2012-10-02 17:20:00
