-- MySQL dump 10.13  Distrib 5.1.48, for Win64 (unknown)
--
-- Host: localhost    Database: algotrader
-- ------------------------------------------------------
-- Server version    5.1.48-community-log

/*!40101 SET @OLD_CHARACTER_SET_CLIENT=@@CHARACTER_SET_CLIENT */;
/*!40101 SET @OLD_CHARACTER_SET_RESULTS=@@CHARACTER_SET_RESULTS */;
/*!40101 SET @OLD_COLLATION_CONNECTION=@@COLLATION_CONNECTION */;
/*!40101 SET NAMES utf8 */;
/*!40103 SET @OLD_TIME_ZONE=@@TIME_ZONE */;
/*!40103 SET TIME_ZONE='+00:00' */;
/*!40014 SET @OLD_UNIQUE_CHECKS=@@UNIQUE_CHECKS, UNIQUE_CHECKS=0 */;
/*!40014 SET @OLD_FOREIGN_KEY_CHECKS=@@FOREIGN_KEY_CHECKS, FOREIGN_KEY_CHECKS=0 */;
/*!40101 SET @OLD_SQL_MODE=@@SQL_MODE, SQL_MODE='NO_AUTO_VALUE_ON_ZERO' */;
/*!40111 SET @OLD_SQL_NOTES=@@SQL_NOTES, SQL_NOTES=0 */;

--
-- Dumping data for table `allocation`
--
-- WHERE:  id<1000

LOCK TABLES `allocation` WRITE;
/*!40000 ALTER TABLE `allocation` DISABLE KEYS */;
/*!40000 ALTER TABLE `allocation` ENABLE KEYS */;
UNLOCK TABLES;

--
-- Dumping data for table `cash_balance`
--
-- WHERE:  id<1000

LOCK TABLES `cash_balance` WRITE;
/*!40000 ALTER TABLE `cash_balance` DISABLE KEYS */;
INSERT INTO `cash_balance` (`ID`, `CURRENCY`, `AMOUNT`, `STRATEGY_FK`) VALUES (1,'EUR','1000000.00',1);
/*!40000 ALTER TABLE `cash_balance` ENABLE KEYS */;
UNLOCK TABLES;

--
-- Dumping data for table `combination`
--
-- WHERE:  id<1000

LOCK TABLES `combination` WRITE;
/*!40000 ALTER TABLE `combination` DISABLE KEYS */;
/*!40000 ALTER TABLE `combination` ENABLE KEYS */;
UNLOCK TABLES;

--
-- Dumping data for table `equity_index`
--
-- WHERE:  id<1000

LOCK TABLES `equity_index` WRITE;
/*!40000 ALTER TABLE `equity_index` DISABLE KEYS */;
INSERT INTO `equity_index` (`ID`) VALUES (2);
INSERT INTO `equity_index` (`ID`) VALUES (3);
INSERT INTO `equity_index` (`ID`) VALUES (4);
INSERT INTO `equity_index` (`ID`) VALUES (5);
INSERT INTO `equity_index` (`ID`) VALUES (12);
INSERT INTO `equity_index` (`ID`) VALUES (29);
/*!40000 ALTER TABLE `equity_index` ENABLE KEYS */;
UNLOCK TABLES;

--
-- Dumping data for table `forex`
--
-- WHERE:  id<1000

LOCK TABLES `forex` WRITE;
/*!40000 ALTER TABLE `forex` DISABLE KEYS */;
INSERT INTO `forex` (`ID`, `BASE_CURRENCY`) VALUES (8,'EUR');
INSERT INTO `forex` (`ID`, `BASE_CURRENCY`) VALUES (9,'USD');
INSERT INTO `forex` (`ID`, `BASE_CURRENCY`) VALUES (10,'EUR');
INSERT INTO `forex` (`ID`, `BASE_CURRENCY`) VALUES (11,'GBP');
/*!40000 ALTER TABLE `forex` ENABLE KEYS */;
UNLOCK TABLES;

--
-- Dumping data for table `future`
--
-- WHERE:  id<1000

LOCK TABLES `future` WRITE;
/*!40000 ALTER TABLE `future` DISABLE KEYS */;
/*!40000 ALTER TABLE `future` ENABLE KEYS */;
UNLOCK TABLES;

--
-- Dumping data for table `future_family`
--
-- WHERE:  id<1000

LOCK TABLES `future_family` WRITE;
/*!40000 ALTER TABLE `future_family` DISABLE KEYS */;
INSERT INTO `future_family` (`ID`, `LENGTH`, `INTREST`, `DIVIDEND`, `MARGIN_PARAMETER`, `EXPIRATION_TYPE`, `EXPIRATION_MONTHS`) VALUES (10,3,0.0015,0.03,490.9,'NEXT_3_RD_FRIDAY_3_MONTHS',3);
INSERT INTO `future_family` (`ID`, `LENGTH`, `INTREST`, `DIVIDEND`, `MARGIN_PARAMETER`, `EXPIRATION_TYPE`, `EXPIRATION_MONTHS`) VALUES (22,8,0.0015,0.03,490.9,'THIRTY_DAYS_BEFORE_NEXT_3_RD_FRIDAY',1);
INSERT INTO `future_family` (`ID`, `LENGTH`, `INTREST`, `DIVIDEND`, `MARGIN_PARAMETER`, `EXPIRATION_TYPE`, `EXPIRATION_MONTHS`) VALUES (23,3,0.0015,0.03,490.9,'THIRTY_DAYS_BEFORE_NEXT_3_RD_FRIDAY',1);
/*!40000 ALTER TABLE `future_family` ENABLE KEYS */;
UNLOCK TABLES;

--
-- Dumping data for table `generic_future`
--
-- WHERE:  id<1000

LOCK TABLES `generic_future` WRITE;
/*!40000 ALTER TABLE `generic_future` DISABLE KEYS */;
INSERT INTO `generic_future` (`ID`, `DURATION`) VALUES (13,1);
INSERT INTO `generic_future` (`ID`, `DURATION`) VALUES (14,1);
INSERT INTO `generic_future` (`ID`, `DURATION`) VALUES (15,1);
INSERT INTO `generic_future` (`ID`, `DURATION`) VALUES (21,1);
INSERT INTO `generic_future` (`ID`, `DURATION`) VALUES (22,2);
INSERT INTO `generic_future` (`ID`, `DURATION`) VALUES (23,3);
INSERT INTO `generic_future` (`ID`, `DURATION`) VALUES (24,4);
INSERT INTO `generic_future` (`ID`, `DURATION`) VALUES (25,5);
INSERT INTO `generic_future` (`ID`, `DURATION`) VALUES (26,6);
INSERT INTO `generic_future` (`ID`, `DURATION`) VALUES (27,7);
INSERT INTO `generic_future` (`ID`, `DURATION`) VALUES (28,8);
/*!40000 ALTER TABLE `generic_future` ENABLE KEYS */;
UNLOCK TABLES;

--
-- Dumping data for table `generic_future_family`
--
-- WHERE:  id<1000

LOCK TABLES `generic_future_family` WRITE;
/*!40000 ALTER TABLE `generic_future_family` DISABLE KEYS */;
INSERT INTO `generic_future_family` (`ID`, `EXPIRATION_TYPE`) VALUES (12,'NEXT_3_RD_FRIDAY');
INSERT INTO `generic_future_family` (`ID`, `EXPIRATION_TYPE`) VALUES (13,'NEXT_3_RD_FRIDAY');
INSERT INTO `generic_future_family` (`ID`, `EXPIRATION_TYPE`) VALUES (14,'NEXT_3_RD_FRIDAY');
INSERT INTO `generic_future_family` (`ID`, `EXPIRATION_TYPE`) VALUES (21,'THIRTY_DAYS_BEFORE_NEXT_3_RD_FRIDAY');
/*!40000 ALTER TABLE `generic_future_family` ENABLE KEYS */;
UNLOCK TABLES;

--
-- Dumping data for table `implied_volatility`
--
-- WHERE:  id<1000

LOCK TABLES `implied_volatility` WRITE;
/*!40000 ALTER TABLE `implied_volatility` DISABLE KEYS */;
INSERT INTO `implied_volatility` (`ID`, `DURATION`, `MONEYNESS`) VALUES (30,12,100);
INSERT INTO `implied_volatility` (`ID`, `DURATION`, `MONEYNESS`) VALUES (31,12,95);
INSERT INTO `implied_volatility` (`ID`, `DURATION`, `MONEYNESS`) VALUES (32,12,90);
INSERT INTO `implied_volatility` (`ID`, `DURATION`, `MONEYNESS`) VALUES (33,12,80);
INSERT INTO `implied_volatility` (`ID`, `DURATION`, `MONEYNESS`) VALUES (34,18,100);
INSERT INTO `implied_volatility` (`ID`, `DURATION`, `MONEYNESS`) VALUES (35,18,95);
INSERT INTO `implied_volatility` (`ID`, `DURATION`, `MONEYNESS`) VALUES (36,18,90);
INSERT INTO `implied_volatility` (`ID`, `DURATION`, `MONEYNESS`) VALUES (37,18,80);
/*!40000 ALTER TABLE `implied_volatility` ENABLE KEYS */;
UNLOCK TABLES;

--
-- Dumping data for table `intrest_rate`
--
-- WHERE:  id<1000

LOCK TABLES `intrest_rate` WRITE;
/*!40000 ALTER TABLE `intrest_rate` DISABLE KEYS */;
INSERT INTO `intrest_rate` (`ID`, `DURATION`) VALUES (6,604800000);
INSERT INTO `intrest_rate` (`ID`, `DURATION`) VALUES (7,2592000000);
/*!40000 ALTER TABLE `intrest_rate` ENABLE KEYS */;
UNLOCK TABLES;

--
-- Dumping data for table `security`
--
-- WHERE:  id<1000

LOCK TABLES `security` WRITE;
/*!40000 ALTER TABLE `security` DISABLE KEYS */;
INSERT INTO `security` (`id`, `SYMBOL`, `ISIN`, `EXT_ID`, `UNDERLAYING_FK`, `SECURITY_FAMILY_FK`, `INTREST_RATE_FAMILY_FK`) VALUES (2,'ESTX50','DE0009652396','4356500',NULL,4,NULL);
INSERT INTO `security` (`id`, `SYMBOL`, `ISIN`, `EXT_ID`, `UNDERLAYING_FK`, `SECURITY_FAMILY_FK`, `INTREST_RATE_FAMILY_FK`) VALUES (3,'V2TX','DE000A0C3QF1','35913933',2,5,NULL);
INSERT INTO `security` (`id`, `SYMBOL`, `ISIN`, `EXT_ID`, `UNDERLAYING_FK`, `SECURITY_FAMILY_FK`, `INTREST_RATE_FAMILY_FK`) VALUES (4,'SMI','CH0008616382','1328305',NULL,1,7);
INSERT INTO `security` (`id`, `SYMBOL`, `ISIN`, `EXT_ID`, `UNDERLAYING_FK`, `SECURITY_FAMILY_FK`, `INTREST_RATE_FAMILY_FK`) VALUES (5,'V3X','CH0019900841','35913404',4,2,NULL);
INSERT INTO `security` (`id`, `SYMBOL`, `ISIN`, `EXT_ID`, `UNDERLAYING_FK`, `SECURITY_FAMILY_FK`, `INTREST_RATE_FAMILY_FK`) VALUES (6,'CHFDOMDEP1W','CH0007475228',NULL,NULL,7,NULL);
INSERT INTO `security` (`id`, `SYMBOL`, `ISIN`, `EXT_ID`, `UNDERLAYING_FK`, `SECURITY_FAMILY_FK`, `INTREST_RATE_FAMILY_FK`) VALUES (7,'CHFDOMDEP1M','CH0007473702',NULL,NULL,7,NULL);
INSERT INTO `security` (`id`, `SYMBOL`, `ISIN`, `EXT_ID`, `UNDERLAYING_FK`, `SECURITY_FAMILY_FK`, `INTREST_RATE_FAMILY_FK`) VALUES (8,'EUR.CHF','EU0009654078','12087817',NULL,8,NULL);
INSERT INTO `security` (`id`, `SYMBOL`, `ISIN`, `EXT_ID`, `UNDERLAYING_FK`, `SECURITY_FAMILY_FK`, `INTREST_RATE_FAMILY_FK`) VALUES (9,'USD.CHF','XC0009652816','12087820',NULL,8,NULL);
INSERT INTO `security` (`id`, `SYMBOL`, `ISIN`, `EXT_ID`, `UNDERLAYING_FK`, `SECURITY_FAMILY_FK`, `INTREST_RATE_FAMILY_FK`) VALUES (10,'EUR.USD','EU0009652759','12087792',NULL,9,NULL);
INSERT INTO `security` (`id`, `SYMBOL`, `ISIN`, `EXT_ID`, `UNDERLAYING_FK`, `SECURITY_FAMILY_FK`, `INTREST_RATE_FAMILY_FK`) VALUES (11,'GBP.USD','GB0031973075','12087797',NULL,9,NULL);
INSERT INTO `security` (`id`, `SYMBOL`, `ISIN`, `EXT_ID`, `UNDERLAYING_FK`, `SECURITY_FAMILY_FK`, `INTREST_RATE_FAMILY_FK`) VALUES (12,'SPX','US78378X1072','416904',NULL,11,NULL);
INSERT INTO `security` (`id`, `SYMBOL`, `ISIN`, `EXT_ID`, `UNDERLAYING_FK`, `SECURITY_FAMILY_FK`, `INTREST_RATE_FAMILY_FK`) VALUES (13,'GF ES 1M','GFES1M',NULL,NULL,12,NULL);
INSERT INTO `security` (`id`, `SYMBOL`, `ISIN`, `EXT_ID`, `UNDERLAYING_FK`, `SECURITY_FAMILY_FK`, `INTREST_RATE_FAMILY_FK`) VALUES (14,'GF LH 1M','GFLH1M',NULL,NULL,13,NULL);
INSERT INTO `security` (`id`, `SYMBOL`, `ISIN`, `EXT_ID`, `UNDERLAYING_FK`, `SECURITY_FAMILY_FK`, `INTREST_RATE_FAMILY_FK`) VALUES (15,'GF NG 1M','GFNG1M',NULL,NULL,14,NULL);
INSERT INTO `security` (`id`, `SYMBOL`, `ISIN`, `EXT_ID`, `UNDERLAYING_FK`, `SECURITY_FAMILY_FK`, `INTREST_RATE_FAMILY_FK`) VALUES (21,'UX1','UX1',NULL,29,21,NULL);
INSERT INTO `security` (`id`, `SYMBOL`, `ISIN`, `EXT_ID`, `UNDERLAYING_FK`, `SECURITY_FAMILY_FK`, `INTREST_RATE_FAMILY_FK`) VALUES (22,'UX2','UX2',NULL,29,21,NULL);
INSERT INTO `security` (`id`, `SYMBOL`, `ISIN`, `EXT_ID`, `UNDERLAYING_FK`, `SECURITY_FAMILY_FK`, `INTREST_RATE_FAMILY_FK`) VALUES (23,'UX3','UX3',NULL,29,21,NULL);
INSERT INTO `security` (`id`, `SYMBOL`, `ISIN`, `EXT_ID`, `UNDERLAYING_FK`, `SECURITY_FAMILY_FK`, `INTREST_RATE_FAMILY_FK`) VALUES (24,'UX4','UX4',NULL,29,21,NULL);
INSERT INTO `security` (`id`, `SYMBOL`, `ISIN`, `EXT_ID`, `UNDERLAYING_FK`, `SECURITY_FAMILY_FK`, `INTREST_RATE_FAMILY_FK`) VALUES (25,'UX5','UX5',NULL,29,21,NULL);
INSERT INTO `security` (`id`, `SYMBOL`, `ISIN`, `EXT_ID`, `UNDERLAYING_FK`, `SECURITY_FAMILY_FK`, `INTREST_RATE_FAMILY_FK`) VALUES (26,'UX6','UX6',NULL,29,21,NULL);
INSERT INTO `security` (`id`, `SYMBOL`, `ISIN`, `EXT_ID`, `UNDERLAYING_FK`, `SECURITY_FAMILY_FK`, `INTREST_RATE_FAMILY_FK`) VALUES (27,'UX7','UX7',NULL,29,21,NULL);
INSERT INTO `security` (`id`, `SYMBOL`, `ISIN`, `EXT_ID`, `UNDERLAYING_FK`, `SECURITY_FAMILY_FK`, `INTREST_RATE_FAMILY_FK`) VALUES (28,'UX8','UX8',NULL,29,21,NULL);
INSERT INTO `security` (`id`, `SYMBOL`, `ISIN`, `EXT_ID`, `UNDERLAYING_FK`, `SECURITY_FAMILY_FK`, `INTREST_RATE_FAMILY_FK`) VALUES (29,'VIX','XD0016891059','13455763',12,20,NULL);
INSERT INTO `security` (`id`, `SYMBOL`, `ISIN`, `EXT_ID`, `UNDERLAYING_FK`, `SECURITY_FAMILY_FK`, `INTREST_RATE_FAMILY_FK`) VALUES (30,'IV SPX 12M 100','IVSPX12M100',NULL,12,25,NULL);
INSERT INTO `security` (`id`, `SYMBOL`, `ISIN`, `EXT_ID`, `UNDERLAYING_FK`, `SECURITY_FAMILY_FK`, `INTREST_RATE_FAMILY_FK`) VALUES (31,'IV SPX 12M 95','IVSPX12M95',NULL,12,25,NULL);
INSERT INTO `security` (`id`, `SYMBOL`, `ISIN`, `EXT_ID`, `UNDERLAYING_FK`, `SECURITY_FAMILY_FK`, `INTREST_RATE_FAMILY_FK`) VALUES (32,'IV SPX 12M 90','IVSPX12M90',NULL,12,25,NULL);
INSERT INTO `security` (`id`, `SYMBOL`, `ISIN`, `EXT_ID`, `UNDERLAYING_FK`, `SECURITY_FAMILY_FK`, `INTREST_RATE_FAMILY_FK`) VALUES (33,'IV SPX 12M 80','IVSPX12M80',NULL,12,25,NULL);
INSERT INTO `security` (`id`, `SYMBOL`, `ISIN`, `EXT_ID`, `UNDERLAYING_FK`, `SECURITY_FAMILY_FK`, `INTREST_RATE_FAMILY_FK`) VALUES (34,'IV SPX 18M 100','IVSPX18M100',NULL,12,25,NULL);
INSERT INTO `security` (`id`, `SYMBOL`, `ISIN`, `EXT_ID`, `UNDERLAYING_FK`, `SECURITY_FAMILY_FK`, `INTREST_RATE_FAMILY_FK`) VALUES (35,'IV SPX 18M 95','IVSPX18M95',NULL,12,25,NULL);
INSERT INTO `security` (`id`, `SYMBOL`, `ISIN`, `EXT_ID`, `UNDERLAYING_FK`, `SECURITY_FAMILY_FK`, `INTREST_RATE_FAMILY_FK`) VALUES (36,'IV SPX 18M 90','IVSPX18M90',NULL,12,25,NULL);
INSERT INTO `security` (`id`, `SYMBOL`, `ISIN`, `EXT_ID`, `UNDERLAYING_FK`, `SECURITY_FAMILY_FK`, `INTREST_RATE_FAMILY_FK`) VALUES (37,'IV SPX 18M 80','IVSPX18M80',NULL,12,25,NULL);
/*!40000 ALTER TABLE `security` ENABLE KEYS */;
UNLOCK TABLES;

--
-- Dumping data for table `security_family`
--
-- WHERE:  id<1000

LOCK TABLES `security_family` WRITE;
/*!40000 ALTER TABLE `security_family` DISABLE KEYS */;
INSERT INTO `security_family` (`id`, `NAME`, `MARKET`, `CURRENCY`, `CONTRACT_SIZE`, `SCALE`, `TICK_SIZE_PATTERN`, `COMMISSION`, `MARKET_OPEN`, `MARKET_CLOSE`, `TRADEABLE`, `SIMULATABLE`, `SPREAD_SLOPE`, `SPREAD_CONSTANT`, `MAX_SPREAD_SLOPE`, `MAX_SPREAD_CONSTANT`, `PERIODICITY`, `UNDERLAYING_FK`) VALUES (1,'SMI','SOFFEX','CHF',1,2,'0<0.1','0.00000','09:00:00','17:20:00','\0','\0',NULL,NULL,NULL,NULL,'MINUTE',NULL);
INSERT INTO `security_family` (`id`, `NAME`, `MARKET`, `CURRENCY`, `CONTRACT_SIZE`, `SCALE`, `TICK_SIZE_PATTERN`, `COMMISSION`, `MARKET_OPEN`, `MARKET_CLOSE`, `TRADEABLE`, `SIMULATABLE`, `SPREAD_SLOPE`, `SPREAD_CONSTANT`, `MAX_SPREAD_SLOPE`, `MAX_SPREAD_CONSTANT`, `PERIODICITY`, `UNDERLAYING_FK`) VALUES (2,'VSMI','DTB','CHF',1,2,'0<0.01',NULL,'09:00:00','17:20:00','\0','\0',NULL,NULL,NULL,NULL,'MINUTE',4);
INSERT INTO `security_family` (`id`, `NAME`, `MARKET`, `CURRENCY`, `CONTRACT_SIZE`, `SCALE`, `TICK_SIZE_PATTERN`, `COMMISSION`, `MARKET_OPEN`, `MARKET_CLOSE`, `TRADEABLE`, `SIMULATABLE`, `SPREAD_SLOPE`, `SPREAD_CONSTANT`, `MAX_SPREAD_SLOPE`, `MAX_SPREAD_CONSTANT`, `PERIODICITY`, `UNDERLAYING_FK`) VALUES (3,'OSMI','SOFFEX','CHF',10,2,'0<0.1','2.40000','09:10:00','17:10:00','','',0.033,11.7,0.037,25,'MINUTE',4);
INSERT INTO `security_family` (`id`, `NAME`, `MARKET`, `CURRENCY`, `CONTRACT_SIZE`, `SCALE`, `TICK_SIZE_PATTERN`, `COMMISSION`, `MARKET_OPEN`, `MARKET_CLOSE`, `TRADEABLE`, `SIMULATABLE`, `SPREAD_SLOPE`, `SPREAD_CONSTANT`, `MAX_SPREAD_SLOPE`, `MAX_SPREAD_CONSTANT`, `PERIODICITY`, `UNDERLAYING_FK`) VALUES (4,'ESTX50','DTB','EUR',1,2,'0<0.01',NULL,'09:00:00','17:30:00','\0','\0',NULL,NULL,NULL,NULL,'MINUTE',NULL);
INSERT INTO `security_family` (`id`, `NAME`, `MARKET`, `CURRENCY`, `CONTRACT_SIZE`, `SCALE`, `TICK_SIZE_PATTERN`, `COMMISSION`, `MARKET_OPEN`, `MARKET_CLOSE`, `TRADEABLE`, `SIMULATABLE`, `SPREAD_SLOPE`, `SPREAD_CONSTANT`, `MAX_SPREAD_SLOPE`, `MAX_SPREAD_CONSTANT`, `PERIODICITY`, `UNDERLAYING_FK`) VALUES (5,'V2TX','DTB','EUR',1,2,'0<0.01',NULL,'09:00:00','17:30:00','\0','\0',NULL,NULL,NULL,NULL,'MINUTE',2);
INSERT INTO `security_family` (`id`, `NAME`, `MARKET`, `CURRENCY`, `CONTRACT_SIZE`, `SCALE`, `TICK_SIZE_PATTERN`, `COMMISSION`, `MARKET_OPEN`, `MARKET_CLOSE`, `TRADEABLE`, `SIMULATABLE`, `SPREAD_SLOPE`, `SPREAD_CONSTANT`, `MAX_SPREAD_SLOPE`, `MAX_SPREAD_CONSTANT`, `PERIODICITY`, `UNDERLAYING_FK`) VALUES (6,'OESX','DTB','EUR',10,2,'0<0.1','1.21000','09:10:00','17:20:00','','',0.0133,6.7265,0.015,20,'MINUTE',2);
INSERT INTO `security_family` (`id`, `NAME`, `MARKET`, `CURRENCY`, `CONTRACT_SIZE`, `SCALE`, `TICK_SIZE_PATTERN`, `COMMISSION`, `MARKET_OPEN`, `MARKET_CLOSE`, `TRADEABLE`, `SIMULATABLE`, `SPREAD_SLOPE`, `SPREAD_CONSTANT`, `MAX_SPREAD_SLOPE`, `MAX_SPREAD_CONSTANT`, `PERIODICITY`, `UNDERLAYING_FK`) VALUES (7,'DEPOSIT RATE CHF','IDEALPRO','CHF',1,2,'0<0.01',NULL,'09:00:00','17:30:00','\0','\0',NULL,NULL,NULL,NULL,'DAY',NULL);
INSERT INTO `security_family` (`id`, `NAME`, `MARKET`, `CURRENCY`, `CONTRACT_SIZE`, `SCALE`, `TICK_SIZE_PATTERN`, `COMMISSION`, `MARKET_OPEN`, `MARKET_CLOSE`, `TRADEABLE`, `SIMULATABLE`, `SPREAD_SLOPE`, `SPREAD_CONSTANT`, `MAX_SPREAD_SLOPE`, `MAX_SPREAD_CONSTANT`, `PERIODICITY`, `UNDERLAYING_FK`) VALUES (8,'CHF FOREX','IDEALPRO','CHF',1,5,'0<0.00005','0.00002','07:00:00','23:00:00','','\0',0,0.0001,0,0.0004,'HOUR',NULL);
INSERT INTO `security_family` (`id`, `NAME`, `MARKET`, `CURRENCY`, `CONTRACT_SIZE`, `SCALE`, `TICK_SIZE_PATTERN`, `COMMISSION`, `MARKET_OPEN`, `MARKET_CLOSE`, `TRADEABLE`, `SIMULATABLE`, `SPREAD_SLOPE`, `SPREAD_CONSTANT`, `MAX_SPREAD_SLOPE`, `MAX_SPREAD_CONSTANT`, `PERIODICITY`, `UNDERLAYING_FK`) VALUES (9,'USD FOREX','IDEALPRO','USD',1,5,'0<0.00005','0.00002','07:00:00','23:00:00','','\0',0,0.0001,0,0.0004,'HOUR',NULL);
INSERT INTO `security_family` (`id`, `NAME`, `MARKET`, `CURRENCY`, `CONTRACT_SIZE`, `SCALE`, `TICK_SIZE_PATTERN`, `COMMISSION`, `MARKET_OPEN`, `MARKET_CLOSE`, `TRADEABLE`, `SIMULATABLE`, `SPREAD_SLOPE`, `SPREAD_CONSTANT`, `MAX_SPREAD_SLOPE`, `MAX_SPREAD_CONSTANT`, `PERIODICITY`, `UNDERLAYING_FK`) VALUES (10,'FSMI','SOFFEX','CHF',10,2,'0<1.0','4.00000','07:50:00','22:00:00','','',0.0003,0,0.037,25,'MINUTE',4);
INSERT INTO `security_family` (`id`, `NAME`, `MARKET`, `CURRENCY`, `CONTRACT_SIZE`, `SCALE`, `TICK_SIZE_PATTERN`, `COMMISSION`, `MARKET_OPEN`, `MARKET_CLOSE`, `TRADEABLE`, `SIMULATABLE`, `SPREAD_SLOPE`, `SPREAD_CONSTANT`, `MAX_SPREAD_SLOPE`, `MAX_SPREAD_CONSTANT`, `PERIODICITY`, `UNDERLAYING_FK`) VALUES (11,'SPX','SMART','USD',1,2,'0<0.01','0.00000','15:30:00','22:00:00','\0','\0',NULL,NULL,NULL,NULL,'MINUTE',NULL);
INSERT INTO `security_family` (`id`, `NAME`, `MARKET`, `CURRENCY`, `CONTRACT_SIZE`, `SCALE`, `TICK_SIZE_PATTERN`, `COMMISSION`, `MARKET_OPEN`, `MARKET_CLOSE`, `TRADEABLE`, `SIMULATABLE`, `SPREAD_SLOPE`, `SPREAD_CONSTANT`, `MAX_SPREAD_SLOPE`, `MAX_SPREAD_CONSTANT`, `PERIODICITY`, `UNDERLAYING_FK`) VALUES (12,'GFES','GLOBEX','USD',1,2,'0<0.01','0.00000','08:00:00','18:00:00','\0','\0',NULL,NULL,NULL,NULL,'HOUR',NULL);
INSERT INTO `security_family` (`id`, `NAME`, `MARKET`, `CURRENCY`, `CONTRACT_SIZE`, `SCALE`, `TICK_SIZE_PATTERN`, `COMMISSION`, `MARKET_OPEN`, `MARKET_CLOSE`, `TRADEABLE`, `SIMULATABLE`, `SPREAD_SLOPE`, `SPREAD_CONSTANT`, `MAX_SPREAD_SLOPE`, `MAX_SPREAD_CONSTANT`, `PERIODICITY`, `UNDERLAYING_FK`) VALUES (13,'GFLH','CME','USD',1,2,'0<0.01','0.00000','08:00:00','18:00:00','\0','\0',NULL,NULL,NULL,NULL,'HOUR',NULL);
INSERT INTO `security_family` (`id`, `NAME`, `MARKET`, `CURRENCY`, `CONTRACT_SIZE`, `SCALE`, `TICK_SIZE_PATTERN`, `COMMISSION`, `MARKET_OPEN`, `MARKET_CLOSE`, `TRADEABLE`, `SIMULATABLE`, `SPREAD_SLOPE`, `SPREAD_CONSTANT`, `MAX_SPREAD_SLOPE`, `MAX_SPREAD_CONSTANT`, `PERIODICITY`, `UNDERLAYING_FK`) VALUES (14,'GFNG','NYMEX','USD',1,2,'0<0.01','0.00000','08:00:00','18:00:00','\0','\0',NULL,NULL,NULL,NULL,'HOUR',NULL);
INSERT INTO `security_family` (`id`, `NAME`, `MARKET`, `CURRENCY`, `CONTRACT_SIZE`, `SCALE`, `TICK_SIZE_PATTERN`, `COMMISSION`, `MARKET_OPEN`, `MARKET_CLOSE`, `TRADEABLE`, `SIMULATABLE`, `SPREAD_SLOPE`, `SPREAD_CONSTANT`, `MAX_SPREAD_SLOPE`, `MAX_SPREAD_CONSTANT`, `PERIODICITY`, `UNDERLAYING_FK`) VALUES (20,'VIX','CBOE','USD',1,2,'0<0.01',NULL,'15:30:00','22:00:00','\0','\0',NULL,NULL,NULL,NULL,'MINUTE',12);
INSERT INTO `security_family` (`id`, `NAME`, `MARKET`, `CURRENCY`, `CONTRACT_SIZE`, `SCALE`, `TICK_SIZE_PATTERN`, `COMMISSION`, `MARKET_OPEN`, `MARKET_CLOSE`, `TRADEABLE`, `SIMULATABLE`, `SPREAD_SLOPE`, `SPREAD_CONSTANT`, `MAX_SPREAD_SLOPE`, `MAX_SPREAD_CONSTANT`, `PERIODICITY`, `UNDERLAYING_FK`) VALUES (21,'UX','CFE','USD',1000,2,'0<0.05',NULL,'14:00:00','22:15:00','\0','\0',NULL,NULL,NULL,NULL,'MINUTE',29);
INSERT INTO `security_family` (`id`, `NAME`, `MARKET`, `CURRENCY`, `CONTRACT_SIZE`, `SCALE`, `TICK_SIZE_PATTERN`, `COMMISSION`, `MARKET_OPEN`, `MARKET_CLOSE`, `TRADEABLE`, `SIMULATABLE`, `SPREAD_SLOPE`, `SPREAD_CONSTANT`, `MAX_SPREAD_SLOPE`, `MAX_SPREAD_CONSTANT`, `PERIODICITY`, `UNDERLAYING_FK`) VALUES (22,'FVIX','CFE','USD',1000,2,'0<0.05','1.97000','14:00:00','22:15:00','','',0,75,0,400,'MINUTE',29);
INSERT INTO `security_family` (`id`, `NAME`, `MARKET`, `CURRENCY`, `CONTRACT_SIZE`, `SCALE`, `TICK_SIZE_PATTERN`, `COMMISSION`, `MARKET_OPEN`, `MARKET_CLOSE`, `TRADEABLE`, `SIMULATABLE`, `SPREAD_SLOPE`, `SPREAD_CONSTANT`, `MAX_SPREAD_SLOPE`, `MAX_SPREAD_CONSTANT`, `PERIODICITY`, `UNDERLAYING_FK`) VALUES (23,'MFVIX','CFE','USD',100,2,'0<0.05','1.97000','14:00:00','22:15:00','','',0,75,0,400,'MINUTE',29);
INSERT INTO `security_family` (`id`, `NAME`, `MARKET`, `CURRENCY`, `CONTRACT_SIZE`, `SCALE`, `TICK_SIZE_PATTERN`, `COMMISSION`, `MARKET_OPEN`, `MARKET_CLOSE`, `TRADEABLE`, `SIMULATABLE`, `SPREAD_SLOPE`, `SPREAD_CONSTANT`, `MAX_SPREAD_SLOPE`, `MAX_SPREAD_CONSTANT`, `PERIODICITY`, `UNDERLAYING_FK`) VALUES (24,'OSPX','CBOE','USD',100,2,'0<0.05 | 3<0.1','1.02000','15:30:00','22:15:00','','',0.013,6.726,0.015,20,'MINUTE',12);
INSERT INTO `security_family` (`id`, `NAME`, `MARKET`, `CURRENCY`, `CONTRACT_SIZE`, `SCALE`, `TICK_SIZE_PATTERN`, `COMMISSION`, `MARKET_OPEN`, `MARKET_CLOSE`, `TRADEABLE`, `SIMULATABLE`, `SPREAD_SLOPE`, `SPREAD_CONSTANT`, `MAX_SPREAD_SLOPE`, `MAX_SPREAD_CONSTANT`, `PERIODICITY`, `UNDERLAYING_FK`) VALUES (25,'IVSPX','CBOE','USD',1,4,'0<0.0001',NULL,'15:30:00','22:15:00','\0','\0',NULL,NULL,NULL,NULL,'DAY',12);
INSERT INTO `security_family` (`id`, `NAME`, `MARKET`, `CURRENCY`, `CONTRACT_SIZE`, `SCALE`, `TICK_SIZE_PATTERN`, `COMMISSION`, `MARKET_OPEN`, `MARKET_CLOSE`, `TRADEABLE`, `SIMULATABLE`, `SPREAD_SLOPE`, `SPREAD_CONSTANT`, `MAX_SPREAD_SLOPE`, `MAX_SPREAD_CONSTANT`, `PERIODICITY`, `UNDERLAYING_FK`) VALUES (26,'OVIX','CBOE','USD',100,2,'0<0.05 | 3<0.1','1.02000','15:30:00','22:15:00','','',0.013,6.726,0.015,20,'MINUTE',29);
/*!40000 ALTER TABLE `security_family` ENABLE KEYS */;
UNLOCK TABLES;

--
-- Dumping data for table `stock`
--
-- WHERE:  id<1000

LOCK TABLES `stock` WRITE;
/*!40000 ALTER TABLE `stock` DISABLE KEYS */;
/*!40000 ALTER TABLE `stock` ENABLE KEYS */;
UNLOCK TABLES;

--
-- Dumping data for table `stock_option`
--
-- WHERE:  id<1000

LOCK TABLES `stock_option` WRITE;
/*!40000 ALTER TABLE `stock_option` DISABLE KEYS */;
/*!40000 ALTER TABLE `stock_option` ENABLE KEYS */;
UNLOCK TABLES;

--
-- Dumping data for table `stock_option_family`
--
-- WHERE:  id<1000

LOCK TABLES `stock_option_family` WRITE;
/*!40000 ALTER TABLE `stock_option_family` DISABLE KEYS */;
INSERT INTO `stock_option_family` (`ID`, `STRIKE_DISTANCE`, `INTREST`, `DIVIDEND`, `MARGIN_PARAMETER`, `EXPIRATION_TYPE`) VALUES (3,50,0.0015,0.03,0.075,'NEXT_3_RD_FRIDAY');
INSERT INTO `stock_option_family` (`ID`, `STRIKE_DISTANCE`, `INTREST`, `DIVIDEND`, `MARGIN_PARAMETER`, `EXPIRATION_TYPE`) VALUES (6,25,0.006,0.03,0.075,'NEXT_3_RD_FRIDAY');
INSERT INTO `stock_option_family` (`ID`, `STRIKE_DISTANCE`, `INTREST`, `DIVIDEND`, `MARGIN_PARAMETER`, `EXPIRATION_TYPE`) VALUES (24,5,0.009,0.02,0.075,'NEXT_3_RD_FRIDAY');
INSERT INTO `stock_option_family` (`ID`, `STRIKE_DISTANCE`, `INTREST`, `DIVIDEND`, `MARGIN_PARAMETER`, `EXPIRATION_TYPE`) VALUES (26,1,0.01,0,0.075,'NEXT_3_RD_FRIDAY');
/*!40000 ALTER TABLE `stock_option_family` ENABLE KEYS */;
UNLOCK TABLES;

--
-- Dumping data for table `strategy`
--
-- WHERE:  id<1000

LOCK TABLES `strategy` WRITE;
/*!40000 ALTER TABLE `strategy` DISABLE KEYS */;
INSERT INTO `strategy` (`id`, `NAME`, `FAMILY`, `AUTO_ACTIVATE`, `ALLOCATION`, `MODULES`, `BENCHMARK`) VALUES (1,'BASE','BASE','',0.0,'market-data,current-values,market-data-simulation,trades,portfolio,performance,ib,algo',NULL);
INSERT INTO `strategy` (`id`, `NAME`, `FAMILY`, `AUTO_ACTIVATE`, `ALLOCATION`, `MODULES`, `BENCHMARK`) VALUES (2,'SMI','THETA','\0',0,'theta-init,theta-main',NULL);
INSERT INTO `strategy` (`id`, `NAME`, `FAMILY`, `AUTO_ACTIVATE`, `ALLOCATION`, `MODULES`, `BENCHMARK`) VALUES (3,'ESTX50','THETA','\0',0,'theta-init,theta-main',NULL);
INSERT INTO `strategy` (`id`, `NAME`, `FAMILY`, `AUTO_ACTIVATE`, `ALLOCATION`, `MODULES`, `BENCHMARK`) VALUES (4,'MULTIIND','MULTIIND','\0',0,'multiind-movavcross,multiind-main',NULL);
INSERT INTO `strategy` (`id`, `NAME`, `FAMILY`, `AUTO_ACTIVATE`, `ALLOCATION`, `MODULES`, `BENCHMARK`) VALUES (5,'EASTWEST','EASTWEST','',1.0,'eastwest-init,eastwest-main,volcarry-main,tailhedge-main',NULL);
INSERT INTO `strategy` (`id`, `NAME`, `FAMILY`, `AUTO_ACTIVATE`, `ALLOCATION`, `MODULES`, `BENCHMARK`) VALUES (6,'PERIODIC','PERIODIC','\0',0,'main',NULL);
/*!40000 ALTER TABLE `strategy` ENABLE KEYS */;
UNLOCK TABLES;

--
-- Dumping data for table `tick`
--
-- WHERE:  id<1000

LOCK TABLES `tick` WRITE;
/*!40000 ALTER TABLE `tick` DISABLE KEYS */;
/*!40000 ALTER TABLE `tick` ENABLE KEYS */;
UNLOCK TABLES;

--
-- Dumping data for table `transaction`
--
-- WHERE:  id<1000

LOCK TABLES `transaction` WRITE;
/*!40000 ALTER TABLE `transaction` DISABLE KEYS */;
INSERT INTO `transaction` (`id`, `NUMBER`, `DATE_TIME`, `QUANTITY`, `PRICE`, `COMMISSION`, `CURRENCY`, `TYPE`, `DESCRIPTION`, `SECURITY_FK`, `STRATEGY_FK`, `POSITION_FK`) VALUES (1,NULL,'1990-01-01 00:00:00',1,'1000000.00000','0.00','EUR','CREDIT',NULL,NULL,1,NULL);
/*!40000 ALTER TABLE `transaction` ENABLE KEYS */;
UNLOCK TABLES;

--
-- Dumping data for table `watch_list_item`
--
-- WHERE:  id<1000

LOCK TABLES `watch_list_item` WRITE;
/*!40000 ALTER TABLE `watch_list_item` DISABLE KEYS */;
INSERT INTO `watch_list_item` (`id`, `PERSISTENT`, `SECURITY_FK`, `STRATEGY_FK`, `UPPER_ALERT_VALUE`, `LOWER_ALERT_VALUE`) VALUES (1,'',2,3,NULL,NULL);
INSERT INTO `watch_list_item` (`id`, `PERSISTENT`, `SECURITY_FK`, `STRATEGY_FK`, `UPPER_ALERT_VALUE`, `LOWER_ALERT_VALUE`) VALUES (2,'',3,3,NULL,NULL);
INSERT INTO `watch_list_item` (`id`, `PERSISTENT`, `SECURITY_FK`, `STRATEGY_FK`, `UPPER_ALERT_VALUE`, `LOWER_ALERT_VALUE`) VALUES (3,'',4,2,NULL,NULL);
INSERT INTO `watch_list_item` (`id`, `PERSISTENT`, `SECURITY_FK`, `STRATEGY_FK`, `UPPER_ALERT_VALUE`, `LOWER_ALERT_VALUE`) VALUES (4,'',8,2,NULL,NULL);
INSERT INTO `watch_list_item` (`id`, `PERSISTENT`, `SECURITY_FK`, `STRATEGY_FK`, `UPPER_ALERT_VALUE`, `LOWER_ALERT_VALUE`) VALUES (5,'',5,2,NULL,NULL);
INSERT INTO `watch_list_item` (`id`, `PERSISTENT`, `SECURITY_FK`, `STRATEGY_FK`, `UPPER_ALERT_VALUE`, `LOWER_ALERT_VALUE`) VALUES (6,'',12,4,NULL,NULL);
INSERT INTO `watch_list_item` (`id`, `PERSISTENT`, `SECURITY_FK`, `STRATEGY_FK`, `UPPER_ALERT_VALUE`, `LOWER_ALERT_VALUE`) VALUES (7,'',13,4,NULL,NULL);
INSERT INTO `watch_list_item` (`id`, `PERSISTENT`, `SECURITY_FK`, `STRATEGY_FK`, `UPPER_ALERT_VALUE`, `LOWER_ALERT_VALUE`) VALUES (8,'',14,4,NULL,NULL);
INSERT INTO `watch_list_item` (`id`, `PERSISTENT`, `SECURITY_FK`, `STRATEGY_FK`, `UPPER_ALERT_VALUE`, `LOWER_ALERT_VALUE`) VALUES (9,'',15,4,NULL,NULL);
INSERT INTO `watch_list_item` (`id`, `PERSISTENT`, `SECURITY_FK`, `STRATEGY_FK`, `UPPER_ALERT_VALUE`, `LOWER_ALERT_VALUE`) VALUES (10,'',29,5,NULL,NULL);
INSERT INTO `watch_list_item` (`id`, `PERSISTENT`, `SECURITY_FK`, `STRATEGY_FK`, `UPPER_ALERT_VALUE`, `LOWER_ALERT_VALUE`) VALUES (11,'',21,5,NULL,NULL);
INSERT INTO `watch_list_item` (`id`, `PERSISTENT`, `SECURITY_FK`, `STRATEGY_FK`, `UPPER_ALERT_VALUE`, `LOWER_ALERT_VALUE`) VALUES (12,'',22,5,NULL,NULL);
INSERT INTO `watch_list_item` (`id`, `PERSISTENT`, `SECURITY_FK`, `STRATEGY_FK`, `UPPER_ALERT_VALUE`, `LOWER_ALERT_VALUE`) VALUES (13,'',23,5,NULL,NULL);
INSERT INTO `watch_list_item` (`id`, `PERSISTENT`, `SECURITY_FK`, `STRATEGY_FK`, `UPPER_ALERT_VALUE`, `LOWER_ALERT_VALUE`) VALUES (14,'',24,5,NULL,NULL);
INSERT INTO `watch_list_item` (`id`, `PERSISTENT`, `SECURITY_FK`, `STRATEGY_FK`, `UPPER_ALERT_VALUE`, `LOWER_ALERT_VALUE`) VALUES (15,'',25,5,NULL,NULL);
INSERT INTO `watch_list_item` (`id`, `PERSISTENT`, `SECURITY_FK`, `STRATEGY_FK`, `UPPER_ALERT_VALUE`, `LOWER_ALERT_VALUE`) VALUES (16,'',26,5,NULL,NULL);
INSERT INTO `watch_list_item` (`id`, `PERSISTENT`, `SECURITY_FK`, `STRATEGY_FK`, `UPPER_ALERT_VALUE`, `LOWER_ALERT_VALUE`) VALUES (17,'',27,5,NULL,NULL);
INSERT INTO `watch_list_item` (`id`, `PERSISTENT`, `SECURITY_FK`, `STRATEGY_FK`, `UPPER_ALERT_VALUE`, `LOWER_ALERT_VALUE`) VALUES (18,'',28,5,NULL,NULL);
INSERT INTO `watch_list_item` (`id`, `PERSISTENT`, `SECURITY_FK`, `STRATEGY_FK`, `UPPER_ALERT_VALUE`, `LOWER_ALERT_VALUE`) VALUES (19,'',10,5,NULL,NULL);
/*!40000 ALTER TABLE `watch_list_item` ENABLE KEYS */;
UNLOCK TABLES;
/*!40103 SET TIME_ZONE=@OLD_TIME_ZONE */;

/*!40101 SET SQL_MODE=@OLD_SQL_MODE */;
/*!40014 SET FOREIGN_KEY_CHECKS=@OLD_FOREIGN_KEY_CHECKS */;
/*!40014 SET UNIQUE_CHECKS=@OLD_UNIQUE_CHECKS */;
/*!40101 SET CHARACTER_SET_CLIENT=@OLD_CHARACTER_SET_CLIENT */;
/*!40101 SET CHARACTER_SET_RESULTS=@OLD_CHARACTER_SET_RESULTS */;
/*!40101 SET COLLATION_CONNECTION=@OLD_COLLATION_CONNECTION */;
/*!40111 SET SQL_NOTES=@OLD_SQL_NOTES */;

-- Dump completed on 2012-01-31 17:13:17
