-- MySQL dump 10.13  Distrib 5.5.21, for Win64 (x86)
--
-- Host: localhost    Database: algotrader
-- ------------------------------------------------------
-- Server version    5.5.21-log

/*!40101 SET @OLD_CHARACTER_SET_CLIENT=@@CHARACTER_SET_CLIENT */;
/*!40101 SET @OLD_CHARACTER_SET_RESULTS=@@CHARACTER_SET_RESULTS */;
/*!40101 SET @OLD_COLLATION_CONNECTION=@@COLLATION_CONNECTION */;
/*!40101 SET NAMES utf8 */;
/*!40103 SET @OLD_TIME_ZONE=@@TIME_ZONE */;
/*!40103 SET TIME_ZONE='+00:00' */;
/*!40014 SET @OLD_UNIQUE_CHECKS=@@UNIQUE_CHECKS, UNIQUE_CHECKS=0 */;
/*!40014 SET @OLD_FOREIGN_KEY_CHECKS=@@FOREIGN_KEY_CHECKS, FOREIGN_KEY_CHECKS=0 */;
/*!40101 SET @OLD_SQL_MODE=@@SQL_MODE, SQL_MODE='NO_AUTO_VALUE_ON_ZERO' */;
/*!40111 SET @OLD_SQL_NOTES=@@SQL_NOTES, SQL_NOTES=0 */;

--
-- Dumping data for table `account`
--
-- WHERE:  id<1000

LOCK TABLES `account` WRITE;
/*!40000 ALTER TABLE `account` DISABLE KEYS */;
INSERT INTO `account` (`ID`, `NAME`, `ACTIVE`, `BROKER`, `ORDER_SERVICE_TYPE`, `SESSION_QUALIFIER`, `EXT_ACCOUNT`, `EXT_ACCOUNT_GROUP`, `EXT_ALLOCATION_PROFILE`, `EXT_CLEARING_ACCOUNT`) VALUES (100,'IB_NATIVE_TEST','\0','IB','IB_NATIVE',NULL,'DU127027',NULL,NULL,NULL);
INSERT INTO `account` (`ID`, `NAME`, `ACTIVE`, `BROKER`, `ORDER_SERVICE_TYPE`, `SESSION_QUALIFIER`, `EXT_ACCOUNT`, `EXT_ACCOUNT_GROUP`, `EXT_ALLOCATION_PROFILE`, `EXT_CLEARING_ACCOUNT`) VALUES (101,'IB_FIX_TEST','\0','IB','IB_FIX','IBFT',NULL,NULL,NULL,NULL);
INSERT INTO `account` (`ID`, `NAME`, `ACTIVE`, `BROKER`, `ORDER_SERVICE_TYPE`, `SESSION_QUALIFIER`, `EXT_ACCOUNT`, `EXT_ACCOUNT_GROUP`, `EXT_ALLOCATION_PROFILE`, `EXT_CLEARING_ACCOUNT`) VALUES (103,'DC_TEST','\0','DC','DC_FIX','DCT',NULL,NULL,NULL,NULL);
INSERT INTO `account` (`ID`, `NAME`, `ACTIVE`, `BROKER`, `ORDER_SERVICE_TYPE`, `SESSION_QUALIFIER`, `EXT_ACCOUNT`, `EXT_ACCOUNT_GROUP`, `EXT_ALLOCATION_PROFILE`, `EXT_CLEARING_ACCOUNT`) VALUES (104,'JPM_TEST','\0','JPM','JPM_FIX','JPMT',NULL,NULL,NULL,NULL);
INSERT INTO `account` (`ID`, `NAME`, `ACTIVE`, `BROKER`, `ORDER_SERVICE_TYPE`, `SESSION_QUALIFIER`, `EXT_ACCOUNT`, `EXT_ACCOUNT_GROUP`, `EXT_ALLOCATION_PROFILE`, `EXT_CLEARING_ACCOUNT`) VALUES (105,'RT_TEST','','RT','RT_FIX','RTT',NULL,NULL,NULL,NULL);
/*!40000 ALTER TABLE `account` ENABLE KEYS */;
UNLOCK TABLES;

--
-- Dumping data for table `broker_parameters`
--
-- WHERE:  id<1000

LOCK TABLES `broker_parameters` WRITE;
/*!40000 ALTER TABLE `broker_parameters` DISABLE KEYS */;
INSERT INTO `broker_parameters` (`ID`, `BROKER`, `BASE_SYMBOL`, `MARKET`, `EXECUTION_COMMISSION`, `CLEARING_COMMISSION`, `SECURITY_FAMILY_FK`) VALUES (1,'JPM',NULL,'XCBO',NULL,NULL,26);
INSERT INTO `broker_parameters` (`ID`, `BROKER`, `BASE_SYMBOL`, `MARKET`, `EXECUTION_COMMISSION`, `CLEARING_COMMISSION`, `SECURITY_FAMILY_FK`) VALUES (2,'JPM',NULL,'XCBF',NULL,NULL,22);
/*!40000 ALTER TABLE `broker_parameters` ENABLE KEYS */;
UNLOCK TABLES;

--
-- Dumping data for table `cash_balance`
--
-- WHERE:  id<1000

LOCK TABLES `cash_balance` WRITE;
/*!40000 ALTER TABLE `cash_balance` DISABLE KEYS */;
INSERT INTO `cash_balance` (`ID`, `CURRENCY`, `AMOUNT`, `STRATEGY_FK`, `VERSION`) VALUES (1,'USD',1000000.00,1,1);
/*!40000 ALTER TABLE `cash_balance` ENABLE KEYS */;
UNLOCK TABLES;

--
-- Dumping data for table `default_order_preference`
--
-- WHERE:  id<1000

LOCK TABLES `default_order_preference` WRITE;
/*!40000 ALTER TABLE `default_order_preference` DISABLE KEYS */;
INSERT INTO `default_order_preference` (`ID`, `ORDER_PREFERENCE_FK`, `STRATEGY_FK`, `SECURITY_FAMILY_FK`) VALUES (2,203,1,9);
/*!40000 ALTER TABLE `default_order_preference` ENABLE KEYS */;
UNLOCK TABLES;

--
-- Dumping data for table `forex`
--
-- WHERE:  id<1000

LOCK TABLES `forex` WRITE;
/*!40000 ALTER TABLE `forex` DISABLE KEYS */;
INSERT INTO `forex` (`ID`, `BASE_CURRENCY`) VALUES (8,'EUR');
INSERT INTO `forex` (`ID`, `BASE_CURRENCY`) VALUES (9,'USD');
INSERT INTO `forex` (`ID`, `BASE_CURRENCY`) VALUES (10,'EUR');
INSERT INTO `forex` (`ID`, `BASE_CURRENCY`) VALUES (11,'GBP');
/*!40000 ALTER TABLE `forex` ENABLE KEYS */;
UNLOCK TABLES;

--
-- Dumping data for table `future_family`
--
-- WHERE:  id<1000

LOCK TABLES `future_family` WRITE;
/*!40000 ALTER TABLE `future_family` DISABLE KEYS */;
INSERT INTO `future_family` (`ID`, `INTREST`, `DIVIDEND`, `MARGIN_PARAMETER`, `EXPIRATION_TYPE`, `EXPIRATION_DISTANCE`, `LENGTH`) VALUES (10,0,0,0,'NEXT_3_RD_FRIDAY_3_MONTHS','MONTH_3',3);
INSERT INTO `future_family` (`ID`, `INTREST`, `DIVIDEND`, `MARGIN_PARAMETER`, `EXPIRATION_TYPE`, `EXPIRATION_DISTANCE`, `LENGTH`) VALUES (22,0,0,0,'THIRTY_DAYS_BEFORE_NEXT_3_RD_FRIDAY','MONTH_1',8);
INSERT INTO `future_family` (`ID`, `INTREST`, `DIVIDEND`, `MARGIN_PARAMETER`, `EXPIRATION_TYPE`, `EXPIRATION_DISTANCE`, `LENGTH`) VALUES (23,0,0,0,'THIRTY_DAYS_BEFORE_NEXT_3_RD_FRIDAY','MONTH_1',3);
INSERT INTO `future_family` (`ID`, `INTREST`, `DIVIDEND`, `MARGIN_PARAMETER`, `EXPIRATION_TYPE`, `EXPIRATION_DISTANCE`, `LENGTH`) VALUES (27,0,0,0,'NEXT_3_RD_FRIDAY_3_MONTHS','MONTH_3',9);
INSERT INTO `future_family` (`ID`, `INTREST`, `DIVIDEND`, `MARGIN_PARAMETER`, `EXPIRATION_TYPE`, `EXPIRATION_DISTANCE`, `LENGTH`) VALUES (28,0,0,0,'NEXT_3_RD_FRIDAY_3_MONTHS','MONTH_3',4);
INSERT INTO `future_family` (`ID`, `INTREST`, `DIVIDEND`, `MARGIN_PARAMETER`, `EXPIRATION_TYPE`, `EXPIRATION_DISTANCE`, `LENGTH`) VALUES (44,0,0,0,'NEXT_3_RD_MONDAY_3_MONTHS','MONTH_3',3);
INSERT INTO `future_family` (`ID`, `INTREST`, `DIVIDEND`, `MARGIN_PARAMETER`, `EXPIRATION_TYPE`, `EXPIRATION_DISTANCE`, `LENGTH`) VALUES (45,0,0,0,'NEXT_3_RD_MONDAY_3_MONTHS','MONTH_3',3);
/*!40000 ALTER TABLE `future_family` ENABLE KEYS */;
UNLOCK TABLES;

--
-- Dumping data for table `generic_future`
--
-- WHERE:  id<1000

LOCK TABLES `generic_future` WRITE;
/*!40000 ALTER TABLE `generic_future` DISABLE KEYS */;
INSERT INTO `generic_future` (`ID`, `DURATION`) VALUES (13,1);
INSERT INTO `generic_future` (`ID`, `DURATION`) VALUES (14,1);
INSERT INTO `generic_future` (`ID`, `DURATION`) VALUES (15,1);
INSERT INTO `generic_future` (`ID`, `DURATION`) VALUES (21,1);
INSERT INTO `generic_future` (`ID`, `DURATION`) VALUES (22,2);
INSERT INTO `generic_future` (`ID`, `DURATION`) VALUES (23,3);
INSERT INTO `generic_future` (`ID`, `DURATION`) VALUES (24,4);
INSERT INTO `generic_future` (`ID`, `DURATION`) VALUES (25,5);
INSERT INTO `generic_future` (`ID`, `DURATION`) VALUES (26,6);
INSERT INTO `generic_future` (`ID`, `DURATION`) VALUES (27,7);
INSERT INTO `generic_future` (`ID`, `DURATION`) VALUES (28,8);
/*!40000 ALTER TABLE `generic_future` ENABLE KEYS */;
UNLOCK TABLES;

--
-- Dumping data for table `generic_future_family`
--
-- WHERE:  id<1000

LOCK TABLES `generic_future_family` WRITE;
/*!40000 ALTER TABLE `generic_future_family` DISABLE KEYS */;
INSERT INTO `generic_future_family` (`ID`, `EXPIRATION_TYPE`, `EXPIRATION_DISTANCE`) VALUES (12,'NEXT_3_RD_FRIDAY','MONTH_1');
INSERT INTO `generic_future_family` (`ID`, `EXPIRATION_TYPE`, `EXPIRATION_DISTANCE`) VALUES (13,'NEXT_3_RD_FRIDAY','MONTH_1');
INSERT INTO `generic_future_family` (`ID`, `EXPIRATION_TYPE`, `EXPIRATION_DISTANCE`) VALUES (14,'NEXT_3_RD_FRIDAY','MONTH_1');
INSERT INTO `generic_future_family` (`ID`, `EXPIRATION_TYPE`, `EXPIRATION_DISTANCE`) VALUES (21,'THIRTY_DAYS_BEFORE_NEXT_3_RD_FRIDAY','MONTH_1');
/*!40000 ALTER TABLE `generic_future_family` ENABLE KEYS */;
UNLOCK TABLES;

--
-- Dumping data for table `implied_volatility`
--
-- WHERE:  id<1000

LOCK TABLES `implied_volatility` WRITE;
/*!40000 ALTER TABLE `implied_volatility` DISABLE KEYS */;
INSERT INTO `implied_volatility` (`ID`, `DURATION`, `MONEYNESS`, `DELTA`, `TYPE`) VALUES (30,'YEAR_1',0.00,NULL,'CALL');
INSERT INTO `implied_volatility` (`ID`, `DURATION`, `MONEYNESS`, `DELTA`, `TYPE`) VALUES (31,'YEAR_1',0.05,NULL,'CALL');
INSERT INTO `implied_volatility` (`ID`, `DURATION`, `MONEYNESS`, `DELTA`, `TYPE`) VALUES (32,'YEAR_1',0.10,NULL,'CALL');
INSERT INTO `implied_volatility` (`ID`, `DURATION`, `MONEYNESS`, `DELTA`, `TYPE`) VALUES (33,'YEAR_1',0.20,NULL,'CALL');
INSERT INTO `implied_volatility` (`ID`, `DURATION`, `MONEYNESS`, `DELTA`, `TYPE`) VALUES (34,'MONTH_18',0.00,NULL,'CALL');
INSERT INTO `implied_volatility` (`ID`, `DURATION`, `MONEYNESS`, `DELTA`, `TYPE`) VALUES (35,'MONTH_18',0.05,NULL,'CALL');
INSERT INTO `implied_volatility` (`ID`, `DURATION`, `MONEYNESS`, `DELTA`, `TYPE`) VALUES (36,'MONTH_18',0.10,NULL,'CALL');
INSERT INTO `implied_volatility` (`ID`, `DURATION`, `MONEYNESS`, `DELTA`, `TYPE`) VALUES (37,'MONTH_18',0.20,NULL,'CALL');
/*!40000 ALTER TABLE `implied_volatility` ENABLE KEYS */;
UNLOCK TABLES;

--
-- Dumping data for table `index`
--
-- WHERE:  id<1000

LOCK TABLES `index` WRITE;
/*!40000 ALTER TABLE `index` DISABLE KEYS */;
INSERT INTO `index` (`ID`, `TYPE`) VALUES (2,'EQUITY');
INSERT INTO `index` (`ID`, `TYPE`) VALUES (3,'VOLATILITY');
INSERT INTO `index` (`ID`, `TYPE`) VALUES (4,'EQUITY');
INSERT INTO `index` (`ID`, `TYPE`) VALUES (5,'VOLATILITY');
INSERT INTO `index` (`ID`, `TYPE`) VALUES (12,'EQUITY');
INSERT INTO `index` (`ID`, `TYPE`) VALUES (29,'VOLATILITY');
/*!40000 ALTER TABLE `index` ENABLE KEYS */;
UNLOCK TABLES;

--
-- Dumping data for table `intrest_rate`
--
-- WHERE:  id<1000

LOCK TABLES `intrest_rate` WRITE;
/*!40000 ALTER TABLE `intrest_rate` DISABLE KEYS */;
INSERT INTO `intrest_rate` (`ID`, `DURATION`) VALUES (6,604800000);
INSERT INTO `intrest_rate` (`ID`, `DURATION`) VALUES (7,2592000000);
/*!40000 ALTER TABLE `intrest_rate` ENABLE KEYS */;
UNLOCK TABLES;

--
-- Dumping data for table `option_family`
--
-- WHERE:  id<1000

LOCK TABLES `option_family` WRITE;
/*!40000 ALTER TABLE `option_family` DISABLE KEYS */;
INSERT INTO `option_family` (`ID`, `INTREST`, `DIVIDEND`, `MARGIN_PARAMETER`, `EXPIRATION_TYPE`, `EXPIRATION_DISTANCE`, `STRIKE_DISTANCE`) VALUES (3,0.0015,0.03,0.075,'NEXT_3_RD_FRIDAY','MONTH_1',50);
INSERT INTO `option_family` (`ID`, `INTREST`, `DIVIDEND`, `MARGIN_PARAMETER`, `EXPIRATION_TYPE`, `EXPIRATION_DISTANCE`, `STRIKE_DISTANCE`) VALUES (6,0.006,0.03,0.075,'NEXT_3_RD_FRIDAY','MONTH_1',25);
INSERT INTO `option_family` (`ID`, `INTREST`, `DIVIDEND`, `MARGIN_PARAMETER`, `EXPIRATION_TYPE`, `EXPIRATION_DISTANCE`, `STRIKE_DISTANCE`) VALUES (24,0.009,0.02,0.075,'NEXT_3_RD_FRIDAY','MONTH_1',5);
INSERT INTO `option_family` (`ID`, `INTREST`, `DIVIDEND`, `MARGIN_PARAMETER`, `EXPIRATION_TYPE`, `EXPIRATION_DISTANCE`, `STRIKE_DISTANCE`) VALUES (26,0.01,0,0.075,'THIRTY_DAYS_BEFORE_NEXT_3_RD_FRIDAY','MONTH_1',1);
/*!40000 ALTER TABLE `option_family` ENABLE KEYS */;
UNLOCK TABLES;

--
-- Dumping data for table `order_preference`
--
-- WHERE:  id<1000

LOCK TABLES `order_preference` WRITE;
/*!40000 ALTER TABLE `order_preference` DISABLE KEYS */;
INSERT INTO `order_preference` (`ID`, `NAME`, `ORDER_TYPE`, `DEFAULT_ACCOUNT_FK`, `VERSION`) VALUES (201,'FVIX','SLICING',100,0);
INSERT INTO `order_preference` (`ID`, `NAME`, `ORDER_TYPE`, `DEFAULT_ACCOUNT_FK`, `VERSION`) VALUES (202,'OVIX','SLICING',100,0);
INSERT INTO `order_preference` (`ID`, `NAME`, `ORDER_TYPE`, `DEFAULT_ACCOUNT_FK`, `VERSION`) VALUES (203,'FX','MARKET',100,0);
/*!40000 ALTER TABLE `order_preference` ENABLE KEYS */;
UNLOCK TABLES;

--
-- Dumping data for table `property`
--
-- WHERE:  id<1000

LOCK TABLES `property` WRITE;
/*!40000 ALTER TABLE `property` DISABLE KEYS */;
INSERT INTO `property` (`ID`, `NAME`, `PERSISTENT`, `INT_VALUE`, `DOUBLE_VALUE`, `MONEY_VALUE`, `TEXT_VALUE`, `DATE_VALUE`, `BOOLEAN_VALUE`, `PROPERTY_HOLDER_FK`, `VERSION`) VALUES (37,'minVolPct','',NULL,0.2,NULL,NULL,NULL,NULL,201,0);
INSERT INTO `property` (`ID`, `NAME`, `PERSISTENT`, `INT_VALUE`, `DOUBLE_VALUE`, `MONEY_VALUE`, `TEXT_VALUE`, `DATE_VALUE`, `BOOLEAN_VALUE`, `PROPERTY_HOLDER_FK`, `VERSION`) VALUES (39,'maxVolPct','',NULL,1,NULL,NULL,NULL,NULL,201,0);
INSERT INTO `property` (`ID`, `NAME`, `PERSISTENT`, `INT_VALUE`, `DOUBLE_VALUE`, `MONEY_VALUE`, `TEXT_VALUE`, `DATE_VALUE`, `BOOLEAN_VALUE`, `PROPERTY_HOLDER_FK`, `VERSION`) VALUES (40,'maxQuantity','',20,NULL,NULL,NULL,NULL,NULL,201,0);
INSERT INTO `property` (`ID`, `NAME`, `PERSISTENT`, `INT_VALUE`, `DOUBLE_VALUE`, `MONEY_VALUE`, `TEXT_VALUE`, `DATE_VALUE`, `BOOLEAN_VALUE`, `PROPERTY_HOLDER_FK`, `VERSION`) VALUES (41,'minDuration','',NULL,1,NULL,NULL,NULL,NULL,201,0);
INSERT INTO `property` (`ID`, `NAME`, `PERSISTENT`, `INT_VALUE`, `DOUBLE_VALUE`, `MONEY_VALUE`, `TEXT_VALUE`, `DATE_VALUE`, `BOOLEAN_VALUE`, `PROPERTY_HOLDER_FK`, `VERSION`) VALUES (42,'maxDuration','',NULL,2,NULL,NULL,NULL,NULL,201,0);
INSERT INTO `property` (`ID`, `NAME`, `PERSISTENT`, `INT_VALUE`, `DOUBLE_VALUE`, `MONEY_VALUE`, `TEXT_VALUE`, `DATE_VALUE`, `BOOLEAN_VALUE`, `PROPERTY_HOLDER_FK`, `VERSION`) VALUES (43,'minDelay','',NULL,2,NULL,NULL,NULL,NULL,201,0);
INSERT INTO `property` (`ID`, `NAME`, `PERSISTENT`, `INT_VALUE`, `DOUBLE_VALUE`, `MONEY_VALUE`, `TEXT_VALUE`, `DATE_VALUE`, `BOOLEAN_VALUE`, `PROPERTY_HOLDER_FK`, `VERSION`) VALUES (44,'maxDelay','',NULL,3,NULL,NULL,NULL,NULL,201,0);
INSERT INTO `property` (`ID`, `NAME`, `PERSISTENT`, `INT_VALUE`, `DOUBLE_VALUE`, `MONEY_VALUE`, `TEXT_VALUE`, `DATE_VALUE`, `BOOLEAN_VALUE`, `PROPERTY_HOLDER_FK`, `VERSION`) VALUES (45,'minVolPct','',NULL,0.2,NULL,NULL,NULL,NULL,202,0);
INSERT INTO `property` (`ID`, `NAME`, `PERSISTENT`, `INT_VALUE`, `DOUBLE_VALUE`, `MONEY_VALUE`, `TEXT_VALUE`, `DATE_VALUE`, `BOOLEAN_VALUE`, `PROPERTY_HOLDER_FK`, `VERSION`) VALUES (46,'maxVolPct','',NULL,1,NULL,NULL,NULL,NULL,202,0);
INSERT INTO `property` (`ID`, `NAME`, `PERSISTENT`, `INT_VALUE`, `DOUBLE_VALUE`, `MONEY_VALUE`, `TEXT_VALUE`, `DATE_VALUE`, `BOOLEAN_VALUE`, `PROPERTY_HOLDER_FK`, `VERSION`) VALUES (47,'maxQuantity','',100,NULL,NULL,NULL,NULL,NULL,202,0);
INSERT INTO `property` (`ID`, `NAME`, `PERSISTENT`, `INT_VALUE`, `DOUBLE_VALUE`, `MONEY_VALUE`, `TEXT_VALUE`, `DATE_VALUE`, `BOOLEAN_VALUE`, `PROPERTY_HOLDER_FK`, `VERSION`) VALUES (48,'minDuration','',NULL,1,NULL,NULL,NULL,NULL,202,0);
INSERT INTO `property` (`ID`, `NAME`, `PERSISTENT`, `INT_VALUE`, `DOUBLE_VALUE`, `MONEY_VALUE`, `TEXT_VALUE`, `DATE_VALUE`, `BOOLEAN_VALUE`, `PROPERTY_HOLDER_FK`, `VERSION`) VALUES (49,'maxDuration','',NULL,2,NULL,NULL,NULL,NULL,202,0);
INSERT INTO `property` (`ID`, `NAME`, `PERSISTENT`, `INT_VALUE`, `DOUBLE_VALUE`, `MONEY_VALUE`, `TEXT_VALUE`, `DATE_VALUE`, `BOOLEAN_VALUE`, `PROPERTY_HOLDER_FK`, `VERSION`) VALUES (50,'minDelay','',NULL,10,NULL,NULL,NULL,NULL,202,0);
INSERT INTO `property` (`ID`, `NAME`, `PERSISTENT`, `INT_VALUE`, `DOUBLE_VALUE`, `MONEY_VALUE`, `TEXT_VALUE`, `DATE_VALUE`, `BOOLEAN_VALUE`, `PROPERTY_HOLDER_FK`, `VERSION`) VALUES (51,'maxDelay','',NULL,20,NULL,NULL,NULL,NULL,202,0);
/*!40000 ALTER TABLE `property` ENABLE KEYS */;
UNLOCK TABLES;

--
-- Dumping data for table `security`
--
-- WHERE:  id<1000

LOCK TABLES `security` WRITE;
/*!40000 ALTER TABLE `security` DISABLE KEYS */;
INSERT INTO `security` (`id`, `SYMBOL`, `ISIN`, `BBGID`, `RIC`, `CONID`, `UNDERLYING_FK`, `SECURITY_FAMILY_FK`, `INTREST_RATE_FAMILY_FK`) VALUES (2,'ESTX50','DE0009652396',NULL,NULL,'4356500',NULL,4,NULL);
INSERT INTO `security` (`id`, `SYMBOL`, `ISIN`, `BBGID`, `RIC`, `CONID`, `UNDERLYING_FK`, `SECURITY_FAMILY_FK`, `INTREST_RATE_FAMILY_FK`) VALUES (3,'V2TX','DE000A0C3QF1',NULL,NULL,'35913933',2,5,NULL);
INSERT INTO `security` (`id`, `SYMBOL`, `ISIN`, `BBGID`, `RIC`, `CONID`, `UNDERLYING_FK`, `SECURITY_FAMILY_FK`, `INTREST_RATE_FAMILY_FK`) VALUES (4,'SMI','CH0008616382',NULL,NULL,'1328305',NULL,1,7);
INSERT INTO `security` (`id`, `SYMBOL`, `ISIN`, `BBGID`, `RIC`, `CONID`, `UNDERLYING_FK`, `SECURITY_FAMILY_FK`, `INTREST_RATE_FAMILY_FK`) VALUES (5,'V3X','CH0019900841',NULL,NULL,'35913404',4,2,NULL);
INSERT INTO `security` (`id`, `SYMBOL`, `ISIN`, `BBGID`, `RIC`, `CONID`, `UNDERLYING_FK`, `SECURITY_FAMILY_FK`, `INTREST_RATE_FAMILY_FK`) VALUES (6,'CHFDOMDEP1W','CH0007475228',NULL,NULL,NULL,NULL,7,NULL);
INSERT INTO `security` (`id`, `SYMBOL`, `ISIN`, `BBGID`, `RIC`, `CONID`, `UNDERLYING_FK`, `SECURITY_FAMILY_FK`, `INTREST_RATE_FAMILY_FK`) VALUES (7,'CHFDOMDEP1M','CH0007473702',NULL,NULL,NULL,NULL,7,NULL);
INSERT INTO `security` (`id`, `SYMBOL`, `ISIN`, `BBGID`, `RIC`, `CONID`, `UNDERLYING_FK`, `SECURITY_FAMILY_FK`, `INTREST_RATE_FAMILY_FK`) VALUES (8,'EUR.CHF','EU0009654078',NULL,NULL,'12087817',NULL,8,NULL);
INSERT INTO `security` (`id`, `SYMBOL`, `ISIN`, `BBGID`, `RIC`, `CONID`, `UNDERLYING_FK`, `SECURITY_FAMILY_FK`, `INTREST_RATE_FAMILY_FK`) VALUES (9,'USD.CHF','XC0009652816',NULL,NULL,'12087820',NULL,8,NULL);
INSERT INTO `security` (`id`, `SYMBOL`, `ISIN`, `BBGID`, `RIC`, `CONID`, `UNDERLYING_FK`, `SECURITY_FAMILY_FK`, `INTREST_RATE_FAMILY_FK`) VALUES (10,'EUR.USD','EU0009652759',NULL,NULL,'12087792',NULL,9,NULL);
INSERT INTO `security` (`id`, `SYMBOL`, `ISIN`, `BBGID`, `RIC`, `CONID`, `UNDERLYING_FK`, `SECURITY_FAMILY_FK`, `INTREST_RATE_FAMILY_FK`) VALUES (11,'GBP.USD','GB0031973075',NULL,NULL,'12087797',NULL,9,NULL);
INSERT INTO `security` (`id`, `SYMBOL`, `ISIN`, `BBGID`, `RIC`, `CONID`, `UNDERLYING_FK`, `SECURITY_FAMILY_FK`, `INTREST_RATE_FAMILY_FK`) VALUES (12,'SPX','US78378X1072',NULL,NULL,'416904',NULL,11,NULL);
INSERT INTO `security` (`id`, `SYMBOL`, `ISIN`, `BBGID`, `RIC`, `CONID`, `UNDERLYING_FK`, `SECURITY_FAMILY_FK`, `INTREST_RATE_FAMILY_FK`) VALUES (13,'GF ES 1M',NULL,NULL,NULL,NULL,NULL,12,NULL);
INSERT INTO `security` (`id`, `SYMBOL`, `ISIN`, `BBGID`, `RIC`, `CONID`, `UNDERLYING_FK`, `SECURITY_FAMILY_FK`, `INTREST_RATE_FAMILY_FK`) VALUES (14,'GF LH 1M',NULL,NULL,NULL,NULL,NULL,13,NULL);
INSERT INTO `security` (`id`, `SYMBOL`, `ISIN`, `BBGID`, `RIC`, `CONID`, `UNDERLYING_FK`, `SECURITY_FAMILY_FK`, `INTREST_RATE_FAMILY_FK`) VALUES (15,'GF NG 1M',NULL,NULL,NULL,NULL,NULL,14,NULL);
INSERT INTO `security` (`id`, `SYMBOL`, `ISIN`, `BBGID`, `RIC`, `CONID`, `UNDERLYING_FK`, `SECURITY_FAMILY_FK`, `INTREST_RATE_FAMILY_FK`) VALUES (21,'UX1','UX1',NULL,NULL,NULL,29,21,NULL);
INSERT INTO `security` (`id`, `SYMBOL`, `ISIN`, `BBGID`, `RIC`, `CONID`, `UNDERLYING_FK`, `SECURITY_FAMILY_FK`, `INTREST_RATE_FAMILY_FK`) VALUES (22,'UX2','UX2',NULL,NULL,NULL,29,21,NULL);
INSERT INTO `security` (`id`, `SYMBOL`, `ISIN`, `BBGID`, `RIC`, `CONID`, `UNDERLYING_FK`, `SECURITY_FAMILY_FK`, `INTREST_RATE_FAMILY_FK`) VALUES (23,'UX3','UX3',NULL,NULL,NULL,29,21,NULL);
INSERT INTO `security` (`id`, `SYMBOL`, `ISIN`, `BBGID`, `RIC`, `CONID`, `UNDERLYING_FK`, `SECURITY_FAMILY_FK`, `INTREST_RATE_FAMILY_FK`) VALUES (24,'UX4','UX4',NULL,NULL,NULL,29,21,NULL);
INSERT INTO `security` (`id`, `SYMBOL`, `ISIN`, `BBGID`, `RIC`, `CONID`, `UNDERLYING_FK`, `SECURITY_FAMILY_FK`, `INTREST_RATE_FAMILY_FK`) VALUES (25,'UX5','UX5',NULL,NULL,NULL,29,21,NULL);
INSERT INTO `security` (`id`, `SYMBOL`, `ISIN`, `BBGID`, `RIC`, `CONID`, `UNDERLYING_FK`, `SECURITY_FAMILY_FK`, `INTREST_RATE_FAMILY_FK`) VALUES (26,'UX6','UX6',NULL,NULL,NULL,29,21,NULL);
INSERT INTO `security` (`id`, `SYMBOL`, `ISIN`, `BBGID`, `RIC`, `CONID`, `UNDERLYING_FK`, `SECURITY_FAMILY_FK`, `INTREST_RATE_FAMILY_FK`) VALUES (27,'UX7','UX7',NULL,NULL,NULL,29,21,NULL);
INSERT INTO `security` (`id`, `SYMBOL`, `ISIN`, `BBGID`, `RIC`, `CONID`, `UNDERLYING_FK`, `SECURITY_FAMILY_FK`, `INTREST_RATE_FAMILY_FK`) VALUES (28,'UX8','UX8',NULL,NULL,NULL,29,21,NULL);
INSERT INTO `security` (`id`, `SYMBOL`, `ISIN`, `BBGID`, `RIC`, `CONID`, `UNDERLYING_FK`, `SECURITY_FAMILY_FK`, `INTREST_RATE_FAMILY_FK`) VALUES (29,'VIX','XD0016891059',NULL,NULL,'13455763',12,20,NULL);
INSERT INTO `security` (`id`, `SYMBOL`, `ISIN`, `BBGID`, `RIC`, `CONID`, `UNDERLYING_FK`, `SECURITY_FAMILY_FK`, `INTREST_RATE_FAMILY_FK`) VALUES (30,'IV SPX 12M C0',NULL,NULL,NULL,NULL,12,25,NULL);
INSERT INTO `security` (`id`, `SYMBOL`, `ISIN`, `BBGID`, `RIC`, `CONID`, `UNDERLYING_FK`, `SECURITY_FAMILY_FK`, `INTREST_RATE_FAMILY_FK`) VALUES (31,'IV SPX 12M C5',NULL,NULL,NULL,NULL,12,25,NULL);
INSERT INTO `security` (`id`, `SYMBOL`, `ISIN`, `BBGID`, `RIC`, `CONID`, `UNDERLYING_FK`, `SECURITY_FAMILY_FK`, `INTREST_RATE_FAMILY_FK`) VALUES (32,'IV SPX 12M C10',NULL,NULL,NULL,NULL,12,25,NULL);
INSERT INTO `security` (`id`, `SYMBOL`, `ISIN`, `BBGID`, `RIC`, `CONID`, `UNDERLYING_FK`, `SECURITY_FAMILY_FK`, `INTREST_RATE_FAMILY_FK`) VALUES (33,'IV SPX 12M C20',NULL,NULL,NULL,NULL,12,25,NULL);
INSERT INTO `security` (`id`, `SYMBOL`, `ISIN`, `BBGID`, `RIC`, `CONID`, `UNDERLYING_FK`, `SECURITY_FAMILY_FK`, `INTREST_RATE_FAMILY_FK`) VALUES (34,'IV SPX 18M C0',NULL,NULL,NULL,NULL,12,25,NULL);
INSERT INTO `security` (`id`, `SYMBOL`, `ISIN`, `BBGID`, `RIC`, `CONID`, `UNDERLYING_FK`, `SECURITY_FAMILY_FK`, `INTREST_RATE_FAMILY_FK`) VALUES (35,'IV SPX 18M C5',NULL,NULL,NULL,NULL,12,25,NULL);
INSERT INTO `security` (`id`, `SYMBOL`, `ISIN`, `BBGID`, `RIC`, `CONID`, `UNDERLYING_FK`, `SECURITY_FAMILY_FK`, `INTREST_RATE_FAMILY_FK`) VALUES (36,'IV SPX 18M C10',NULL,NULL,NULL,NULL,12,25,NULL);
INSERT INTO `security` (`id`, `SYMBOL`, `ISIN`, `BBGID`, `RIC`, `CONID`, `UNDERLYING_FK`, `SECURITY_FAMILY_FK`, `INTREST_RATE_FAMILY_FK`) VALUES (37,'IV SPX 18M C20',NULL,NULL,NULL,NULL,12,25,NULL);
INSERT INTO `security` (`id`, `SYMBOL`, `ISIN`, `BBGID`, `RIC`, `CONID`, `UNDERLYING_FK`, `SECURITY_FAMILY_FK`, `INTREST_RATE_FAMILY_FK`) VALUES (40,'GOOG',NULL,NULL,NULL,'30351181',NULL,40,NULL);
INSERT INTO `security` (`id`, `SYMBOL`, `ISIN`, `BBGID`, `RIC`, `CONID`, `UNDERLYING_FK`, `SECURITY_FAMILY_FK`, `INTREST_RATE_FAMILY_FK`) VALUES (41,'MMM',NULL,NULL,NULL,'9720',NULL,41,NULL);
INSERT INTO `security` (`id`, `SYMBOL`, `ISIN`, `BBGID`, `RIC`, `CONID`, `UNDERLYING_FK`, `SECURITY_FAMILY_FK`, `INTREST_RATE_FAMILY_FK`) VALUES (42,'AA',NULL,NULL,NULL,'4005',NULL,41,NULL);
INSERT INTO `security` (`id`, `SYMBOL`, `ISIN`, `BBGID`, `RIC`, `CONID`, `UNDERLYING_FK`, `SECURITY_FAMILY_FK`, `INTREST_RATE_FAMILY_FK`) VALUES (43,'AXP',NULL,NULL,NULL,'4721',NULL,41,NULL);
INSERT INTO `security` (`id`, `SYMBOL`, `ISIN`, `BBGID`, `RIC`, `CONID`, `UNDERLYING_FK`, `SECURITY_FAMILY_FK`, `INTREST_RATE_FAMILY_FK`) VALUES (44,'T',NULL,NULL,NULL,'37018770',NULL,41,NULL);
INSERT INTO `security` (`id`, `SYMBOL`, `ISIN`, `BBGID`, `RIC`, `CONID`, `UNDERLYING_FK`, `SECURITY_FAMILY_FK`, `INTREST_RATE_FAMILY_FK`) VALUES (45,'BAC',NULL,NULL,NULL,'10098',NULL,41,NULL);
INSERT INTO `security` (`id`, `SYMBOL`, `ISIN`, `BBGID`, `RIC`, `CONID`, `UNDERLYING_FK`, `SECURITY_FAMILY_FK`, `INTREST_RATE_FAMILY_FK`) VALUES (46,'BA',NULL,NULL,NULL,'4762',NULL,41,NULL);
INSERT INTO `security` (`id`, `SYMBOL`, `ISIN`, `BBGID`, `RIC`, `CONID`, `UNDERLYING_FK`, `SECURITY_FAMILY_FK`, `INTREST_RATE_FAMILY_FK`) VALUES (47,'CAT',NULL,NULL,NULL,'5437',NULL,41,NULL);
INSERT INTO `security` (`id`, `SYMBOL`, `ISIN`, `BBGID`, `RIC`, `CONID`, `UNDERLYING_FK`, `SECURITY_FAMILY_FK`, `INTREST_RATE_FAMILY_FK`) VALUES (48,'CVX',NULL,NULL,NULL,'5684',NULL,41,NULL);
INSERT INTO `security` (`id`, `SYMBOL`, `ISIN`, `BBGID`, `RIC`, `CONID`, `UNDERLYING_FK`, `SECURITY_FAMILY_FK`, `INTREST_RATE_FAMILY_FK`) VALUES (49,'CSCO',NULL,NULL,NULL,'268084',NULL,40,NULL);
INSERT INTO `security` (`id`, `SYMBOL`, `ISIN`, `BBGID`, `RIC`, `CONID`, `UNDERLYING_FK`, `SECURITY_FAMILY_FK`, `INTREST_RATE_FAMILY_FK`) VALUES (50,'KO',NULL,NULL,NULL,'8894',NULL,41,NULL);
INSERT INTO `security` (`id`, `SYMBOL`, `ISIN`, `BBGID`, `RIC`, `CONID`, `UNDERLYING_FK`, `SECURITY_FAMILY_FK`, `INTREST_RATE_FAMILY_FK`) VALUES (51,'DD',NULL,NULL,NULL,'6366',NULL,41,NULL);
INSERT INTO `security` (`id`, `SYMBOL`, `ISIN`, `BBGID`, `RIC`, `CONID`, `UNDERLYING_FK`, `SECURITY_FAMILY_FK`, `INTREST_RATE_FAMILY_FK`) VALUES (52,'XOM',NULL,NULL,NULL,'13977',NULL,41,NULL);
INSERT INTO `security` (`id`, `SYMBOL`, `ISIN`, `BBGID`, `RIC`, `CONID`, `UNDERLYING_FK`, `SECURITY_FAMILY_FK`, `INTREST_RATE_FAMILY_FK`) VALUES (53,'GE',NULL,NULL,NULL,'7516',NULL,41,NULL);
INSERT INTO `security` (`id`, `SYMBOL`, `ISIN`, `BBGID`, `RIC`, `CONID`, `UNDERLYING_FK`, `SECURITY_FAMILY_FK`, `INTREST_RATE_FAMILY_FK`) VALUES (54,'HPQ',NULL,NULL,NULL,'9042756',NULL,41,NULL);
INSERT INTO `security` (`id`, `SYMBOL`, `ISIN`, `BBGID`, `RIC`, `CONID`, `UNDERLYING_FK`, `SECURITY_FAMILY_FK`, `INTREST_RATE_FAMILY_FK`) VALUES (55,'HD',NULL,NULL,NULL,'7930',NULL,41,NULL);
INSERT INTO `security` (`id`, `SYMBOL`, `ISIN`, `BBGID`, `RIC`, `CONID`, `UNDERLYING_FK`, `SECURITY_FAMILY_FK`, `INTREST_RATE_FAMILY_FK`) VALUES (56,'INTC',NULL,NULL,NULL,'270639',NULL,40,NULL);
INSERT INTO `security` (`id`, `SYMBOL`, `ISIN`, `BBGID`, `RIC`, `CONID`, `UNDERLYING_FK`, `SECURITY_FAMILY_FK`, `INTREST_RATE_FAMILY_FK`) VALUES (57,'IBM',NULL,NULL,NULL,'8314',NULL,41,NULL);
INSERT INTO `security` (`id`, `SYMBOL`, `ISIN`, `BBGID`, `RIC`, `CONID`, `UNDERLYING_FK`, `SECURITY_FAMILY_FK`, `INTREST_RATE_FAMILY_FK`) VALUES (58,'JNJ',NULL,NULL,NULL,'8719',NULL,41,NULL);
INSERT INTO `security` (`id`, `SYMBOL`, `ISIN`, `BBGID`, `RIC`, `CONID`, `UNDERLYING_FK`, `SECURITY_FAMILY_FK`, `INTREST_RATE_FAMILY_FK`) VALUES (59,'JPM',NULL,NULL,NULL,'1520593',NULL,41,NULL);
INSERT INTO `security` (`id`, `SYMBOL`, `ISIN`, `BBGID`, `RIC`, `CONID`, `UNDERLYING_FK`, `SECURITY_FAMILY_FK`, `INTREST_RATE_FAMILY_FK`) VALUES (61,'MCD',NULL,NULL,NULL,'9408',NULL,41,NULL);
INSERT INTO `security` (`id`, `SYMBOL`, `ISIN`, `BBGID`, `RIC`, `CONID`, `UNDERLYING_FK`, `SECURITY_FAMILY_FK`, `INTREST_RATE_FAMILY_FK`) VALUES (62,'MRK',NULL,NULL,NULL,'70101545',NULL,41,NULL);
INSERT INTO `security` (`id`, `SYMBOL`, `ISIN`, `BBGID`, `RIC`, `CONID`, `UNDERLYING_FK`, `SECURITY_FAMILY_FK`, `INTREST_RATE_FAMILY_FK`) VALUES (63,'MSFT',NULL,NULL,NULL,'272093',NULL,40,NULL);
INSERT INTO `security` (`id`, `SYMBOL`, `ISIN`, `BBGID`, `RIC`, `CONID`, `UNDERLYING_FK`, `SECURITY_FAMILY_FK`, `INTREST_RATE_FAMILY_FK`) VALUES (64,'PFE',NULL,NULL,NULL,'11031',NULL,41,NULL);
INSERT INTO `security` (`id`, `SYMBOL`, `ISIN`, `BBGID`, `RIC`, `CONID`, `UNDERLYING_FK`, `SECURITY_FAMILY_FK`, `INTREST_RATE_FAMILY_FK`) VALUES (65,'PG',NULL,NULL,NULL,'11054',NULL,41,NULL);
INSERT INTO `security` (`id`, `SYMBOL`, `ISIN`, `BBGID`, `RIC`, `CONID`, `UNDERLYING_FK`, `SECURITY_FAMILY_FK`, `INTREST_RATE_FAMILY_FK`) VALUES (66,'TRV',NULL,NULL,NULL,'43150617',NULL,41,NULL);
INSERT INTO `security` (`id`, `SYMBOL`, `ISIN`, `BBGID`, `RIC`, `CONID`, `UNDERLYING_FK`, `SECURITY_FAMILY_FK`, `INTREST_RATE_FAMILY_FK`) VALUES (67,'UTX',NULL,NULL,NULL,'13364',NULL,41,NULL);
INSERT INTO `security` (`id`, `SYMBOL`, `ISIN`, `BBGID`, `RIC`, `CONID`, `UNDERLYING_FK`, `SECURITY_FAMILY_FK`, `INTREST_RATE_FAMILY_FK`) VALUES (68,'VZ',NULL,NULL,NULL,'4901',NULL,41,NULL);
INSERT INTO `security` (`id`, `SYMBOL`, `ISIN`, `BBGID`, `RIC`, `CONID`, `UNDERLYING_FK`, `SECURITY_FAMILY_FK`, `INTREST_RATE_FAMILY_FK`) VALUES (69,'WMT',NULL,NULL,NULL,'13824',NULL,41,NULL);
INSERT INTO `security` (`id`, `SYMBOL`, `ISIN`, `BBGID`, `RIC`, `CONID`, `UNDERLYING_FK`, `SECURITY_FAMILY_FK`, `INTREST_RATE_FAMILY_FK`) VALUES (70,'DIS',NULL,NULL,NULL,'6459',NULL,41,NULL);
INSERT INTO `security` (`id`, `SYMBOL`, `ISIN`, `BBGID`, `RIC`, `CONID`, `UNDERLYING_FK`, `SECURITY_FAMILY_FK`, `INTREST_RATE_FAMILY_FK`) VALUES (71,'ATVI',NULL,NULL,NULL,'52424577',NULL,40,NULL);
INSERT INTO `security` (`id`, `SYMBOL`, `ISIN`, `BBGID`, `RIC`, `CONID`, `UNDERLYING_FK`, `SECURITY_FAMILY_FK`, `INTREST_RATE_FAMILY_FK`) VALUES (72,'ADBE',NULL,NULL,NULL,'265768',NULL,40,NULL);
INSERT INTO `security` (`id`, `SYMBOL`, `ISIN`, `BBGID`, `RIC`, `CONID`, `UNDERLYING_FK`, `SECURITY_FAMILY_FK`, `INTREST_RATE_FAMILY_FK`) VALUES (73,'AKAM',NULL,NULL,NULL,'6220356',NULL,40,NULL);
INSERT INTO `security` (`id`, `SYMBOL`, `ISIN`, `BBGID`, `RIC`, `CONID`, `UNDERLYING_FK`, `SECURITY_FAMILY_FK`, `INTREST_RATE_FAMILY_FK`) VALUES (74,'ALXN',NULL,NULL,NULL,'4726176',NULL,40,NULL);
INSERT INTO `security` (`id`, `SYMBOL`, `ISIN`, `BBGID`, `RIC`, `CONID`, `UNDERLYING_FK`, `SECURITY_FAMILY_FK`, `INTREST_RATE_FAMILY_FK`) VALUES (75,'ALTR',NULL,NULL,NULL,'266088',NULL,40,NULL);
INSERT INTO `security` (`id`, `SYMBOL`, `ISIN`, `BBGID`, `RIC`, `CONID`, `UNDERLYING_FK`, `SECURITY_FAMILY_FK`, `INTREST_RATE_FAMILY_FK`) VALUES (76,'AMZN',NULL,NULL,NULL,'3691937',NULL,40,NULL);
INSERT INTO `security` (`id`, `SYMBOL`, `ISIN`, `BBGID`, `RIC`, `CONID`, `UNDERLYING_FK`, `SECURITY_FAMILY_FK`, `INTREST_RATE_FAMILY_FK`) VALUES (77,'AMGN',NULL,NULL,NULL,'266145',NULL,40,NULL);
INSERT INTO `security` (`id`, `SYMBOL`, `ISIN`, `BBGID`, `RIC`, `CONID`, `UNDERLYING_FK`, `SECURITY_FAMILY_FK`, `INTREST_RATE_FAMILY_FK`) VALUES (78,'APOL',NULL,NULL,NULL,'1448506',NULL,40,NULL);
INSERT INTO `security` (`id`, `SYMBOL`, `ISIN`, `BBGID`, `RIC`, `CONID`, `UNDERLYING_FK`, `SECURITY_FAMILY_FK`, `INTREST_RATE_FAMILY_FK`) VALUES (79,'AAPL',NULL,NULL,NULL,'265598',NULL,40,NULL);
INSERT INTO `security` (`id`, `SYMBOL`, `ISIN`, `BBGID`, `RIC`, `CONID`, `UNDERLYING_FK`, `SECURITY_FAMILY_FK`, `INTREST_RATE_FAMILY_FK`) VALUES (80,'AMAT',NULL,NULL,NULL,'266093',NULL,40,NULL);
INSERT INTO `security` (`id`, `SYMBOL`, `ISIN`, `BBGID`, `RIC`, `CONID`, `UNDERLYING_FK`, `SECURITY_FAMILY_FK`, `INTREST_RATE_FAMILY_FK`) VALUES (81,'ADSK',NULL,NULL,NULL,'265681',NULL,40,NULL);
INSERT INTO `security` (`id`, `SYMBOL`, `ISIN`, `BBGID`, `RIC`, `CONID`, `UNDERLYING_FK`, `SECURITY_FAMILY_FK`, `INTREST_RATE_FAMILY_FK`) VALUES (82,'ADP',NULL,NULL,NULL,'4661',NULL,40,NULL);
INSERT INTO `security` (`id`, `SYMBOL`, `ISIN`, `BBGID`, `RIC`, `CONID`, `UNDERLYING_FK`, `SECURITY_FAMILY_FK`, `INTREST_RATE_FAMILY_FK`) VALUES (83,'BIDU',NULL,NULL,NULL,'35359385',NULL,40,NULL);
INSERT INTO `security` (`id`, `SYMBOL`, `ISIN`, `BBGID`, `RIC`, `CONID`, `UNDERLYING_FK`, `SECURITY_FAMILY_FK`, `INTREST_RATE_FAMILY_FK`) VALUES (84,'BBBY',NULL,NULL,NULL,'266630',NULL,40,NULL);
INSERT INTO `security` (`id`, `SYMBOL`, `ISIN`, `BBGID`, `RIC`, `CONID`, `UNDERLYING_FK`, `SECURITY_FAMILY_FK`, `INTREST_RATE_FAMILY_FK`) VALUES (85,'BIIB',NULL,NULL,NULL,'26734397',NULL,40,NULL);
INSERT INTO `security` (`id`, `SYMBOL`, `ISIN`, `BBGID`, `RIC`, `CONID`, `UNDERLYING_FK`, `SECURITY_FAMILY_FK`, `INTREST_RATE_FAMILY_FK`) VALUES (87,'BRCM',NULL,NULL,NULL,'4457302',NULL,40,NULL);
INSERT INTO `security` (`id`, `SYMBOL`, `ISIN`, `BBGID`, `RIC`, `CONID`, `UNDERLYING_FK`, `SECURITY_FAMILY_FK`, `INTREST_RATE_FAMILY_FK`) VALUES (88,'CHRW',NULL,NULL,NULL,'36320731',NULL,40,NULL);
INSERT INTO `security` (`id`, `SYMBOL`, `ISIN`, `BBGID`, `RIC`, `CONID`, `UNDERLYING_FK`, `SECURITY_FAMILY_FK`, `INTREST_RATE_FAMILY_FK`) VALUES (89,'CA',NULL,NULL,NULL,'37875225',NULL,40,NULL);
INSERT INTO `security` (`id`, `SYMBOL`, `ISIN`, `BBGID`, `RIC`, `CONID`, `UNDERLYING_FK`, `SECURITY_FAMILY_FK`, `INTREST_RATE_FAMILY_FK`) VALUES (90,'CELG',NULL,NULL,NULL,'267455',NULL,40,NULL);
INSERT INTO `security` (`id`, `SYMBOL`, `ISIN`, `BBGID`, `RIC`, `CONID`, `UNDERLYING_FK`, `SECURITY_FAMILY_FK`, `INTREST_RATE_FAMILY_FK`) VALUES (91,'CERN',NULL,NULL,NULL,'267475',NULL,40,NULL);
INSERT INTO `security` (`id`, `SYMBOL`, `ISIN`, `BBGID`, `RIC`, `CONID`, `UNDERLYING_FK`, `SECURITY_FAMILY_FK`, `INTREST_RATE_FAMILY_FK`) VALUES (92,'CHKP',NULL,NULL,NULL,'4172987',NULL,40,NULL);
INSERT INTO `security` (`id`, `SYMBOL`, `ISIN`, `BBGID`, `RIC`, `CONID`, `UNDERLYING_FK`, `SECURITY_FAMILY_FK`, `INTREST_RATE_FAMILY_FK`) VALUES (93,'CTXS',NULL,NULL,NULL,'1767080',NULL,40,NULL);
INSERT INTO `security` (`id`, `SYMBOL`, `ISIN`, `BBGID`, `RIC`, `CONID`, `UNDERLYING_FK`, `SECURITY_FAMILY_FK`, `INTREST_RATE_FAMILY_FK`) VALUES (94,'CTSH',NULL,NULL,NULL,'4728759',NULL,40,NULL);
INSERT INTO `security` (`id`, `SYMBOL`, `ISIN`, `BBGID`, `RIC`, `CONID`, `UNDERLYING_FK`, `SECURITY_FAMILY_FK`, `INTREST_RATE_FAMILY_FK`) VALUES (95,'CMCSA',NULL,NULL,NULL,'267748',NULL,40,NULL);
INSERT INTO `security` (`id`, `SYMBOL`, `ISIN`, `BBGID`, `RIC`, `CONID`, `UNDERLYING_FK`, `SECURITY_FAMILY_FK`, `INTREST_RATE_FAMILY_FK`) VALUES (96,'COST',NULL,NULL,NULL,'272997',NULL,40,NULL);
INSERT INTO `security` (`id`, `SYMBOL`, `ISIN`, `BBGID`, `RIC`, `CONID`, `UNDERLYING_FK`, `SECURITY_FAMILY_FK`, `INTREST_RATE_FAMILY_FK`) VALUES (97,'CTRP',NULL,NULL,NULL,'27008785',NULL,40,NULL);
INSERT INTO `security` (`id`, `SYMBOL`, `ISIN`, `BBGID`, `RIC`, `CONID`, `UNDERLYING_FK`, `SECURITY_FAMILY_FK`, `INTREST_RATE_FAMILY_FK`) VALUES (98,'DELL',NULL,NULL,NULL,'268395',NULL,40,NULL);
INSERT INTO `security` (`id`, `SYMBOL`, `ISIN`, `BBGID`, `RIC`, `CONID`, `UNDERLYING_FK`, `SECURITY_FAMILY_FK`, `INTREST_RATE_FAMILY_FK`) VALUES (99,'XRAY',NULL,NULL,NULL,'276229',NULL,40,NULL);
INSERT INTO `security` (`id`, `SYMBOL`, `ISIN`, `BBGID`, `RIC`, `CONID`, `UNDERLYING_FK`, `SECURITY_FAMILY_FK`, `INTREST_RATE_FAMILY_FK`) VALUES (100,'DTV',NULL,NULL,NULL,'112929551',NULL,40,NULL);
INSERT INTO `security` (`id`, `SYMBOL`, `ISIN`, `BBGID`, `RIC`, `CONID`, `UNDERLYING_FK`, `SECURITY_FAMILY_FK`, `INTREST_RATE_FAMILY_FK`) VALUES (101,'DLTR',NULL,NULL,NULL,'49388062',NULL,40,NULL);
INSERT INTO `security` (`id`, `SYMBOL`, `ISIN`, `BBGID`, `RIC`, `CONID`, `UNDERLYING_FK`, `SECURITY_FAMILY_FK`, `INTREST_RATE_FAMILY_FK`) VALUES (102,'EBAY',NULL,NULL,NULL,'4347086',NULL,40,NULL);
INSERT INTO `security` (`id`, `SYMBOL`, `ISIN`, `BBGID`, `RIC`, `CONID`, `UNDERLYING_FK`, `SECURITY_FAMILY_FK`, `INTREST_RATE_FAMILY_FK`) VALUES (104,'EXPE',NULL,NULL,NULL,'98542021',NULL,40,NULL);
INSERT INTO `security` (`id`, `SYMBOL`, `ISIN`, `BBGID`, `RIC`, `CONID`, `UNDERLYING_FK`, `SECURITY_FAMILY_FK`, `INTREST_RATE_FAMILY_FK`) VALUES (105,'EXPD',NULL,NULL,NULL,'269082',NULL,40,NULL);
INSERT INTO `security` (`id`, `SYMBOL`, `ISIN`, `BBGID`, `RIC`, `CONID`, `UNDERLYING_FK`, `SECURITY_FAMILY_FK`, `INTREST_RATE_FAMILY_FK`) VALUES (106,'ESRX',NULL,NULL,NULL,'105430010',NULL,40,NULL);
INSERT INTO `security` (`id`, `SYMBOL`, `ISIN`, `BBGID`, `RIC`, `CONID`, `UNDERLYING_FK`, `SECURITY_FAMILY_FK`, `INTREST_RATE_FAMILY_FK`) VALUES (107,'FFIV',NULL,NULL,NULL,'6248713',NULL,40,NULL);
INSERT INTO `security` (`id`, `SYMBOL`, `ISIN`, `BBGID`, `RIC`, `CONID`, `UNDERLYING_FK`, `SECURITY_FAMILY_FK`, `INTREST_RATE_FAMILY_FK`) VALUES (108,'FAST',NULL,NULL,NULL,'269120',NULL,40,NULL);
INSERT INTO `security` (`id`, `SYMBOL`, `ISIN`, `BBGID`, `RIC`, `CONID`, `UNDERLYING_FK`, `SECURITY_FAMILY_FK`, `INTREST_RATE_FAMILY_FK`) VALUES (109,'FSLR',NULL,NULL,NULL,'41622169',NULL,40,NULL);
INSERT INTO `security` (`id`, `SYMBOL`, `ISIN`, `BBGID`, `RIC`, `CONID`, `UNDERLYING_FK`, `SECURITY_FAMILY_FK`, `INTREST_RATE_FAMILY_FK`) VALUES (110,'FISV',NULL,NULL,NULL,'269315',NULL,40,NULL);
INSERT INTO `security` (`id`, `SYMBOL`, `ISIN`, `BBGID`, `RIC`, `CONID`, `UNDERLYING_FK`, `SECURITY_FAMILY_FK`, `INTREST_RATE_FAMILY_FK`) VALUES (111,'FLEX',NULL,NULL,NULL,'4596077',NULL,40,NULL);
INSERT INTO `security` (`id`, `SYMBOL`, `ISIN`, `BBGID`, `RIC`, `CONID`, `UNDERLYING_FK`, `SECURITY_FAMILY_FK`, `INTREST_RATE_FAMILY_FK`) VALUES (112,'FLIR',NULL,NULL,NULL,'269345',NULL,40,NULL);
INSERT INTO `security` (`id`, `SYMBOL`, `ISIN`, `BBGID`, `RIC`, `CONID`, `UNDERLYING_FK`, `SECURITY_FAMILY_FK`, `INTREST_RATE_FAMILY_FK`) VALUES (113,'GRMN',NULL,NULL,NULL,'76791198',NULL,40,NULL);
INSERT INTO `security` (`id`, `SYMBOL`, `ISIN`, `BBGID`, `RIC`, `CONID`, `UNDERLYING_FK`, `SECURITY_FAMILY_FK`, `INTREST_RATE_FAMILY_FK`) VALUES (114,'GILD',NULL,NULL,NULL,'269753',NULL,40,NULL);
INSERT INTO `security` (`id`, `SYMBOL`, `ISIN`, `BBGID`, `RIC`, `CONID`, `UNDERLYING_FK`, `SECURITY_FAMILY_FK`, `INTREST_RATE_FAMILY_FK`) VALUES (115,'GMCR',NULL,NULL,NULL,'4812348',NULL,40,NULL);
INSERT INTO `security` (`id`, `SYMBOL`, `ISIN`, `BBGID`, `RIC`, `CONID`, `UNDERLYING_FK`, `SECURITY_FAMILY_FK`, `INTREST_RATE_FAMILY_FK`) VALUES (116,'HSIC',NULL,NULL,NULL,'3655640',NULL,40,NULL);
INSERT INTO `security` (`id`, `SYMBOL`, `ISIN`, `BBGID`, `RIC`, `CONID`, `UNDERLYING_FK`, `SECURITY_FAMILY_FK`, `INTREST_RATE_FAMILY_FK`) VALUES (117,'ILMN',NULL,NULL,NULL,'9869443',NULL,40,NULL);
INSERT INTO `security` (`id`, `SYMBOL`, `ISIN`, `BBGID`, `RIC`, `CONID`, `UNDERLYING_FK`, `SECURITY_FAMILY_FK`, `INTREST_RATE_FAMILY_FK`) VALUES (118,'INFY',NULL,NULL,NULL,'4813460',NULL,40,NULL);
INSERT INTO `security` (`id`, `SYMBOL`, `ISIN`, `BBGID`, `RIC`, `CONID`, `UNDERLYING_FK`, `SECURITY_FAMILY_FK`, `INTREST_RATE_FAMILY_FK`) VALUES (119,'INTU',NULL,NULL,NULL,'270662',NULL,40,NULL);
INSERT INTO `security` (`id`, `SYMBOL`, `ISIN`, `BBGID`, `RIC`, `CONID`, `UNDERLYING_FK`, `SECURITY_FAMILY_FK`, `INTREST_RATE_FAMILY_FK`) VALUES (120,'ISRG',NULL,NULL,NULL,'9063285',NULL,40,NULL);
INSERT INTO `security` (`id`, `SYMBOL`, `ISIN`, `BBGID`, `RIC`, `CONID`, `UNDERLYING_FK`, `SECURITY_FAMILY_FK`, `INTREST_RATE_FAMILY_FK`) VALUES (122,'KLAC',NULL,NULL,NULL,'270957',NULL,40,NULL);
INSERT INTO `security` (`id`, `SYMBOL`, `ISIN`, `BBGID`, `RIC`, `CONID`, `UNDERLYING_FK`, `SECURITY_FAMILY_FK`, `INTREST_RATE_FAMILY_FK`) VALUES (123,'LRCX',NULL,NULL,NULL,'271308',NULL,40,NULL);
INSERT INTO `security` (`id`, `SYMBOL`, `ISIN`, `BBGID`, `RIC`, `CONID`, `UNDERLYING_FK`, `SECURITY_FAMILY_FK`, `INTREST_RATE_FAMILY_FK`) VALUES (124,'LINTA',NULL,NULL,NULL,'39095938',NULL,40,NULL);
INSERT INTO `security` (`id`, `SYMBOL`, `ISIN`, `BBGID`, `RIC`, `CONID`, `UNDERLYING_FK`, `SECURITY_FAMILY_FK`, `INTREST_RATE_FAMILY_FK`) VALUES (125,'LIFE',NULL,NULL,NULL,'55997443',NULL,40,NULL);
INSERT INTO `security` (`id`, `SYMBOL`, `ISIN`, `BBGID`, `RIC`, `CONID`, `UNDERLYING_FK`, `SECURITY_FAMILY_FK`, `INTREST_RATE_FAMILY_FK`) VALUES (126,'LLTC',NULL,NULL,NULL,'271245',NULL,40,NULL);
INSERT INTO `security` (`id`, `SYMBOL`, `ISIN`, `BBGID`, `RIC`, `CONID`, `UNDERLYING_FK`, `SECURITY_FAMILY_FK`, `INTREST_RATE_FAMILY_FK`) VALUES (127,'MRVL',NULL,NULL,NULL,'9541678',NULL,40,NULL);
INSERT INTO `security` (`id`, `SYMBOL`, `ISIN`, `BBGID`, `RIC`, `CONID`, `UNDERLYING_FK`, `SECURITY_FAMILY_FK`, `INTREST_RATE_FAMILY_FK`) VALUES (128,'MAT',NULL,NULL,NULL,'9365',NULL,40,NULL);
INSERT INTO `security` (`id`, `SYMBOL`, `ISIN`, `BBGID`, `RIC`, `CONID`, `UNDERLYING_FK`, `SECURITY_FAMILY_FK`, `INTREST_RATE_FAMILY_FK`) VALUES (129,'MXIM',NULL,NULL,NULL,'272207',NULL,40,NULL);
INSERT INTO `security` (`id`, `SYMBOL`, `ISIN`, `BBGID`, `RIC`, `CONID`, `UNDERLYING_FK`, `SECURITY_FAMILY_FK`, `INTREST_RATE_FAMILY_FK`) VALUES (130,'MCHP',NULL,NULL,NULL,'271568',NULL,40,NULL);
INSERT INTO `security` (`id`, `SYMBOL`, `ISIN`, `BBGID`, `RIC`, `CONID`, `UNDERLYING_FK`, `SECURITY_FAMILY_FK`, `INTREST_RATE_FAMILY_FK`) VALUES (131,'MU',NULL,NULL,NULL,'9939',NULL,40,NULL);
INSERT INTO `security` (`id`, `SYMBOL`, `ISIN`, `BBGID`, `RIC`, `CONID`, `UNDERLYING_FK`, `SECURITY_FAMILY_FK`, `INTREST_RATE_FAMILY_FK`) VALUES (132,'MYL',NULL,NULL,NULL,'10041',NULL,40,NULL);
INSERT INTO `security` (`id`, `SYMBOL`, `ISIN`, `BBGID`, `RIC`, `CONID`, `UNDERLYING_FK`, `SECURITY_FAMILY_FK`, `INTREST_RATE_FAMILY_FK`) VALUES (133,'NTAP',NULL,NULL,NULL,'49921110',NULL,40,NULL);
INSERT INTO `security` (`id`, `SYMBOL`, `ISIN`, `BBGID`, `RIC`, `CONID`, `UNDERLYING_FK`, `SECURITY_FAMILY_FK`, `INTREST_RATE_FAMILY_FK`) VALUES (134,'NFLX',NULL,NULL,NULL,'15124833',NULL,40,NULL);
INSERT INTO `security` (`id`, `SYMBOL`, `ISIN`, `BBGID`, `RIC`, `CONID`, `UNDERLYING_FK`, `SECURITY_FAMILY_FK`, `INTREST_RATE_FAMILY_FK`) VALUES (135,'NWSA',NULL,NULL,NULL,'129348126',NULL,40,NULL);
INSERT INTO `security` (`id`, `SYMBOL`, `ISIN`, `BBGID`, `RIC`, `CONID`, `UNDERLYING_FK`, `SECURITY_FAMILY_FK`, `INTREST_RATE_FAMILY_FK`) VALUES (136,'NIHD',NULL,NULL,NULL,'17321975',NULL,40,NULL);
INSERT INTO `security` (`id`, `SYMBOL`, `ISIN`, `BBGID`, `RIC`, `CONID`, `UNDERLYING_FK`, `SECURITY_FAMILY_FK`, `INTREST_RATE_FAMILY_FK`) VALUES (137,'NVDA',NULL,NULL,NULL,'4815747',NULL,40,NULL);
INSERT INTO `security` (`id`, `SYMBOL`, `ISIN`, `BBGID`, `RIC`, `CONID`, `UNDERLYING_FK`, `SECURITY_FAMILY_FK`, `INTREST_RATE_FAMILY_FK`) VALUES (138,'ORLY',NULL,NULL,NULL,'82457808',NULL,40,NULL);
INSERT INTO `security` (`id`, `SYMBOL`, `ISIN`, `BBGID`, `RIC`, `CONID`, `UNDERLYING_FK`, `SECURITY_FAMILY_FK`, `INTREST_RATE_FAMILY_FK`) VALUES (139,'ORCL',NULL,NULL,NULL,'272800',NULL,40,NULL);
INSERT INTO `security` (`id`, `SYMBOL`, `ISIN`, `BBGID`, `RIC`, `CONID`, `UNDERLYING_FK`, `SECURITY_FAMILY_FK`, `INTREST_RATE_FAMILY_FK`) VALUES (140,'PCAR',NULL,NULL,NULL,'272992',NULL,40,NULL);
INSERT INTO `security` (`id`, `SYMBOL`, `ISIN`, `BBGID`, `RIC`, `CONID`, `UNDERLYING_FK`, `SECURITY_FAMILY_FK`, `INTREST_RATE_FAMILY_FK`) VALUES (141,'PAYX',NULL,NULL,NULL,'272942',NULL,40,NULL);
INSERT INTO `security` (`id`, `SYMBOL`, `ISIN`, `BBGID`, `RIC`, `CONID`, `UNDERLYING_FK`, `SECURITY_FAMILY_FK`, `INTREST_RATE_FAMILY_FK`) VALUES (142,'PCLN',NULL,NULL,NULL,'4651842',NULL,40,NULL);
INSERT INTO `security` (`id`, `SYMBOL`, `ISIN`, `BBGID`, `RIC`, `CONID`, `UNDERLYING_FK`, `SECURITY_FAMILY_FK`, `INTREST_RATE_FAMILY_FK`) VALUES (143,'QGEN',NULL,NULL,NULL,'7498692',NULL,40,NULL);
INSERT INTO `security` (`id`, `SYMBOL`, `ISIN`, `BBGID`, `RIC`, `CONID`, `UNDERLYING_FK`, `SECURITY_FAMILY_FK`, `INTREST_RATE_FAMILY_FK`) VALUES (144,'QCOM',NULL,NULL,NULL,'273544',NULL,40,NULL);
INSERT INTO `security` (`id`, `SYMBOL`, `ISIN`, `BBGID`, `RIC`, `CONID`, `UNDERLYING_FK`, `SECURITY_FAMILY_FK`, `INTREST_RATE_FAMILY_FK`) VALUES (146,'ROST',NULL,NULL,NULL,'273939',NULL,40,NULL);
INSERT INTO `security` (`id`, `SYMBOL`, `ISIN`, `BBGID`, `RIC`, `CONID`, `UNDERLYING_FK`, `SECURITY_FAMILY_FK`, `INTREST_RATE_FAMILY_FK`) VALUES (147,'SNDK',NULL,NULL,NULL,'2025886',NULL,40,NULL);
INSERT INTO `security` (`id`, `SYMBOL`, `ISIN`, `BBGID`, `RIC`, `CONID`, `UNDERLYING_FK`, `SECURITY_FAMILY_FK`, `INTREST_RATE_FAMILY_FK`) VALUES (148,'STX',NULL,NULL,NULL,'76915240',NULL,40,NULL);
INSERT INTO `security` (`id`, `SYMBOL`, `ISIN`, `BBGID`, `RIC`, `CONID`, `UNDERLYING_FK`, `SECURITY_FAMILY_FK`, `INTREST_RATE_FAMILY_FK`) VALUES (149,'SHLD',NULL,NULL,NULL,'18396910',NULL,40,NULL);
INSERT INTO `security` (`id`, `SYMBOL`, `ISIN`, `BBGID`, `RIC`, `CONID`, `UNDERLYING_FK`, `SECURITY_FAMILY_FK`, `INTREST_RATE_FAMILY_FK`) VALUES (150,'SIAL',NULL,NULL,NULL,'274345',NULL,40,NULL);
INSERT INTO `security` (`id`, `SYMBOL`, `ISIN`, `BBGID`, `RIC`, `CONID`, `UNDERLYING_FK`, `SECURITY_FAMILY_FK`, `INTREST_RATE_FAMILY_FK`) VALUES (151,'SIRI',NULL,NULL,NULL,'53069174',NULL,40,NULL);
INSERT INTO `security` (`id`, `SYMBOL`, `ISIN`, `BBGID`, `RIC`, `CONID`, `UNDERLYING_FK`, `SECURITY_FAMILY_FK`, `INTREST_RATE_FAMILY_FK`) VALUES (152,'SPLS',NULL,NULL,NULL,'274599',NULL,40,NULL);
INSERT INTO `security` (`id`, `SYMBOL`, `ISIN`, `BBGID`, `RIC`, `CONID`, `UNDERLYING_FK`, `SECURITY_FAMILY_FK`, `INTREST_RATE_FAMILY_FK`) VALUES (153,'SBUX',NULL,NULL,NULL,'274105',NULL,40,NULL);
INSERT INTO `security` (`id`, `SYMBOL`, `ISIN`, `BBGID`, `RIC`, `CONID`, `UNDERLYING_FK`, `SECURITY_FAMILY_FK`, `INTREST_RATE_FAMILY_FK`) VALUES (154,'SRCL',NULL,NULL,NULL,'6478100',NULL,40,NULL);
INSERT INTO `security` (`id`, `SYMBOL`, `ISIN`, `BBGID`, `RIC`, `CONID`, `UNDERLYING_FK`, `SECURITY_FAMILY_FK`, `INTREST_RATE_FAMILY_FK`) VALUES (155,'SYMC',NULL,NULL,NULL,'274925',NULL,40,NULL);
INSERT INTO `security` (`id`, `SYMBOL`, `ISIN`, `BBGID`, `RIC`, `CONID`, `UNDERLYING_FK`, `SECURITY_FAMILY_FK`, `INTREST_RATE_FAMILY_FK`) VALUES (156,'TEVA',NULL,NULL,NULL,'275085',NULL,40,NULL);
INSERT INTO `security` (`id`, `SYMBOL`, `ISIN`, `BBGID`, `RIC`, `CONID`, `UNDERLYING_FK`, `SECURITY_FAMILY_FK`, `INTREST_RATE_FAMILY_FK`) VALUES (157,'URBN',NULL,NULL,NULL,'275527',NULL,40,NULL);
INSERT INTO `security` (`id`, `SYMBOL`, `ISIN`, `BBGID`, `RIC`, `CONID`, `UNDERLYING_FK`, `SECURITY_FAMILY_FK`, `INTREST_RATE_FAMILY_FK`) VALUES (158,'VRSN',NULL,NULL,NULL,'4173050',NULL,40,NULL);
INSERT INTO `security` (`id`, `SYMBOL`, `ISIN`, `BBGID`, `RIC`, `CONID`, `UNDERLYING_FK`, `SECURITY_FAMILY_FK`, `INTREST_RATE_FAMILY_FK`) VALUES (159,'VRTX',NULL,NULL,NULL,'275850',NULL,40,NULL);
INSERT INTO `security` (`id`, `SYMBOL`, `ISIN`, `BBGID`, `RIC`, `CONID`, `UNDERLYING_FK`, `SECURITY_FAMILY_FK`, `INTREST_RATE_FAMILY_FK`) VALUES (161,'VOD',NULL,NULL,NULL,'40301814',NULL,40,NULL);
INSERT INTO `security` (`id`, `SYMBOL`, `ISIN`, `BBGID`, `RIC`, `CONID`, `UNDERLYING_FK`, `SECURITY_FAMILY_FK`, `INTREST_RATE_FAMILY_FK`) VALUES (162,'WCRX',NULL,NULL,NULL,'67558862',NULL,40,NULL);
INSERT INTO `security` (`id`, `SYMBOL`, `ISIN`, `BBGID`, `RIC`, `CONID`, `UNDERLYING_FK`, `SECURITY_FAMILY_FK`, `INTREST_RATE_FAMILY_FK`) VALUES (163,'WFM',NULL,NULL,NULL,'276024',NULL,40,NULL);
INSERT INTO `security` (`id`, `SYMBOL`, `ISIN`, `BBGID`, `RIC`, `CONID`, `UNDERLYING_FK`, `SECURITY_FAMILY_FK`, `INTREST_RATE_FAMILY_FK`) VALUES (164,'WYNN',NULL,NULL,NULL,'16454492',NULL,40,NULL);
INSERT INTO `security` (`id`, `SYMBOL`, `ISIN`, `BBGID`, `RIC`, `CONID`, `UNDERLYING_FK`, `SECURITY_FAMILY_FK`, `INTREST_RATE_FAMILY_FK`) VALUES (165,'XLNX',NULL,NULL,NULL,'276222',NULL,40,NULL);
INSERT INTO `security` (`id`, `SYMBOL`, `ISIN`, `BBGID`, `RIC`, `CONID`, `UNDERLYING_FK`, `SECURITY_FAMILY_FK`, `INTREST_RATE_FAMILY_FK`) VALUES (166,'YHOO',NULL,NULL,NULL,'3312890',NULL,40,NULL);
/*!40000 ALTER TABLE `security` ENABLE KEYS */;
UNLOCK TABLES;

--
-- Dumping data for table `security_family`
--
-- WHERE:  id<1000

LOCK TABLES `security_family` WRITE;
/*!40000 ALTER TABLE `security_family` DISABLE KEYS */;
INSERT INTO `security_family` (`id`, `NAME`, `BASE_SYMBOL`, `ISIN_ROOT`, `RIC_ROOT`, `MARKET`, `CURRENCY`, `TRADING_CLASS`, `CONTRACT_SIZE`, `SCALE`, `TICK_SIZE_PATTERN`, `EXECUTION_COMMISSION`, `CLEARING_COMMISSION`, `MARKET_OPEN_DAY`, `MARKET_OPEN`, `MARKET_CLOSE`, `TRADEABLE`, `SYNTHETIC`, `SPREAD_SLOPE`, `SPREAD_CONSTANT`, `MAX_SPREAD_SLOPE`, `MAX_SPREAD_CONSTANT`, `PERIODICITY`, `MAX_GAP`, `UNDERLYING_FK`) VALUES (1,'SMI',NULL,NULL,NULL,'SOFFEX','CHF',NULL,1,2,'0<0.1',0.00,NULL,'MONDAY','09:00:00','17:20:00','\0','\0',NULL,NULL,NULL,NULL,'MIN',NULL,NULL);
INSERT INTO `security_family` (`id`, `NAME`, `BASE_SYMBOL`, `ISIN_ROOT`, `RIC_ROOT`, `MARKET`, `CURRENCY`, `TRADING_CLASS`, `CONTRACT_SIZE`, `SCALE`, `TICK_SIZE_PATTERN`, `EXECUTION_COMMISSION`, `CLEARING_COMMISSION`, `MARKET_OPEN_DAY`, `MARKET_OPEN`, `MARKET_CLOSE`, `TRADEABLE`, `SYNTHETIC`, `SPREAD_SLOPE`, `SPREAD_CONSTANT`, `MAX_SPREAD_SLOPE`, `MAX_SPREAD_CONSTANT`, `PERIODICITY`, `MAX_GAP`, `UNDERLYING_FK`) VALUES (2,'VSMI',NULL,NULL,NULL,'DTB','CHF',NULL,1,2,'0<0.01',NULL,NULL,'MONDAY','09:00:00','17:20:00','\0','\0',NULL,NULL,NULL,NULL,'MIN',NULL,4);
INSERT INTO `security_family` (`id`, `NAME`, `BASE_SYMBOL`, `ISIN_ROOT`, `RIC_ROOT`, `MARKET`, `CURRENCY`, `TRADING_CLASS`, `CONTRACT_SIZE`, `SCALE`, `TICK_SIZE_PATTERN`, `EXECUTION_COMMISSION`, `CLEARING_COMMISSION`, `MARKET_OPEN_DAY`, `MARKET_OPEN`, `MARKET_CLOSE`, `TRADEABLE`, `SYNTHETIC`, `SPREAD_SLOPE`, `SPREAD_CONSTANT`, `MAX_SPREAD_SLOPE`, `MAX_SPREAD_CONSTANT`, `PERIODICITY`, `MAX_GAP`, `UNDERLYING_FK`) VALUES (3,'SMI OPT','SMI',NULL,NULL,'SOFFEX','CHF',NULL,10,2,'0<0.1',2.40,NULL,'MONDAY','09:10:00','17:10:00','','\0',0.033,11.7,0.037,25,'MIN',NULL,4);
INSERT INTO `security_family` (`id`, `NAME`, `BASE_SYMBOL`, `ISIN_ROOT`, `RIC_ROOT`, `MARKET`, `CURRENCY`, `TRADING_CLASS`, `CONTRACT_SIZE`, `SCALE`, `TICK_SIZE_PATTERN`, `EXECUTION_COMMISSION`, `CLEARING_COMMISSION`, `MARKET_OPEN_DAY`, `MARKET_OPEN`, `MARKET_CLOSE`, `TRADEABLE`, `SYNTHETIC`, `SPREAD_SLOPE`, `SPREAD_CONSTANT`, `MAX_SPREAD_SLOPE`, `MAX_SPREAD_CONSTANT`, `PERIODICITY`, `MAX_GAP`, `UNDERLYING_FK`) VALUES (4,'ESTX50',NULL,NULL,NULL,'DTB','EUR',NULL,1,2,'0<0.01',NULL,NULL,'MONDAY','09:00:00','17:30:00','\0','\0',NULL,NULL,NULL,NULL,'MIN',NULL,NULL);
INSERT INTO `security_family` (`id`, `NAME`, `BASE_SYMBOL`, `ISIN_ROOT`, `RIC_ROOT`, `MARKET`, `CURRENCY`, `TRADING_CLASS`, `CONTRACT_SIZE`, `SCALE`, `TICK_SIZE_PATTERN`, `EXECUTION_COMMISSION`, `CLEARING_COMMISSION`, `MARKET_OPEN_DAY`, `MARKET_OPEN`, `MARKET_CLOSE`, `TRADEABLE`, `SYNTHETIC`, `SPREAD_SLOPE`, `SPREAD_CONSTANT`, `MAX_SPREAD_SLOPE`, `MAX_SPREAD_CONSTANT`, `PERIODICITY`, `MAX_GAP`, `UNDERLYING_FK`) VALUES (5,'V2TX',NULL,NULL,NULL,'DTB','EUR',NULL,1,2,'0<0.01',NULL,NULL,'MONDAY','09:00:00','17:30:00','\0','\0',NULL,NULL,NULL,NULL,'MIN',NULL,2);
INSERT INTO `security_family` (`id`, `NAME`, `BASE_SYMBOL`, `ISIN_ROOT`, `RIC_ROOT`, `MARKET`, `CURRENCY`, `TRADING_CLASS`, `CONTRACT_SIZE`, `SCALE`, `TICK_SIZE_PATTERN`, `EXECUTION_COMMISSION`, `CLEARING_COMMISSION`, `MARKET_OPEN_DAY`, `MARKET_OPEN`, `MARKET_CLOSE`, `TRADEABLE`, `SYNTHETIC`, `SPREAD_SLOPE`, `SPREAD_CONSTANT`, `MAX_SPREAD_SLOPE`, `MAX_SPREAD_CONSTANT`, `PERIODICITY`, `MAX_GAP`, `UNDERLYING_FK`) VALUES (6,'ESX50 OPT','ESTX50',NULL,NULL,'DTB','EUR',NULL,10,2,'0<0.1',1.21,NULL,'MONDAY','09:10:00','17:20:00','','\0',0.0133,6.7265,0.015,20,'MIN',NULL,2);
INSERT INTO `security_family` (`id`, `NAME`, `BASE_SYMBOL`, `ISIN_ROOT`, `RIC_ROOT`, `MARKET`, `CURRENCY`, `TRADING_CLASS`, `CONTRACT_SIZE`, `SCALE`, `TICK_SIZE_PATTERN`, `EXECUTION_COMMISSION`, `CLEARING_COMMISSION`, `MARKET_OPEN_DAY`, `MARKET_OPEN`, `MARKET_CLOSE`, `TRADEABLE`, `SYNTHETIC`, `SPREAD_SLOPE`, `SPREAD_CONSTANT`, `MAX_SPREAD_SLOPE`, `MAX_SPREAD_CONSTANT`, `PERIODICITY`, `MAX_GAP`, `UNDERLYING_FK`) VALUES (7,'DEPOSIT RATE CHF',NULL,NULL,NULL,'IDEALPRO','CHF',NULL,1,2,'0<0.01',NULL,NULL,'MONDAY','09:00:00','17:30:00','\0','\0',NULL,NULL,NULL,NULL,'DAY',NULL,NULL);
INSERT INTO `security_family` (`id`, `NAME`, `BASE_SYMBOL`, `ISIN_ROOT`, `RIC_ROOT`, `MARKET`, `CURRENCY`, `TRADING_CLASS`, `CONTRACT_SIZE`, `SCALE`, `TICK_SIZE_PATTERN`, `EXECUTION_COMMISSION`, `CLEARING_COMMISSION`, `MARKET_OPEN_DAY`, `MARKET_OPEN`, `MARKET_CLOSE`, `TRADEABLE`, `SYNTHETIC`, `SPREAD_SLOPE`, `SPREAD_CONSTANT`, `MAX_SPREAD_SLOPE`, `MAX_SPREAD_CONSTANT`, `PERIODICITY`, `MAX_GAP`, `UNDERLYING_FK`) VALUES (8,'CHF FX',NULL,NULL,NULL,'IDEALPRO','CHF',NULL,1,5,'0<0.00005',0.00,NULL,'SUNDAY','23:15:00','23:00:00','','\0',0,0.0001,0,0.0004,'HOUR',5,NULL);
INSERT INTO `security_family` (`id`, `NAME`, `BASE_SYMBOL`, `ISIN_ROOT`, `RIC_ROOT`, `MARKET`, `CURRENCY`, `TRADING_CLASS`, `CONTRACT_SIZE`, `SCALE`, `TICK_SIZE_PATTERN`, `EXECUTION_COMMISSION`, `CLEARING_COMMISSION`, `MARKET_OPEN_DAY`, `MARKET_OPEN`, `MARKET_CLOSE`, `TRADEABLE`, `SYNTHETIC`, `SPREAD_SLOPE`, `SPREAD_CONSTANT`, `MAX_SPREAD_SLOPE`, `MAX_SPREAD_CONSTANT`, `PERIODICITY`, `MAX_GAP`, `UNDERLYING_FK`) VALUES (9,'USD FX',NULL,NULL,NULL,'IDEALPRO','USD',NULL,1,5,'0<0.00005',0.00,NULL,'SUNDAY','23:15:00','23:00:00','','\0',0,0.0001,0,0.0004,'MIN',5,NULL);
INSERT INTO `security_family` (`id`, `NAME`, `BASE_SYMBOL`, `ISIN_ROOT`, `RIC_ROOT`, `MARKET`, `CURRENCY`, `TRADING_CLASS`, `CONTRACT_SIZE`, `SCALE`, `TICK_SIZE_PATTERN`, `EXECUTION_COMMISSION`, `CLEARING_COMMISSION`, `MARKET_OPEN_DAY`, `MARKET_OPEN`, `MARKET_CLOSE`, `TRADEABLE`, `SYNTHETIC`, `SPREAD_SLOPE`, `SPREAD_CONSTANT`, `MAX_SPREAD_SLOPE`, `MAX_SPREAD_CONSTANT`, `PERIODICITY`, `MAX_GAP`, `UNDERLYING_FK`) VALUES (10,'SMI FUT','SMI',NULL,NULL,'SOFFEX','CHF',NULL,10,2,'0<1.0',4.00,NULL,'MONDAY','07:50:00','22:00:00','','\0',0.0003,0,0.037,25,'MIN',NULL,4);
INSERT INTO `security_family` (`id`, `NAME`, `BASE_SYMBOL`, `ISIN_ROOT`, `RIC_ROOT`, `MARKET`, `CURRENCY`, `TRADING_CLASS`, `CONTRACT_SIZE`, `SCALE`, `TICK_SIZE_PATTERN`, `EXECUTION_COMMISSION`, `CLEARING_COMMISSION`, `MARKET_OPEN_DAY`, `MARKET_OPEN`, `MARKET_CLOSE`, `TRADEABLE`, `SYNTHETIC`, `SPREAD_SLOPE`, `SPREAD_CONSTANT`, `MAX_SPREAD_SLOPE`, `MAX_SPREAD_CONSTANT`, `PERIODICITY`, `MAX_GAP`, `UNDERLYING_FK`) VALUES (11,'SPX',NULL,NULL,NULL,'CBOE','USD',NULL,1,2,'0<0.01',0.00,NULL,'MONDAY','15:30:00','22:00:00','\0','\0',NULL,NULL,NULL,NULL,'MIN',NULL,NULL);
INSERT INTO `security_family` (`id`, `NAME`, `BASE_SYMBOL`, `ISIN_ROOT`, `RIC_ROOT`, `MARKET`, `CURRENCY`, `TRADING_CLASS`, `CONTRACT_SIZE`, `SCALE`, `TICK_SIZE_PATTERN`, `EXECUTION_COMMISSION`, `CLEARING_COMMISSION`, `MARKET_OPEN_DAY`, `MARKET_OPEN`, `MARKET_CLOSE`, `TRADEABLE`, `SYNTHETIC`, `SPREAD_SLOPE`, `SPREAD_CONSTANT`, `MAX_SPREAD_SLOPE`, `MAX_SPREAD_CONSTANT`, `PERIODICITY`, `MAX_GAP`, `UNDERLYING_FK`) VALUES (12,'ES GEN FUT','ES',NULL,NULL,'GLOBEX','USD',NULL,1,2,'0<0.01',0.00,NULL,'MONDAY','08:00:00','18:00:00','\0','\0',NULL,NULL,NULL,NULL,'HOUR',NULL,NULL);
INSERT INTO `security_family` (`id`, `NAME`, `BASE_SYMBOL`, `ISIN_ROOT`, `RIC_ROOT`, `MARKET`, `CURRENCY`, `TRADING_CLASS`, `CONTRACT_SIZE`, `SCALE`, `TICK_SIZE_PATTERN`, `EXECUTION_COMMISSION`, `CLEARING_COMMISSION`, `MARKET_OPEN_DAY`, `MARKET_OPEN`, `MARKET_CLOSE`, `TRADEABLE`, `SYNTHETIC`, `SPREAD_SLOPE`, `SPREAD_CONSTANT`, `MAX_SPREAD_SLOPE`, `MAX_SPREAD_CONSTANT`, `PERIODICITY`, `MAX_GAP`, `UNDERLYING_FK`) VALUES (13,'LH GEN FUT','LH',NULL,NULL,'CME','USD',NULL,1,2,'0<0.01',0.00,NULL,'MONDAY','08:00:00','18:00:00','\0','\0',NULL,NULL,NULL,NULL,'HOUR',NULL,NULL);
INSERT INTO `security_family` (`id`, `NAME`, `BASE_SYMBOL`, `ISIN_ROOT`, `RIC_ROOT`, `MARKET`, `CURRENCY`, `TRADING_CLASS`, `CONTRACT_SIZE`, `SCALE`, `TICK_SIZE_PATTERN`, `EXECUTION_COMMISSION`, `CLEARING_COMMISSION`, `MARKET_OPEN_DAY`, `MARKET_OPEN`, `MARKET_CLOSE`, `TRADEABLE`, `SYNTHETIC`, `SPREAD_SLOPE`, `SPREAD_CONSTANT`, `MAX_SPREAD_SLOPE`, `MAX_SPREAD_CONSTANT`, `PERIODICITY`, `MAX_GAP`, `UNDERLYING_FK`) VALUES (14,'NG GEN FUT','NG',NULL,NULL,'NYMEX','USD',NULL,1,2,'0<0.01',0.00,NULL,'MONDAY','08:00:00','18:00:00','\0','\0',NULL,NULL,NULL,NULL,'HOUR',NULL,NULL);
INSERT INTO `security_family` (`id`, `NAME`, `BASE_SYMBOL`, `ISIN_ROOT`, `RIC_ROOT`, `MARKET`, `CURRENCY`, `TRADING_CLASS`, `CONTRACT_SIZE`, `SCALE`, `TICK_SIZE_PATTERN`, `EXECUTION_COMMISSION`, `CLEARING_COMMISSION`, `MARKET_OPEN_DAY`, `MARKET_OPEN`, `MARKET_CLOSE`, `TRADEABLE`, `SYNTHETIC`, `SPREAD_SLOPE`, `SPREAD_CONSTANT`, `MAX_SPREAD_SLOPE`, `MAX_SPREAD_CONSTANT`, `PERIODICITY`, `MAX_GAP`, `UNDERLYING_FK`) VALUES (20,'VIX',NULL,NULL,NULL,'CBOE','USD',NULL,1,2,'0<0.01',NULL,NULL,'MONDAY','15:30:00','22:13:00','\0','\0',NULL,NULL,NULL,NULL,'MIN',3,12);
INSERT INTO `security_family` (`id`, `NAME`, `BASE_SYMBOL`, `ISIN_ROOT`, `RIC_ROOT`, `MARKET`, `CURRENCY`, `TRADING_CLASS`, `CONTRACT_SIZE`, `SCALE`, `TICK_SIZE_PATTERN`, `EXECUTION_COMMISSION`, `CLEARING_COMMISSION`, `MARKET_OPEN_DAY`, `MARKET_OPEN`, `MARKET_CLOSE`, `TRADEABLE`, `SYNTHETIC`, `SPREAD_SLOPE`, `SPREAD_CONSTANT`, `MAX_SPREAD_SLOPE`, `MAX_SPREAD_CONSTANT`, `PERIODICITY`, `MAX_GAP`, `UNDERLYING_FK`) VALUES (21,'UX',NULL,NULL,NULL,'CFE','USD',NULL,1000,2,'0<0.05',NULL,NULL,'MONDAY','14:00:00','22:15:00','\0','\0',NULL,NULL,NULL,NULL,NULL,NULL,29);
INSERT INTO `security_family` (`id`, `NAME`, `BASE_SYMBOL`, `ISIN_ROOT`, `RIC_ROOT`, `MARKET`, `CURRENCY`, `TRADING_CLASS`, `CONTRACT_SIZE`, `SCALE`, `TICK_SIZE_PATTERN`, `EXECUTION_COMMISSION`, `CLEARING_COMMISSION`, `MARKET_OPEN_DAY`, `MARKET_OPEN`, `MARKET_CLOSE`, `TRADEABLE`, `SYNTHETIC`, `SPREAD_SLOPE`, `SPREAD_CONSTANT`, `MAX_SPREAD_SLOPE`, `MAX_SPREAD_CONSTANT`, `PERIODICITY`, `MAX_GAP`, `UNDERLYING_FK`) VALUES (22,'VIX FUT','VIX',NULL,'VX','CFE','USD',NULL,1000,2,'0<0.05',1.73,2.20,'MONDAY','14:05:00','22:13:00','','\0',0,75,0,400,'MIN',15,29);
INSERT INTO `security_family` (`id`, `NAME`, `BASE_SYMBOL`, `ISIN_ROOT`, `RIC_ROOT`, `MARKET`, `CURRENCY`, `TRADING_CLASS`, `CONTRACT_SIZE`, `SCALE`, `TICK_SIZE_PATTERN`, `EXECUTION_COMMISSION`, `CLEARING_COMMISSION`, `MARKET_OPEN_DAY`, `MARKET_OPEN`, `MARKET_CLOSE`, `TRADEABLE`, `SYNTHETIC`, `SPREAD_SLOPE`, `SPREAD_CONSTANT`, `MAX_SPREAD_SLOPE`, `MAX_SPREAD_CONSTANT`, `PERIODICITY`, `MAX_GAP`, `UNDERLYING_FK`) VALUES (23,'VIX MINI FUT','VM',NULL,NULL,'CFE','USD',NULL,100,2,'0<0.05',1.97,NULL,'MONDAY','14:00:00','22:15:00','','\0',0,75,0,400,'MIN',NULL,29);
INSERT INTO `security_family` (`id`, `NAME`, `BASE_SYMBOL`, `ISIN_ROOT`, `RIC_ROOT`, `MARKET`, `CURRENCY`, `TRADING_CLASS`, `CONTRACT_SIZE`, `SCALE`, `TICK_SIZE_PATTERN`, `EXECUTION_COMMISSION`, `CLEARING_COMMISSION`, `MARKET_OPEN_DAY`, `MARKET_OPEN`, `MARKET_CLOSE`, `TRADEABLE`, `SYNTHETIC`, `SPREAD_SLOPE`, `SPREAD_CONSTANT`, `MAX_SPREAD_SLOPE`, `MAX_SPREAD_CONSTANT`, `PERIODICITY`, `MAX_GAP`, `UNDERLYING_FK`) VALUES (24,'SPX OPT','SPX',NULL,NULL,'CBOE','USD','SPX',100,2,'0<0.05 | 3<0.1',1.02,NULL,'MONDAY','15:30:00','22:15:00','','\0',0.013,6.726,0.015,20,'MIN',NULL,12);
INSERT INTO `security_family` (`id`, `NAME`, `BASE_SYMBOL`, `ISIN_ROOT`, `RIC_ROOT`, `MARKET`, `CURRENCY`, `TRADING_CLASS`, `CONTRACT_SIZE`, `SCALE`, `TICK_SIZE_PATTERN`, `EXECUTION_COMMISSION`, `CLEARING_COMMISSION`, `MARKET_OPEN_DAY`, `MARKET_OPEN`, `MARKET_CLOSE`, `TRADEABLE`, `SYNTHETIC`, `SPREAD_SLOPE`, `SPREAD_CONSTANT`, `MAX_SPREAD_SLOPE`, `MAX_SPREAD_CONSTANT`, `PERIODICITY`, `MAX_GAP`, `UNDERLYING_FK`) VALUES (25,'SPX IVOL',NULL,NULL,NULL,'CBOE','USD',NULL,1,4,'0<0.0001',NULL,NULL,'MONDAY','15:30:00','22:15:00','\0','\0',NULL,NULL,NULL,NULL,NULL,NULL,12);
INSERT INTO `security_family` (`id`, `NAME`, `BASE_SYMBOL`, `ISIN_ROOT`, `RIC_ROOT`, `MARKET`, `CURRENCY`, `TRADING_CLASS`, `CONTRACT_SIZE`, `SCALE`, `TICK_SIZE_PATTERN`, `EXECUTION_COMMISSION`, `CLEARING_COMMISSION`, `MARKET_OPEN_DAY`, `MARKET_OPEN`, `MARKET_CLOSE`, `TRADEABLE`, `SYNTHETIC`, `SPREAD_SLOPE`, `SPREAD_CONSTANT`, `MAX_SPREAD_SLOPE`, `MAX_SPREAD_CONSTANT`, `PERIODICITY`, `MAX_GAP`, `UNDERLYING_FK`) VALUES (26,'VIX OPT','VIX',NULL,NULL,'CBOE','USD',NULL,100,2,'0<0.05 | 3<0.1',1.01,0.35,'MONDAY','15:35:00','22:13:00','','\0',0.013,6.726,0.015,20,'MIN',120,29);
INSERT INTO `security_family` (`id`, `NAME`, `BASE_SYMBOL`, `ISIN_ROOT`, `RIC_ROOT`, `MARKET`, `CURRENCY`, `TRADING_CLASS`, `CONTRACT_SIZE`, `SCALE`, `TICK_SIZE_PATTERN`, `EXECUTION_COMMISSION`, `CLEARING_COMMISSION`, `MARKET_OPEN_DAY`, `MARKET_OPEN`, `MARKET_CLOSE`, `TRADEABLE`, `SYNTHETIC`, `SPREAD_SLOPE`, `SPREAD_CONSTANT`, `MAX_SPREAD_SLOPE`, `MAX_SPREAD_CONSTANT`, `PERIODICITY`, `MAX_GAP`, `UNDERLYING_FK`) VALUES (27,'SPX FUT','SPX',NULL,NULL,'CME','USD',NULL,250,2,'0<0.01',NULL,NULL,'MONDAY','15:30:00','22:15:00','','\0',NULL,NULL,NULL,NULL,'MIN',NULL,12);
INSERT INTO `security_family` (`id`, `NAME`, `BASE_SYMBOL`, `ISIN_ROOT`, `RIC_ROOT`, `MARKET`, `CURRENCY`, `TRADING_CLASS`, `CONTRACT_SIZE`, `SCALE`, `TICK_SIZE_PATTERN`, `EXECUTION_COMMISSION`, `CLEARING_COMMISSION`, `MARKET_OPEN_DAY`, `MARKET_OPEN`, `MARKET_CLOSE`, `TRADEABLE`, `SYNTHETIC`, `SPREAD_SLOPE`, `SPREAD_CONSTANT`, `MAX_SPREAD_SLOPE`, `MAX_SPREAD_CONSTANT`, `PERIODICITY`, `MAX_GAP`, `UNDERLYING_FK`) VALUES (28,'SPX EMINI','ES',NULL,NULL,'GLOBEX','USD',NULL,50,2,'0<0.01',NULL,NULL,'MONDAY','15:30:00','22:15:00','','\0',NULL,NULL,NULL,NULL,'MIN',NULL,12);
INSERT INTO `security_family` (`id`, `NAME`, `BASE_SYMBOL`, `ISIN_ROOT`, `RIC_ROOT`, `MARKET`, `CURRENCY`, `TRADING_CLASS`, `CONTRACT_SIZE`, `SCALE`, `TICK_SIZE_PATTERN`, `EXECUTION_COMMISSION`, `CLEARING_COMMISSION`, `MARKET_OPEN_DAY`, `MARKET_OPEN`, `MARKET_CLOSE`, `TRADEABLE`, `SYNTHETIC`, `SPREAD_SLOPE`, `SPREAD_CONSTANT`, `MAX_SPREAD_SLOPE`, `MAX_SPREAD_CONSTANT`, `PERIODICITY`, `MAX_GAP`, `UNDERLYING_FK`) VALUES (40,'NASDAQ',NULL,NULL,NULL,'SMART','USD',NULL,1,2,'0<0.01',0.00,NULL,'MONDAY','00:00:00','23:59:59','','\0',NULL,NULL,NULL,NULL,'MIN',NULL,NULL);
INSERT INTO `security_family` (`id`, `NAME`, `BASE_SYMBOL`, `ISIN_ROOT`, `RIC_ROOT`, `MARKET`, `CURRENCY`, `TRADING_CLASS`, `CONTRACT_SIZE`, `SCALE`, `TICK_SIZE_PATTERN`, `EXECUTION_COMMISSION`, `CLEARING_COMMISSION`, `MARKET_OPEN_DAY`, `MARKET_OPEN`, `MARKET_CLOSE`, `TRADEABLE`, `SYNTHETIC`, `SPREAD_SLOPE`, `SPREAD_CONSTANT`, `MAX_SPREAD_SLOPE`, `MAX_SPREAD_CONSTANT`, `PERIODICITY`, `MAX_GAP`, `UNDERLYING_FK`) VALUES (41,'NYSE',NULL,NULL,NULL,'SMART','USD',NULL,1,2,'0<0.01',0.00,NULL,'MONDAY','00:00:00','23:59:59','','\0',NULL,NULL,NULL,NULL,'MIN',NULL,NULL);
INSERT INTO `security_family` (`id`, `NAME`, `BASE_SYMBOL`, `ISIN_ROOT`, `RIC_ROOT`, `MARKET`, `CURRENCY`, `TRADING_CLASS`, `CONTRACT_SIZE`, `SCALE`, `TICK_SIZE_PATTERN`, `EXECUTION_COMMISSION`, `CLEARING_COMMISSION`, `MARKET_OPEN_DAY`, `MARKET_OPEN`, `MARKET_CLOSE`, `TRADEABLE`, `SYNTHETIC`, `SPREAD_SLOPE`, `SPREAD_CONSTANT`, `MAX_SPREAD_SLOPE`, `MAX_SPREAD_CONSTANT`, `PERIODICITY`, `MAX_GAP`, `UNDERLYING_FK`) VALUES (42,'VIX FUT COMBI',NULL,NULL,NULL,'CFE','USD',NULL,1000,2,'0<0.05',NULL,NULL,'MONDAY','14:00:00','22:15:00','\0','',NULL,NULL,NULL,NULL,NULL,NULL,29);
INSERT INTO `security_family` (`id`, `NAME`, `BASE_SYMBOL`, `ISIN_ROOT`, `RIC_ROOT`, `MARKET`, `CURRENCY`, `TRADING_CLASS`, `CONTRACT_SIZE`, `SCALE`, `TICK_SIZE_PATTERN`, `EXECUTION_COMMISSION`, `CLEARING_COMMISSION`, `MARKET_OPEN_DAY`, `MARKET_OPEN`, `MARKET_CLOSE`, `TRADEABLE`, `SYNTHETIC`, `SPREAD_SLOPE`, `SPREAD_CONSTANT`, `MAX_SPREAD_SLOPE`, `MAX_SPREAD_CONSTANT`, `PERIODICITY`, `MAX_GAP`, `UNDERLYING_FK`) VALUES (43,'VIX OPT COMBI',NULL,NULL,NULL,'CBOE','USD',NULL,100,2,'0<0.05 | 3<0.1',1.02,NULL,'MONDAY','15:35:00','22:15:00','\0','',NULL,NULL,NULL,NULL,NULL,NULL,29);
INSERT INTO `security_family` (`id`, `NAME`, `BASE_SYMBOL`, `ISIN_ROOT`, `RIC_ROOT`, `MARKET`, `CURRENCY`, `TRADING_CLASS`, `CONTRACT_SIZE`, `SCALE`, `TICK_SIZE_PATTERN`, `EXECUTION_COMMISSION`, `CLEARING_COMMISSION`, `MARKET_OPEN_DAY`, `MARKET_OPEN`, `MARKET_CLOSE`, `TRADEABLE`, `SYNTHETIC`, `SPREAD_SLOPE`, `SPREAD_CONSTANT`, `MAX_SPREAD_SLOPE`, `MAX_SPREAD_CONSTANT`, `PERIODICITY`, `MAX_GAP`, `UNDERLYING_FK`) VALUES (44,'EUR.USD MICRO FUT','M6E',NULL,NULL,'GLOBEX','USD',NULL,12500,4,'0<0.0001',0.33,1.38,'SUNDAY','23:00:00','22:00:00','','\0',0,0.0001,0,0.0004,'MIN',NULL,10);
INSERT INTO `security_family` (`id`, `NAME`, `BASE_SYMBOL`, `ISIN_ROOT`, `RIC_ROOT`, `MARKET`, `CURRENCY`, `TRADING_CLASS`, `CONTRACT_SIZE`, `SCALE`, `TICK_SIZE_PATTERN`, `EXECUTION_COMMISSION`, `CLEARING_COMMISSION`, `MARKET_OPEN_DAY`, `MARKET_OPEN`, `MARKET_CLOSE`, `TRADEABLE`, `SYNTHETIC`, `SPREAD_SLOPE`, `SPREAD_CONSTANT`, `MAX_SPREAD_SLOPE`, `MAX_SPREAD_CONSTANT`, `PERIODICITY`, `MAX_GAP`, `UNDERLYING_FK`) VALUES (45,'EUR.USD FUT','EUR',NULL,'EC','GLOBEX','USD',NULL,125000,4,'0<0.0001',0.33,2.42,'MONDAY','13:20:00','20:00:00','','\0',0,0.0001,0,0.0004,'MIN',NULL,10);
/*!40000 ALTER TABLE `security_family` ENABLE KEYS */;
UNLOCK TABLES;

--
-- Dumping data for table `stock`
--
-- WHERE:  id<1000

LOCK TABLES `stock` WRITE;
/*!40000 ALTER TABLE `stock` DISABLE KEYS */;
INSERT INTO `stock` (`ID`, `GICS`) VALUES (40,NULL);
INSERT INTO `stock` (`ID`, `GICS`) VALUES (41,NULL);
INSERT INTO `stock` (`ID`, `GICS`) VALUES (42,NULL);
INSERT INTO `stock` (`ID`, `GICS`) VALUES (43,NULL);
INSERT INTO `stock` (`ID`, `GICS`) VALUES (44,NULL);
INSERT INTO `stock` (`ID`, `GICS`) VALUES (45,NULL);
INSERT INTO `stock` (`ID`, `GICS`) VALUES (46,NULL);
INSERT INTO `stock` (`ID`, `GICS`) VALUES (47,NULL);
INSERT INTO `stock` (`ID`, `GICS`) VALUES (48,NULL);
INSERT INTO `stock` (`ID`, `GICS`) VALUES (49,NULL);
INSERT INTO `stock` (`ID`, `GICS`) VALUES (50,NULL);
INSERT INTO `stock` (`ID`, `GICS`) VALUES (51,NULL);
INSERT INTO `stock` (`ID`, `GICS`) VALUES (52,NULL);
INSERT INTO `stock` (`ID`, `GICS`) VALUES (53,NULL);
INSERT INTO `stock` (`ID`, `GICS`) VALUES (54,NULL);
INSERT INTO `stock` (`ID`, `GICS`) VALUES (55,NULL);
INSERT INTO `stock` (`ID`, `GICS`) VALUES (56,NULL);
INSERT INTO `stock` (`ID`, `GICS`) VALUES (57,NULL);
INSERT INTO `stock` (`ID`, `GICS`) VALUES (58,NULL);
INSERT INTO `stock` (`ID`, `GICS`) VALUES (59,NULL);
INSERT INTO `stock` (`ID`, `GICS`) VALUES (61,NULL);
INSERT INTO `stock` (`ID`, `GICS`) VALUES (62,NULL);
INSERT INTO `stock` (`ID`, `GICS`) VALUES (63,NULL);
INSERT INTO `stock` (`ID`, `GICS`) VALUES (64,NULL);
INSERT INTO `stock` (`ID`, `GICS`) VALUES (65,NULL);
INSERT INTO `stock` (`ID`, `GICS`) VALUES (66,NULL);
INSERT INTO `stock` (`ID`, `GICS`) VALUES (67,NULL);
INSERT INTO `stock` (`ID`, `GICS`) VALUES (68,NULL);
INSERT INTO `stock` (`ID`, `GICS`) VALUES (69,NULL);
INSERT INTO `stock` (`ID`, `GICS`) VALUES (70,NULL);
INSERT INTO `stock` (`ID`, `GICS`) VALUES (71,NULL);
INSERT INTO `stock` (`ID`, `GICS`) VALUES (72,NULL);
INSERT INTO `stock` (`ID`, `GICS`) VALUES (73,NULL);
INSERT INTO `stock` (`ID`, `GICS`) VALUES (74,NULL);
INSERT INTO `stock` (`ID`, `GICS`) VALUES (75,NULL);
INSERT INTO `stock` (`ID`, `GICS`) VALUES (76,NULL);
INSERT INTO `stock` (`ID`, `GICS`) VALUES (77,NULL);
INSERT INTO `stock` (`ID`, `GICS`) VALUES (78,NULL);
INSERT INTO `stock` (`ID`, `GICS`) VALUES (79,NULL);
INSERT INTO `stock` (`ID`, `GICS`) VALUES (80,NULL);
INSERT INTO `stock` (`ID`, `GICS`) VALUES (81,NULL);
INSERT INTO `stock` (`ID`, `GICS`) VALUES (82,NULL);
INSERT INTO `stock` (`ID`, `GICS`) VALUES (83,NULL);
INSERT INTO `stock` (`ID`, `GICS`) VALUES (84,NULL);
INSERT INTO `stock` (`ID`, `GICS`) VALUES (85,NULL);
INSERT INTO `stock` (`ID`, `GICS`) VALUES (87,NULL);
INSERT INTO `stock` (`ID`, `GICS`) VALUES (88,NULL);
INSERT INTO `stock` (`ID`, `GICS`) VALUES (89,NULL);
INSERT INTO `stock` (`ID`, `GICS`) VALUES (90,NULL);
INSERT INTO `stock` (`ID`, `GICS`) VALUES (91,NULL);
INSERT INTO `stock` (`ID`, `GICS`) VALUES (92,NULL);
INSERT INTO `stock` (`ID`, `GICS`) VALUES (93,NULL);
INSERT INTO `stock` (`ID`, `GICS`) VALUES (94,NULL);
INSERT INTO `stock` (`ID`, `GICS`) VALUES (95,NULL);
INSERT INTO `stock` (`ID`, `GICS`) VALUES (96,NULL);
INSERT INTO `stock` (`ID`, `GICS`) VALUES (97,NULL);
INSERT INTO `stock` (`ID`, `GICS`) VALUES (98,NULL);
INSERT INTO `stock` (`ID`, `GICS`) VALUES (99,NULL);
INSERT INTO `stock` (`ID`, `GICS`) VALUES (100,NULL);
INSERT INTO `stock` (`ID`, `GICS`) VALUES (101,NULL);
INSERT INTO `stock` (`ID`, `GICS`) VALUES (102,NULL);
INSERT INTO `stock` (`ID`, `GICS`) VALUES (104,NULL);
INSERT INTO `stock` (`ID`, `GICS`) VALUES (105,NULL);
INSERT INTO `stock` (`ID`, `GICS`) VALUES (106,NULL);
INSERT INTO `stock` (`ID`, `GICS`) VALUES (107,NULL);
INSERT INTO `stock` (`ID`, `GICS`) VALUES (108,NULL);
INSERT INTO `stock` (`ID`, `GICS`) VALUES (109,NULL);
INSERT INTO `stock` (`ID`, `GICS`) VALUES (110,NULL);
INSERT INTO `stock` (`ID`, `GICS`) VALUES (111,NULL);
INSERT INTO `stock` (`ID`, `GICS`) VALUES (112,NULL);
INSERT INTO `stock` (`ID`, `GICS`) VALUES (113,NULL);
INSERT INTO `stock` (`ID`, `GICS`) VALUES (114,NULL);
INSERT INTO `stock` (`ID`, `GICS`) VALUES (115,NULL);
INSERT INTO `stock` (`ID`, `GICS`) VALUES (116,NULL);
INSERT INTO `stock` (`ID`, `GICS`) VALUES (117,NULL);
INSERT INTO `stock` (`ID`, `GICS`) VALUES (118,NULL);
INSERT INTO `stock` (`ID`, `GICS`) VALUES (119,NULL);
INSERT INTO `stock` (`ID`, `GICS`) VALUES (120,NULL);
INSERT INTO `stock` (`ID`, `GICS`) VALUES (122,NULL);
INSERT INTO `stock` (`ID`, `GICS`) VALUES (123,NULL);
INSERT INTO `stock` (`ID`, `GICS`) VALUES (124,NULL);
INSERT INTO `stock` (`ID`, `GICS`) VALUES (125,NULL);
INSERT INTO `stock` (`ID`, `GICS`) VALUES (126,NULL);
INSERT INTO `stock` (`ID`, `GICS`) VALUES (127,NULL);
INSERT INTO `stock` (`ID`, `GICS`) VALUES (128,NULL);
INSERT INTO `stock` (`ID`, `GICS`) VALUES (129,NULL);
INSERT INTO `stock` (`ID`, `GICS`) VALUES (130,NULL);
INSERT INTO `stock` (`ID`, `GICS`) VALUES (131,NULL);
INSERT INTO `stock` (`ID`, `GICS`) VALUES (132,NULL);
INSERT INTO `stock` (`ID`, `GICS`) VALUES (133,NULL);
INSERT INTO `stock` (`ID`, `GICS`) VALUES (134,NULL);
INSERT INTO `stock` (`ID`, `GICS`) VALUES (135,NULL);
INSERT INTO `stock` (`ID`, `GICS`) VALUES (136,NULL);
INSERT INTO `stock` (`ID`, `GICS`) VALUES (137,NULL);
INSERT INTO `stock` (`ID`, `GICS`) VALUES (138,NULL);
INSERT INTO `stock` (`ID`, `GICS`) VALUES (139,NULL);
INSERT INTO `stock` (`ID`, `GICS`) VALUES (140,NULL);
INSERT INTO `stock` (`ID`, `GICS`) VALUES (141,NULL);
INSERT INTO `stock` (`ID`, `GICS`) VALUES (142,NULL);
INSERT INTO `stock` (`ID`, `GICS`) VALUES (143,NULL);
INSERT INTO `stock` (`ID`, `GICS`) VALUES (144,NULL);
INSERT INTO `stock` (`ID`, `GICS`) VALUES (146,NULL);
INSERT INTO `stock` (`ID`, `GICS`) VALUES (147,NULL);
INSERT INTO `stock` (`ID`, `GICS`) VALUES (148,NULL);
INSERT INTO `stock` (`ID`, `GICS`) VALUES (149,NULL);
INSERT INTO `stock` (`ID`, `GICS`) VALUES (150,NULL);
INSERT INTO `stock` (`ID`, `GICS`) VALUES (151,NULL);
INSERT INTO `stock` (`ID`, `GICS`) VALUES (152,NULL);
INSERT INTO `stock` (`ID`, `GICS`) VALUES (153,NULL);
INSERT INTO `stock` (`ID`, `GICS`) VALUES (154,NULL);
INSERT INTO `stock` (`ID`, `GICS`) VALUES (155,NULL);
INSERT INTO `stock` (`ID`, `GICS`) VALUES (156,NULL);
INSERT INTO `stock` (`ID`, `GICS`) VALUES (157,NULL);
INSERT INTO `stock` (`ID`, `GICS`) VALUES (158,NULL);
INSERT INTO `stock` (`ID`, `GICS`) VALUES (159,NULL);
INSERT INTO `stock` (`ID`, `GICS`) VALUES (161,NULL);
INSERT INTO `stock` (`ID`, `GICS`) VALUES (162,NULL);
INSERT INTO `stock` (`ID`, `GICS`) VALUES (163,NULL);
INSERT INTO `stock` (`ID`, `GICS`) VALUES (164,NULL);
INSERT INTO `stock` (`ID`, `GICS`) VALUES (165,NULL);
INSERT INTO `stock` (`ID`, `GICS`) VALUES (166,NULL);
/*!40000 ALTER TABLE `stock` ENABLE KEYS */;
UNLOCK TABLES;

--
-- Dumping data for table `strategy`
--
-- WHERE:  id<1000

LOCK TABLES `strategy` WRITE;
/*!40000 ALTER TABLE `strategy` DISABLE KEYS */;
INSERT INTO `strategy` (`id`, `NAME`, `AUTO_ACTIVATE`, `ALLOCATION`, `INIT_MODULES`, `RUN_MODULES`, `VERSION`) VALUES (1,'BASE','',0,'market-data,combination,current-values,market-data-simulation,trades,portfolio,performance,algo-slicing,market-data-ib',NULL,0);
/*!40000 ALTER TABLE `strategy` ENABLE KEYS */;
UNLOCK TABLES;

--
-- Dumping data for table `subscription`
--
-- WHERE:  id<1000

LOCK TABLES `subscription` WRITE;
/*!40000 ALTER TABLE `subscription` DISABLE KEYS */;
INSERT INTO `subscription` (`id`, `PERSISTENT`, `SECURITY_FK`, `STRATEGY_FK`, `VERSION`) VALUES (101,'',10,1,0);
/*!40000 ALTER TABLE `subscription` ENABLE KEYS */;
UNLOCK TABLES;

--
-- Dumping data for table `tick`
--
-- WHERE:  id<1000

LOCK TABLES `tick` WRITE;
/*!40000 ALTER TABLE `tick` DISABLE KEYS */;
INSERT INTO `tick` (`id`, `DATE_TIME`, `LAST`, `LAST_DATE_TIME`, `VOL`, `VOL_BID`, `VOL_ASK`, `BID`, `ASK`, `SECURITY_FK`) VALUES (1,'2000-01-01 00:00:00',NULL,NULL,0,0,0,'1.00000','1.00000',8);
INSERT INTO `tick` (`id`, `DATE_TIME`, `LAST`, `LAST_DATE_TIME`, `VOL`, `VOL_BID`, `VOL_ASK`, `BID`, `ASK`, `SECURITY_FK`) VALUES (2,'2000-01-01 00:00:00',NULL,NULL,0,0,0,'1.00000','1.00000',9);
INSERT INTO `tick` (`id`, `DATE_TIME`, `LAST`, `LAST_DATE_TIME`, `VOL`, `VOL_BID`, `VOL_ASK`, `BID`, `ASK`, `SECURITY_FK`) VALUES (3,'2000-01-01 00:00:00',NULL,NULL,0,0,0,'1.00000','1.00000',10);
/*!40000 ALTER TABLE `tick` ENABLE KEYS */;
UNLOCK TABLES;

--
-- Dumping data for table `transaction`
--
-- WHERE:  id<1000

LOCK TABLES `transaction` WRITE;
/*!40000 ALTER TABLE `transaction` DISABLE KEYS */;
INSERT INTO `transaction` (`id`, `EXT_ID`, `DATE_TIME`, `SETTLEMENT_DATE`, `QUANTITY`, `PRICE`, `EXECUTION_COMMISSION`, `CLEARING_COMMISSION`, `CURRENCY`, `TYPE`, `DESCRIPTION`, `SECURITY_FK`, `STRATEGY_FK`, `POSITION_FK`, `ACCOUNT_FK`) VALUES (1,NULL,'2012-08-16 00:00:00',NULL,1,1000000.000000,NULL,NULL,'USD','CREDIT',NULL,NULL,1,NULL,NULL);
/*!40000 ALTER TABLE `transaction` ENABLE KEYS */;
UNLOCK TABLES;
/*!40103 SET TIME_ZONE=@OLD_TIME_ZONE */;

/*!40101 SET SQL_MODE=@OLD_SQL_MODE */;
/*!40014 SET FOREIGN_KEY_CHECKS=@OLD_FOREIGN_KEY_CHECKS */;
/*!40014 SET UNIQUE_CHECKS=@OLD_UNIQUE_CHECKS */;
/*!40101 SET CHARACTER_SET_CLIENT=@OLD_CHARACTER_SET_CLIENT */;
/*!40101 SET CHARACTER_SET_RESULTS=@OLD_CHARACTER_SET_RESULTS */;
/*!40101 SET COLLATION_CONNECTION=@OLD_COLLATION_CONNECTION */;
/*!40111 SET SQL_NOTES=@OLD_SQL_NOTES */;

-- Dump completed on 2013-11-15 12:35:47
