-- MySQL dump 10.13  Distrib 5.6.15, for Win64 (x86_64)
--
-- Host: localhost    Database: algotrader
-- ------------------------------------------------------
-- Server version    5.6.15-log

/*!40101 SET @OLD_CHARACTER_SET_CLIENT=@@CHARACTER_SET_CLIENT */;
/*!40101 SET @OLD_CHARACTER_SET_RESULTS=@@CHARACTER_SET_RESULTS */;
/*!40101 SET @OLD_COLLATION_CONNECTION=@@COLLATION_CONNECTION */;
/*!40101 SET NAMES utf8 */;
/*!40103 SET @OLD_TIME_ZONE=@@TIME_ZONE */;
/*!40103 SET TIME_ZONE='+00:00' */;
/*!40014 SET @OLD_UNIQUE_CHECKS=@@UNIQUE_CHECKS, UNIQUE_CHECKS=0 */;
/*!40014 SET @OLD_FOREIGN_KEY_CHECKS=@@FOREIGN_KEY_CHECKS, FOREIGN_KEY_CHECKS=0 */;
/*!40101 SET @OLD_SQL_MODE=@@SQL_MODE, SQL_MODE='NO_AUTO_VALUE_ON_ZERO' */;
/*!40111 SET @OLD_SQL_NOTES=@@SQL_NOTES, SQL_NOTES=0 */;

--
-- Dumping data for table `account`
--
-- WHERE:  id<1000

INSERT INTO `account` (`ID`, `NAME`, `ACTIVE`, `BROKER`, `ORDER_SERVICE_TYPE`, `SESSION_QUALIFIER`, `EXT_ACCOUNT`, `EXT_ACCOUNT_GROUP`, `EXT_ALLOCATION_PROFILE`, `EXT_CLEARING_ACCOUNT`) VALUES (100,'IB_NATIVE_TEST','\0','IB','IB_NATIVE',NULL,'DU127027',NULL,NULL,NULL);
INSERT INTO `account` (`ID`, `NAME`, `ACTIVE`, `BROKER`, `ORDER_SERVICE_TYPE`, `SESSION_QUALIFIER`, `EXT_ACCOUNT`, `EXT_ACCOUNT_GROUP`, `EXT_ALLOCATION_PROFILE`, `EXT_CLEARING_ACCOUNT`) VALUES (101,'IB_FIX_TEST','\0','IB','IB_FIX','IBFT',NULL,NULL,NULL,NULL);
INSERT INTO `account` (`ID`, `NAME`, `ACTIVE`, `BROKER`, `ORDER_SERVICE_TYPE`, `SESSION_QUALIFIER`, `EXT_ACCOUNT`, `EXT_ACCOUNT_GROUP`, `EXT_ALLOCATION_PROFILE`, `EXT_CLEARING_ACCOUNT`) VALUES (103,'DC_TEST','\0','DC','DC_FIX','DCT',NULL,NULL,NULL,NULL);
INSERT INTO `account` (`ID`, `NAME`, `ACTIVE`, `BROKER`, `ORDER_SERVICE_TYPE`, `SESSION_QUALIFIER`, `EXT_ACCOUNT`, `EXT_ACCOUNT_GROUP`, `EXT_ALLOCATION_PROFILE`, `EXT_CLEARING_ACCOUNT`) VALUES (104,'JPM_TEST','\0','JPM','JPM_FIX','JPMT',NULL,NULL,NULL,NULL);
INSERT INTO `account` (`ID`, `NAME`, `ACTIVE`, `BROKER`, `ORDER_SERVICE_TYPE`, `SESSION_QUALIFIER`, `EXT_ACCOUNT`, `EXT_ACCOUNT_GROUP`, `EXT_ALLOCATION_PROFILE`, `EXT_CLEARING_ACCOUNT`) VALUES (105,'RT_TEST','\0','RT','RT_FIX','RTT',NULL,NULL,NULL,NULL);
INSERT INTO `account` (`ID`, `NAME`, `ACTIVE`, `BROKER`, `ORDER_SERVICE_TYPE`, `SESSION_QUALIFIER`, `EXT_ACCOUNT`, `EXT_ACCOUNT_GROUP`, `EXT_ALLOCATION_PROFILE`, `EXT_CLEARING_ACCOUNT`) VALUES (106,'LMAX_TEST','\0','LMAX','LMAX_FIX','LMAXT',NULL,NULL,NULL,NULL);
INSERT INTO `account` (`ID`, `NAME`, `ACTIVE`, `BROKER`, `ORDER_SERVICE_TYPE`, `SESSION_QUALIFIER`, `EXT_ACCOUNT`, `EXT_ACCOUNT_GROUP`, `EXT_ALLOCATION_PROFILE`, `EXT_CLEARING_ACCOUNT`) VALUES (107,'FXCM_TEST','\0','FXCM','FXCM_FIX','FXCM','01727399',NULL,NULL,NULL);
INSERT INTO `account` (`ID`, `NAME`, `ACTIVE`, `BROKER`, `ORDER_SERVICE_TYPE`, `SESSION_QUALIFIER`, `EXT_ACCOUNT`, `EXT_ACCOUNT_GROUP`, `EXT_ALLOCATION_PROFILE`, `EXT_CLEARING_ACCOUNT`) VALUES (108,'CNX_TEST','\0','CNX','CNX_FIX','CNXT',NULL,NULL,NULL,NULL);

--
-- Dumping data for table `broker_parameters`
--
-- WHERE:  id<1000

INSERT INTO `broker_parameters` (`ID`, `BROKER`, `SYMBOL_ROOT`, `EXCHANGE_CODE`, `EXECUTION_COMMISSION`, `CLEARING_COMMISSION`, `FEE`, `SECURITY_FAMILY_FK`) VALUES (1,'JPM',NULL,'XCBO',NULL,NULL,NULL,26);
INSERT INTO `broker_parameters` (`ID`, `BROKER`, `SYMBOL_ROOT`, `EXCHANGE_CODE`, `EXECUTION_COMMISSION`, `CLEARING_COMMISSION`, `FEE`, `SECURITY_FAMILY_FK`) VALUES (2,'JPM',NULL,'XCBF',NULL,NULL,NULL,22);

--
-- Dumping data for table `cash_balance`
--
-- WHERE:  id<1000

INSERT INTO `cash_balance` (`ID`, `CURRENCY`, `AMOUNT`, `STRATEGY_FK`, `VERSION`) VALUES (1,'USD',1000000.00,1,1);

--
-- Dumping data for table `default_order_preference`
--
-- WHERE:  id<1000

INSERT INTO `default_order_preference` (`ID`, `ORDER_PREFERENCE_FK`, `STRATEGY_FK`, `SECURITY_FAMILY_FK`) VALUES (2,203,1,9);

--
-- Dumping data for table `exchange`
--
-- WHERE:  id<1000

INSERT INTO `exchange` (`ID`, `NAME`, `CODE`, `TIME_ZONE`) VALUES (1,'EUREX SMI','SOFFEX','Europe/Berlin');
INSERT INTO `exchange` (`ID`, `NAME`, `CODE`, `TIME_ZONE`) VALUES (2,'EUREX ESTX50','DTB','Europe/Berlin');
INSERT INTO `exchange` (`ID`, `NAME`, `CODE`, `TIME_ZONE`) VALUES (3,'IDEALPRO','IDEALPRO','US/Eastern');
INSERT INTO `exchange` (`ID`, `NAME`, `CODE`, `TIME_ZONE`) VALUES (4,'EUREX CH FUT','SOFFEX','US/Eastern');
INSERT INTO `exchange` (`ID`, `NAME`, `CODE`, `TIME_ZONE`) VALUES (5,'CBOE','CBOE','US/Central');
INSERT INTO `exchange` (`ID`, `NAME`, `CODE`, `TIME_ZONE`) VALUES (6,'CME','CME','US/Central');
INSERT INTO `exchange` (`ID`, `NAME`, `CODE`, `TIME_ZONE`) VALUES (8,'CFE','CFE','US/Central');
INSERT INTO `exchange` (`ID`, `NAME`, `CODE`, `TIME_ZONE`) VALUES (9,'GLOBEX EMINI','GLOBEX','US/Central');
INSERT INTO `exchange` (`ID`, `NAME`, `CODE`, `TIME_ZONE`) VALUES (10,'SMART','SMART','US/Eastern');
INSERT INTO `exchange` (`ID`, `NAME`, `CODE`, `TIME_ZONE`) VALUES (11,'GLOBEX FX FUT','GLOBEX','US/Central');

--
-- Dumping data for table `forex`
--
-- WHERE:  id<1000

INSERT INTO `forex` (`ID`, `BASE_CURRENCY`) VALUES (8,'EUR');
INSERT INTO `forex` (`ID`, `BASE_CURRENCY`) VALUES (9,'USD');
INSERT INTO `forex` (`ID`, `BASE_CURRENCY`) VALUES (10,'EUR');
INSERT INTO `forex` (`ID`, `BASE_CURRENCY`) VALUES (11,'GBP');

--
-- Dumping data for table `future_family`
--
-- WHERE:  id<1000

INSERT INTO `future_family` (`ID`, `INTREST`, `DIVIDEND`, `MARGIN_PARAMETER`, `EXPIRATION_TYPE`, `EXPIRATION_DISTANCE`, `LENGTH`) VALUES (10,0,0,0,'NEXT_3_RD_FRIDAY_3_MONTHS','MONTH_3',3);
INSERT INTO `future_family` (`ID`, `INTREST`, `DIVIDEND`, `MARGIN_PARAMETER`, `EXPIRATION_TYPE`, `EXPIRATION_DISTANCE`, `LENGTH`) VALUES (22,0,0,0,'THIRTY_DAYS_BEFORE_NEXT_3_RD_FRIDAY','MONTH_1',8);
INSERT INTO `future_family` (`ID`, `INTREST`, `DIVIDEND`, `MARGIN_PARAMETER`, `EXPIRATION_TYPE`, `EXPIRATION_DISTANCE`, `LENGTH`) VALUES (23,0,0,0,'THIRTY_DAYS_BEFORE_NEXT_3_RD_FRIDAY','MONTH_1',3);
INSERT INTO `future_family` (`ID`, `INTREST`, `DIVIDEND`, `MARGIN_PARAMETER`, `EXPIRATION_TYPE`, `EXPIRATION_DISTANCE`, `LENGTH`) VALUES (27,0,0,0,'NEXT_3_RD_FRIDAY_3_MONTHS','MONTH_3',9);
INSERT INTO `future_family` (`ID`, `INTREST`, `DIVIDEND`, `MARGIN_PARAMETER`, `EXPIRATION_TYPE`, `EXPIRATION_DISTANCE`, `LENGTH`) VALUES (28,0,0,0,'NEXT_3_RD_FRIDAY_3_MONTHS','MONTH_3',4);
INSERT INTO `future_family` (`ID`, `INTREST`, `DIVIDEND`, `MARGIN_PARAMETER`, `EXPIRATION_TYPE`, `EXPIRATION_DISTANCE`, `LENGTH`) VALUES (44,0,0,0,'NEXT_3_RD_MONDAY_3_MONTHS','MONTH_3',3);
INSERT INTO `future_family` (`ID`, `INTREST`, `DIVIDEND`, `MARGIN_PARAMETER`, `EXPIRATION_TYPE`, `EXPIRATION_DISTANCE`, `LENGTH`) VALUES (45,0,0,0,'NEXT_3_RD_MONDAY_3_MONTHS','MONTH_3',3);

--
-- Dumping data for table `generic_future`
--
-- WHERE:  id<1000

INSERT INTO `generic_future` (`ID`, `DURATION`, `ASSET_CLASS`) VALUES (21,'MONTH_1','VOLATILITY');
INSERT INTO `generic_future` (`ID`, `DURATION`, `ASSET_CLASS`) VALUES (22,'MONTH_2','VOLATILITY');
INSERT INTO `generic_future` (`ID`, `DURATION`, `ASSET_CLASS`) VALUES (23,'MONTH_3','VOLATILITY');
INSERT INTO `generic_future` (`ID`, `DURATION`, `ASSET_CLASS`) VALUES (24,'MONTH_4','VOLATILITY');
INSERT INTO `generic_future` (`ID`, `DURATION`, `ASSET_CLASS`) VALUES (25,'MONTH_5','VOLATILITY');
INSERT INTO `generic_future` (`ID`, `DURATION`, `ASSET_CLASS`) VALUES (26,'MONTH_6','VOLATILITY');
INSERT INTO `generic_future` (`ID`, `DURATION`, `ASSET_CLASS`) VALUES (27,'MONTH_7','VOLATILITY');
INSERT INTO `generic_future` (`ID`, `DURATION`, `ASSET_CLASS`) VALUES (28,'MONTH_8','VOLATILITY');

--
-- Dumping data for table `generic_future_family`
--
-- WHERE:  id<1000

INSERT INTO `generic_future_family` (`ID`, `EXPIRATION_TYPE`, `EXPIRATION_DISTANCE`) VALUES (21,'THIRTY_DAYS_BEFORE_NEXT_3_RD_FRIDAY','MONTH_1');

--
-- Dumping data for table `holiday`
--
-- WHERE:  id<1000

INSERT INTO `holiday` (`ID`, `DATE`, `LATE_OPEN`, `EARLY_CLOSE`, `EXCHANGE_FK`) VALUES (1,'2014-01-01',NULL,NULL,1);
INSERT INTO `holiday` (`ID`, `DATE`, `LATE_OPEN`, `EARLY_CLOSE`, `EXCHANGE_FK`) VALUES (2,'2014-12-24',NULL,'12:00:00',1);
INSERT INTO `holiday` (`ID`, `DATE`, `LATE_OPEN`, `EARLY_CLOSE`, `EXCHANGE_FK`) VALUES (3,'2014-01-02','12:00:00',NULL,1);

--
-- Dumping data for table `implied_volatility`
--
-- WHERE:  id<1000

INSERT INTO `implied_volatility` (`ID`, `DURATION`, `MONEYNESS`, `DELTA`, `TYPE`) VALUES (30,'YEAR_1',0,NULL,'CALL');
INSERT INTO `implied_volatility` (`ID`, `DURATION`, `MONEYNESS`, `DELTA`, `TYPE`) VALUES (31,'YEAR_1',0.05,NULL,'CALL');
INSERT INTO `implied_volatility` (`ID`, `DURATION`, `MONEYNESS`, `DELTA`, `TYPE`) VALUES (32,'YEAR_1',0.1,NULL,'CALL');
INSERT INTO `implied_volatility` (`ID`, `DURATION`, `MONEYNESS`, `DELTA`, `TYPE`) VALUES (33,'YEAR_1',0.2,NULL,'CALL');
INSERT INTO `implied_volatility` (`ID`, `DURATION`, `MONEYNESS`, `DELTA`, `TYPE`) VALUES (34,'MONTH_18',0,NULL,'CALL');
INSERT INTO `implied_volatility` (`ID`, `DURATION`, `MONEYNESS`, `DELTA`, `TYPE`) VALUES (35,'MONTH_18',0.05,NULL,'CALL');
INSERT INTO `implied_volatility` (`ID`, `DURATION`, `MONEYNESS`, `DELTA`, `TYPE`) VALUES (36,'MONTH_18',0.1,NULL,'CALL');
INSERT INTO `implied_volatility` (`ID`, `DURATION`, `MONEYNESS`, `DELTA`, `TYPE`) VALUES (37,'MONTH_18',0.2,NULL,'CALL');

--
-- Dumping data for table `index`
--
-- WHERE:  id<1000

INSERT INTO `index` (`ID`, `ASSET_CLASS`) VALUES (2,'EQUITY');
INSERT INTO `index` (`ID`, `ASSET_CLASS`) VALUES (3,'VOLATILITY');
INSERT INTO `index` (`ID`, `ASSET_CLASS`) VALUES (4,'EQUITY');
INSERT INTO `index` (`ID`, `ASSET_CLASS`) VALUES (5,'VOLATILITY');
INSERT INTO `index` (`ID`, `ASSET_CLASS`) VALUES (12,'EQUITY');
INSERT INTO `index` (`ID`, `ASSET_CLASS`) VALUES (29,'VOLATILITY');

--
-- Dumping data for table `option_family`
--
-- WHERE:  id<1000

INSERT INTO `option_family` (`ID`, `INTREST`, `DIVIDEND`, `MARGIN_PARAMETER`, `EXPIRATION_TYPE`, `EXPIRATION_DISTANCE`, `STRIKE_DISTANCE`, `WEEKLY`) VALUES (3,0.0015,0.03,0.075,'NEXT_3_RD_FRIDAY','MONTH_1',50,'\0');
INSERT INTO `option_family` (`ID`, `INTREST`, `DIVIDEND`, `MARGIN_PARAMETER`, `EXPIRATION_TYPE`, `EXPIRATION_DISTANCE`, `STRIKE_DISTANCE`, `WEEKLY`) VALUES (6,0.006,0.03,0.075,'NEXT_3_RD_FRIDAY','MONTH_1',25,'\0');
INSERT INTO `option_family` (`ID`, `INTREST`, `DIVIDEND`, `MARGIN_PARAMETER`, `EXPIRATION_TYPE`, `EXPIRATION_DISTANCE`, `STRIKE_DISTANCE`, `WEEKLY`) VALUES (24,0.009,0.02,0.075,'NEXT_3_RD_FRIDAY','MONTH_1',5,'\0');
INSERT INTO `option_family` (`ID`, `INTREST`, `DIVIDEND`, `MARGIN_PARAMETER`, `EXPIRATION_TYPE`, `EXPIRATION_DISTANCE`, `STRIKE_DISTANCE`, `WEEKLY`) VALUES (26,0.01,0,0.075,'THIRTY_DAYS_BEFORE_NEXT_3_RD_FRIDAY','MONTH_1',1,'\0');

--
-- Dumping data for table `order_preference`
--
-- WHERE:  id<1000

INSERT INTO `order_preference` (`ID`, `NAME`, `ORDER_TYPE`, `DEFAULT_ACCOUNT_FK`, `VERSION`) VALUES (201,'FVIX','SLICING',100,0);
INSERT INTO `order_preference` (`ID`, `NAME`, `ORDER_TYPE`, `DEFAULT_ACCOUNT_FK`, `VERSION`) VALUES (202,'OVIX','SLICING',100,0);
INSERT INTO `order_preference` (`ID`, `NAME`, `ORDER_TYPE`, `DEFAULT_ACCOUNT_FK`, `VERSION`) VALUES (203,'FX','MARKET',100,0);

--
-- Dumping data for table `property`
--
-- WHERE:  id<1000

INSERT INTO `property` (`ID`, `NAME`, `PERSISTENT`, `INT_VALUE`, `DOUBLE_VALUE`, `MONEY_VALUE`, `TEXT_VALUE`, `DATE_TIME_VALUE`, `BOOLEAN_VALUE`, `PROPERTY_HOLDER_FK`, `VERSION`) VALUES (37,'minVolPct','',NULL,0.2,NULL,NULL,NULL,NULL,201,0);
INSERT INTO `property` (`ID`, `NAME`, `PERSISTENT`, `INT_VALUE`, `DOUBLE_VALUE`, `MONEY_VALUE`, `TEXT_VALUE`, `DATE_TIME_VALUE`, `BOOLEAN_VALUE`, `PROPERTY_HOLDER_FK`, `VERSION`) VALUES (39,'maxVolPct','',NULL,1,NULL,NULL,NULL,NULL,201,0);
INSERT INTO `property` (`ID`, `NAME`, `PERSISTENT`, `INT_VALUE`, `DOUBLE_VALUE`, `MONEY_VALUE`, `TEXT_VALUE`, `DATE_TIME_VALUE`, `BOOLEAN_VALUE`, `PROPERTY_HOLDER_FK`, `VERSION`) VALUES (40,'maxQuantity','',20,NULL,NULL,NULL,NULL,NULL,201,0);
INSERT INTO `property` (`ID`, `NAME`, `PERSISTENT`, `INT_VALUE`, `DOUBLE_VALUE`, `MONEY_VALUE`, `TEXT_VALUE`, `DATE_TIME_VALUE`, `BOOLEAN_VALUE`, `PROPERTY_HOLDER_FK`, `VERSION`) VALUES (41,'minDuration','',NULL,1,NULL,NULL,NULL,NULL,201,0);
INSERT INTO `property` (`ID`, `NAME`, `PERSISTENT`, `INT_VALUE`, `DOUBLE_VALUE`, `MONEY_VALUE`, `TEXT_VALUE`, `DATE_TIME_VALUE`, `BOOLEAN_VALUE`, `PROPERTY_HOLDER_FK`, `VERSION`) VALUES (42,'maxDuration','',NULL,2,NULL,NULL,NULL,NULL,201,0);
INSERT INTO `property` (`ID`, `NAME`, `PERSISTENT`, `INT_VALUE`, `DOUBLE_VALUE`, `MONEY_VALUE`, `TEXT_VALUE`, `DATE_TIME_VALUE`, `BOOLEAN_VALUE`, `PROPERTY_HOLDER_FK`, `VERSION`) VALUES (43,'minDelay','',NULL,2,NULL,NULL,NULL,NULL,201,0);
INSERT INTO `property` (`ID`, `NAME`, `PERSISTENT`, `INT_VALUE`, `DOUBLE_VALUE`, `MONEY_VALUE`, `TEXT_VALUE`, `DATE_TIME_VALUE`, `BOOLEAN_VALUE`, `PROPERTY_HOLDER_FK`, `VERSION`) VALUES (44,'maxDelay','',NULL,3,NULL,NULL,NULL,NULL,201,0);
INSERT INTO `property` (`ID`, `NAME`, `PERSISTENT`, `INT_VALUE`, `DOUBLE_VALUE`, `MONEY_VALUE`, `TEXT_VALUE`, `DATE_TIME_VALUE`, `BOOLEAN_VALUE`, `PROPERTY_HOLDER_FK`, `VERSION`) VALUES (45,'minVolPct','',NULL,0.2,NULL,NULL,NULL,NULL,202,0);
INSERT INTO `property` (`ID`, `NAME`, `PERSISTENT`, `INT_VALUE`, `DOUBLE_VALUE`, `MONEY_VALUE`, `TEXT_VALUE`, `DATE_TIME_VALUE`, `BOOLEAN_VALUE`, `PROPERTY_HOLDER_FK`, `VERSION`) VALUES (46,'maxVolPct','',NULL,1,NULL,NULL,NULL,NULL,202,0);
INSERT INTO `property` (`ID`, `NAME`, `PERSISTENT`, `INT_VALUE`, `DOUBLE_VALUE`, `MONEY_VALUE`, `TEXT_VALUE`, `DATE_TIME_VALUE`, `BOOLEAN_VALUE`, `PROPERTY_HOLDER_FK`, `VERSION`) VALUES (47,'maxQuantity','',100,NULL,NULL,NULL,NULL,NULL,202,0);
INSERT INTO `property` (`ID`, `NAME`, `PERSISTENT`, `INT_VALUE`, `DOUBLE_VALUE`, `MONEY_VALUE`, `TEXT_VALUE`, `DATE_TIME_VALUE`, `BOOLEAN_VALUE`, `PROPERTY_HOLDER_FK`, `VERSION`) VALUES (48,'minDuration','',NULL,1,NULL,NULL,NULL,NULL,202,0);
INSERT INTO `property` (`ID`, `NAME`, `PERSISTENT`, `INT_VALUE`, `DOUBLE_VALUE`, `MONEY_VALUE`, `TEXT_VALUE`, `DATE_TIME_VALUE`, `BOOLEAN_VALUE`, `PROPERTY_HOLDER_FK`, `VERSION`) VALUES (49,'maxDuration','',NULL,2,NULL,NULL,NULL,NULL,202,0);
INSERT INTO `property` (`ID`, `NAME`, `PERSISTENT`, `INT_VALUE`, `DOUBLE_VALUE`, `MONEY_VALUE`, `TEXT_VALUE`, `DATE_TIME_VALUE`, `BOOLEAN_VALUE`, `PROPERTY_HOLDER_FK`, `VERSION`) VALUES (50,'minDelay','',NULL,10,NULL,NULL,NULL,NULL,202,0);
INSERT INTO `property` (`ID`, `NAME`, `PERSISTENT`, `INT_VALUE`, `DOUBLE_VALUE`, `MONEY_VALUE`, `TEXT_VALUE`, `DATE_TIME_VALUE`, `BOOLEAN_VALUE`, `PROPERTY_HOLDER_FK`, `VERSION`) VALUES (51,'maxDelay','',NULL,20,NULL,NULL,NULL,NULL,202,0);

--
-- Dumping data for table `security`
--
-- WHERE:  id<1000

INSERT INTO `security` (`ID`, `SYMBOL`, `ISIN`, `BBGID`, `RIC`, `CONID`, `LMAXID`, `UNDERLYING_FK`, `SECURITY_FAMILY_FK`) VALUES (2,'ESTX50','DE0009652396',NULL,NULL,'4356500',NULL,NULL,4);
INSERT INTO `security` (`ID`, `SYMBOL`, `ISIN`, `BBGID`, `RIC`, `CONID`, `LMAXID`, `UNDERLYING_FK`, `SECURITY_FAMILY_FK`) VALUES (3,'V2TX','DE000A0C3QF1',NULL,NULL,'35913933',NULL,2,5);
INSERT INTO `security` (`ID`, `SYMBOL`, `ISIN`, `BBGID`, `RIC`, `CONID`, `LMAXID`, `UNDERLYING_FK`, `SECURITY_FAMILY_FK`) VALUES (4,'SMI','CH0008616382',NULL,NULL,'1328305',NULL,NULL,1);
INSERT INTO `security` (`ID`, `SYMBOL`, `ISIN`, `BBGID`, `RIC`, `CONID`, `LMAXID`, `UNDERLYING_FK`, `SECURITY_FAMILY_FK`) VALUES (5,'V3X','CH0019900841',NULL,NULL,'35913404',NULL,4,2);
INSERT INTO `security` (`ID`, `SYMBOL`, `ISIN`, `BBGID`, `RIC`, `CONID`, `LMAXID`, `UNDERLYING_FK`, `SECURITY_FAMILY_FK`) VALUES (8,'EUR.CHF','EU0009654078',NULL,NULL,'12087817','4011',NULL,8);
INSERT INTO `security` (`ID`, `SYMBOL`, `ISIN`, `BBGID`, `RIC`, `CONID`, `LMAXID`, `UNDERLYING_FK`, `SECURITY_FAMILY_FK`) VALUES (9,'USD.CHF','XC0009652816',NULL,NULL,'12087820','4010',NULL,8);
INSERT INTO `security` (`ID`, `SYMBOL`, `ISIN`, `BBGID`, `RIC`, `CONID`, `LMAXID`, `UNDERLYING_FK`, `SECURITY_FAMILY_FK`) VALUES (10,'EUR.USD','EU0009652759',NULL,NULL,'12087792','4001',NULL,9);
INSERT INTO `security` (`ID`, `SYMBOL`, `ISIN`, `BBGID`, `RIC`, `CONID`, `LMAXID`, `UNDERLYING_FK`, `SECURITY_FAMILY_FK`) VALUES (11,'GBP.USD','GB0031973075',NULL,NULL,'12087797','4002',NULL,9);
INSERT INTO `security` (`ID`, `SYMBOL`, `ISIN`, `BBGID`, `RIC`, `CONID`, `LMAXID`, `UNDERLYING_FK`, `SECURITY_FAMILY_FK`) VALUES (12,'SPX','US78378X1072',NULL,NULL,'416904','100093',NULL,11);
INSERT INTO `security` (`ID`, `SYMBOL`, `ISIN`, `BBGID`, `RIC`, `CONID`, `LMAXID`, `UNDERLYING_FK`, `SECURITY_FAMILY_FK`) VALUES (21,'UX1','UX1',NULL,NULL,NULL,NULL,29,21);
INSERT INTO `security` (`ID`, `SYMBOL`, `ISIN`, `BBGID`, `RIC`, `CONID`, `LMAXID`, `UNDERLYING_FK`, `SECURITY_FAMILY_FK`) VALUES (22,'UX2','UX2',NULL,NULL,NULL,NULL,29,21);
INSERT INTO `security` (`ID`, `SYMBOL`, `ISIN`, `BBGID`, `RIC`, `CONID`, `LMAXID`, `UNDERLYING_FK`, `SECURITY_FAMILY_FK`) VALUES (23,'UX3','UX3',NULL,NULL,NULL,NULL,29,21);
INSERT INTO `security` (`ID`, `SYMBOL`, `ISIN`, `BBGID`, `RIC`, `CONID`, `LMAXID`, `UNDERLYING_FK`, `SECURITY_FAMILY_FK`) VALUES (24,'UX4','UX4',NULL,NULL,NULL,NULL,29,21);
INSERT INTO `security` (`ID`, `SYMBOL`, `ISIN`, `BBGID`, `RIC`, `CONID`, `LMAXID`, `UNDERLYING_FK`, `SECURITY_FAMILY_FK`) VALUES (25,'UX5','UX5',NULL,NULL,NULL,NULL,29,21);
INSERT INTO `security` (`ID`, `SYMBOL`, `ISIN`, `BBGID`, `RIC`, `CONID`, `LMAXID`, `UNDERLYING_FK`, `SECURITY_FAMILY_FK`) VALUES (26,'UX6','UX6',NULL,NULL,NULL,NULL,29,21);
INSERT INTO `security` (`ID`, `SYMBOL`, `ISIN`, `BBGID`, `RIC`, `CONID`, `LMAXID`, `UNDERLYING_FK`, `SECURITY_FAMILY_FK`) VALUES (27,'UX7','UX7',NULL,NULL,NULL,NULL,29,21);
INSERT INTO `security` (`ID`, `SYMBOL`, `ISIN`, `BBGID`, `RIC`, `CONID`, `LMAXID`, `UNDERLYING_FK`, `SECURITY_FAMILY_FK`) VALUES (28,'UX8','UX8',NULL,NULL,NULL,NULL,29,21);
INSERT INTO `security` (`ID`, `SYMBOL`, `ISIN`, `BBGID`, `RIC`, `CONID`, `LMAXID`, `UNDERLYING_FK`, `SECURITY_FAMILY_FK`) VALUES (29,'VIX','XD0016891059',NULL,NULL,'13455763',NULL,12,20);
INSERT INTO `security` (`ID`, `SYMBOL`, `ISIN`, `BBGID`, `RIC`, `CONID`, `LMAXID`, `UNDERLYING_FK`, `SECURITY_FAMILY_FK`) VALUES (30,'IV SPX 12M C0',NULL,NULL,NULL,NULL,NULL,12,25);
INSERT INTO `security` (`ID`, `SYMBOL`, `ISIN`, `BBGID`, `RIC`, `CONID`, `LMAXID`, `UNDERLYING_FK`, `SECURITY_FAMILY_FK`) VALUES (31,'IV SPX 12M C5',NULL,NULL,NULL,NULL,NULL,12,25);
INSERT INTO `security` (`ID`, `SYMBOL`, `ISIN`, `BBGID`, `RIC`, `CONID`, `LMAXID`, `UNDERLYING_FK`, `SECURITY_FAMILY_FK`) VALUES (32,'IV SPX 12M C10',NULL,NULL,NULL,NULL,NULL,12,25);
INSERT INTO `security` (`ID`, `SYMBOL`, `ISIN`, `BBGID`, `RIC`, `CONID`, `LMAXID`, `UNDERLYING_FK`, `SECURITY_FAMILY_FK`) VALUES (33,'IV SPX 12M C20',NULL,NULL,NULL,NULL,NULL,12,25);
INSERT INTO `security` (`ID`, `SYMBOL`, `ISIN`, `BBGID`, `RIC`, `CONID`, `LMAXID`, `UNDERLYING_FK`, `SECURITY_FAMILY_FK`) VALUES (34,'IV SPX 18M C0',NULL,NULL,NULL,NULL,NULL,12,25);
INSERT INTO `security` (`ID`, `SYMBOL`, `ISIN`, `BBGID`, `RIC`, `CONID`, `LMAXID`, `UNDERLYING_FK`, `SECURITY_FAMILY_FK`) VALUES (35,'IV SPX 18M C5',NULL,NULL,NULL,NULL,NULL,12,25);
INSERT INTO `security` (`ID`, `SYMBOL`, `ISIN`, `BBGID`, `RIC`, `CONID`, `LMAXID`, `UNDERLYING_FK`, `SECURITY_FAMILY_FK`) VALUES (36,'IV SPX 18M C10',NULL,NULL,NULL,NULL,NULL,12,25);
INSERT INTO `security` (`ID`, `SYMBOL`, `ISIN`, `BBGID`, `RIC`, `CONID`, `LMAXID`, `UNDERLYING_FK`, `SECURITY_FAMILY_FK`) VALUES (37,'IV SPX 18M C20',NULL,NULL,NULL,NULL,NULL,12,25);
INSERT INTO `security` (`ID`, `SYMBOL`, `ISIN`, `BBGID`, `RIC`, `CONID`, `LMAXID`, `UNDERLYING_FK`, `SECURITY_FAMILY_FK`) VALUES (40,'GOOG',NULL,NULL,NULL,'30351181',NULL,NULL,40);
INSERT INTO `security` (`ID`, `SYMBOL`, `ISIN`, `BBGID`, `RIC`, `CONID`, `LMAXID`, `UNDERLYING_FK`, `SECURITY_FAMILY_FK`) VALUES (41,'MMM',NULL,NULL,NULL,'9720',NULL,NULL,41);
INSERT INTO `security` (`ID`, `SYMBOL`, `ISIN`, `BBGID`, `RIC`, `CONID`, `LMAXID`, `UNDERLYING_FK`, `SECURITY_FAMILY_FK`) VALUES (42,'AA',NULL,NULL,NULL,'4005',NULL,NULL,41);
INSERT INTO `security` (`ID`, `SYMBOL`, `ISIN`, `BBGID`, `RIC`, `CONID`, `LMAXID`, `UNDERLYING_FK`, `SECURITY_FAMILY_FK`) VALUES (43,'AXP',NULL,NULL,NULL,'4721',NULL,NULL,41);
INSERT INTO `security` (`ID`, `SYMBOL`, `ISIN`, `BBGID`, `RIC`, `CONID`, `LMAXID`, `UNDERLYING_FK`, `SECURITY_FAMILY_FK`) VALUES (44,'T',NULL,NULL,NULL,'37018770',NULL,NULL,41);
INSERT INTO `security` (`ID`, `SYMBOL`, `ISIN`, `BBGID`, `RIC`, `CONID`, `LMAXID`, `UNDERLYING_FK`, `SECURITY_FAMILY_FK`) VALUES (45,'BAC',NULL,NULL,NULL,'10098',NULL,NULL,41);
INSERT INTO `security` (`ID`, `SYMBOL`, `ISIN`, `BBGID`, `RIC`, `CONID`, `LMAXID`, `UNDERLYING_FK`, `SECURITY_FAMILY_FK`) VALUES (46,'BA',NULL,NULL,NULL,'4762',NULL,NULL,41);
INSERT INTO `security` (`ID`, `SYMBOL`, `ISIN`, `BBGID`, `RIC`, `CONID`, `LMAXID`, `UNDERLYING_FK`, `SECURITY_FAMILY_FK`) VALUES (47,'CAT',NULL,NULL,NULL,'5437',NULL,NULL,41);
INSERT INTO `security` (`ID`, `SYMBOL`, `ISIN`, `BBGID`, `RIC`, `CONID`, `LMAXID`, `UNDERLYING_FK`, `SECURITY_FAMILY_FK`) VALUES (48,'CVX',NULL,NULL,NULL,'5684',NULL,NULL,41);
INSERT INTO `security` (`ID`, `SYMBOL`, `ISIN`, `BBGID`, `RIC`, `CONID`, `LMAXID`, `UNDERLYING_FK`, `SECURITY_FAMILY_FK`) VALUES (49,'CSCO',NULL,NULL,NULL,'268084',NULL,NULL,40);
INSERT INTO `security` (`ID`, `SYMBOL`, `ISIN`, `BBGID`, `RIC`, `CONID`, `LMAXID`, `UNDERLYING_FK`, `SECURITY_FAMILY_FK`) VALUES (50,'KO',NULL,NULL,NULL,'8894',NULL,NULL,41);
INSERT INTO `security` (`ID`, `SYMBOL`, `ISIN`, `BBGID`, `RIC`, `CONID`, `LMAXID`, `UNDERLYING_FK`, `SECURITY_FAMILY_FK`) VALUES (51,'DD',NULL,NULL,NULL,'6366',NULL,NULL,41);
INSERT INTO `security` (`ID`, `SYMBOL`, `ISIN`, `BBGID`, `RIC`, `CONID`, `LMAXID`, `UNDERLYING_FK`, `SECURITY_FAMILY_FK`) VALUES (52,'XOM',NULL,NULL,NULL,'13977',NULL,NULL,41);
INSERT INTO `security` (`ID`, `SYMBOL`, `ISIN`, `BBGID`, `RIC`, `CONID`, `LMAXID`, `UNDERLYING_FK`, `SECURITY_FAMILY_FK`) VALUES (53,'GE',NULL,NULL,NULL,'7516',NULL,NULL,41);
INSERT INTO `security` (`ID`, `SYMBOL`, `ISIN`, `BBGID`, `RIC`, `CONID`, `LMAXID`, `UNDERLYING_FK`, `SECURITY_FAMILY_FK`) VALUES (54,'HPQ',NULL,NULL,NULL,'9042756',NULL,NULL,41);
INSERT INTO `security` (`ID`, `SYMBOL`, `ISIN`, `BBGID`, `RIC`, `CONID`, `LMAXID`, `UNDERLYING_FK`, `SECURITY_FAMILY_FK`) VALUES (55,'HD',NULL,NULL,NULL,'7930',NULL,NULL,41);
INSERT INTO `security` (`ID`, `SYMBOL`, `ISIN`, `BBGID`, `RIC`, `CONID`, `LMAXID`, `UNDERLYING_FK`, `SECURITY_FAMILY_FK`) VALUES (56,'INTC',NULL,NULL,NULL,'270639',NULL,NULL,40);
INSERT INTO `security` (`ID`, `SYMBOL`, `ISIN`, `BBGID`, `RIC`, `CONID`, `LMAXID`, `UNDERLYING_FK`, `SECURITY_FAMILY_FK`) VALUES (57,'IBM',NULL,NULL,NULL,'8314',NULL,NULL,41);
INSERT INTO `security` (`ID`, `SYMBOL`, `ISIN`, `BBGID`, `RIC`, `CONID`, `LMAXID`, `UNDERLYING_FK`, `SECURITY_FAMILY_FK`) VALUES (58,'JNJ',NULL,NULL,NULL,'8719',NULL,NULL,41);
INSERT INTO `security` (`ID`, `SYMBOL`, `ISIN`, `BBGID`, `RIC`, `CONID`, `LMAXID`, `UNDERLYING_FK`, `SECURITY_FAMILY_FK`) VALUES (59,'JPM',NULL,NULL,NULL,'1520593',NULL,NULL,41);
INSERT INTO `security` (`ID`, `SYMBOL`, `ISIN`, `BBGID`, `RIC`, `CONID`, `LMAXID`, `UNDERLYING_FK`, `SECURITY_FAMILY_FK`) VALUES (61,'MCD',NULL,NULL,NULL,'9408',NULL,NULL,41);
INSERT INTO `security` (`ID`, `SYMBOL`, `ISIN`, `BBGID`, `RIC`, `CONID`, `LMAXID`, `UNDERLYING_FK`, `SECURITY_FAMILY_FK`) VALUES (62,'MRK',NULL,NULL,NULL,'70101545',NULL,NULL,41);
INSERT INTO `security` (`ID`, `SYMBOL`, `ISIN`, `BBGID`, `RIC`, `CONID`, `LMAXID`, `UNDERLYING_FK`, `SECURITY_FAMILY_FK`) VALUES (63,'MSFT',NULL,NULL,NULL,'272093',NULL,NULL,40);
INSERT INTO `security` (`ID`, `SYMBOL`, `ISIN`, `BBGID`, `RIC`, `CONID`, `LMAXID`, `UNDERLYING_FK`, `SECURITY_FAMILY_FK`) VALUES (64,'PFE',NULL,NULL,NULL,'11031',NULL,NULL,41);
INSERT INTO `security` (`ID`, `SYMBOL`, `ISIN`, `BBGID`, `RIC`, `CONID`, `LMAXID`, `UNDERLYING_FK`, `SECURITY_FAMILY_FK`) VALUES (65,'PG',NULL,NULL,NULL,'11054',NULL,NULL,41);
INSERT INTO `security` (`ID`, `SYMBOL`, `ISIN`, `BBGID`, `RIC`, `CONID`, `LMAXID`, `UNDERLYING_FK`, `SECURITY_FAMILY_FK`) VALUES (66,'TRV',NULL,NULL,NULL,'43150617',NULL,NULL,41);
INSERT INTO `security` (`ID`, `SYMBOL`, `ISIN`, `BBGID`, `RIC`, `CONID`, `LMAXID`, `UNDERLYING_FK`, `SECURITY_FAMILY_FK`) VALUES (67,'UTX',NULL,NULL,NULL,'13364',NULL,NULL,41);
INSERT INTO `security` (`ID`, `SYMBOL`, `ISIN`, `BBGID`, `RIC`, `CONID`, `LMAXID`, `UNDERLYING_FK`, `SECURITY_FAMILY_FK`) VALUES (68,'VZ',NULL,NULL,NULL,'4901',NULL,NULL,41);
INSERT INTO `security` (`ID`, `SYMBOL`, `ISIN`, `BBGID`, `RIC`, `CONID`, `LMAXID`, `UNDERLYING_FK`, `SECURITY_FAMILY_FK`) VALUES (69,'WMT',NULL,NULL,NULL,'13824',NULL,NULL,41);
INSERT INTO `security` (`ID`, `SYMBOL`, `ISIN`, `BBGID`, `RIC`, `CONID`, `LMAXID`, `UNDERLYING_FK`, `SECURITY_FAMILY_FK`) VALUES (70,'DIS',NULL,NULL,NULL,'6459',NULL,NULL,41);
INSERT INTO `security` (`ID`, `SYMBOL`, `ISIN`, `BBGID`, `RIC`, `CONID`, `LMAXID`, `UNDERLYING_FK`, `SECURITY_FAMILY_FK`) VALUES (71,'ATVI',NULL,NULL,NULL,'52424577',NULL,NULL,40);
INSERT INTO `security` (`ID`, `SYMBOL`, `ISIN`, `BBGID`, `RIC`, `CONID`, `LMAXID`, `UNDERLYING_FK`, `SECURITY_FAMILY_FK`) VALUES (72,'ADBE',NULL,NULL,NULL,'265768',NULL,NULL,40);
INSERT INTO `security` (`ID`, `SYMBOL`, `ISIN`, `BBGID`, `RIC`, `CONID`, `LMAXID`, `UNDERLYING_FK`, `SECURITY_FAMILY_FK`) VALUES (73,'AKAM',NULL,NULL,NULL,'6220356',NULL,NULL,40);
INSERT INTO `security` (`ID`, `SYMBOL`, `ISIN`, `BBGID`, `RIC`, `CONID`, `LMAXID`, `UNDERLYING_FK`, `SECURITY_FAMILY_FK`) VALUES (74,'ALXN',NULL,NULL,NULL,'4726176',NULL,NULL,40);
INSERT INTO `security` (`ID`, `SYMBOL`, `ISIN`, `BBGID`, `RIC`, `CONID`, `LMAXID`, `UNDERLYING_FK`, `SECURITY_FAMILY_FK`) VALUES (75,'ALTR',NULL,NULL,NULL,'266088',NULL,NULL,40);
INSERT INTO `security` (`ID`, `SYMBOL`, `ISIN`, `BBGID`, `RIC`, `CONID`, `LMAXID`, `UNDERLYING_FK`, `SECURITY_FAMILY_FK`) VALUES (76,'AMZN',NULL,NULL,NULL,'3691937',NULL,NULL,40);
INSERT INTO `security` (`ID`, `SYMBOL`, `ISIN`, `BBGID`, `RIC`, `CONID`, `LMAXID`, `UNDERLYING_FK`, `SECURITY_FAMILY_FK`) VALUES (77,'AMGN',NULL,NULL,NULL,'266145',NULL,NULL,40);
INSERT INTO `security` (`ID`, `SYMBOL`, `ISIN`, `BBGID`, `RIC`, `CONID`, `LMAXID`, `UNDERLYING_FK`, `SECURITY_FAMILY_FK`) VALUES (78,'APOL',NULL,NULL,NULL,'1448506',NULL,NULL,40);
INSERT INTO `security` (`ID`, `SYMBOL`, `ISIN`, `BBGID`, `RIC`, `CONID`, `LMAXID`, `UNDERLYING_FK`, `SECURITY_FAMILY_FK`) VALUES (79,'AAPL',NULL,NULL,NULL,'265598',NULL,NULL,40);
INSERT INTO `security` (`ID`, `SYMBOL`, `ISIN`, `BBGID`, `RIC`, `CONID`, `LMAXID`, `UNDERLYING_FK`, `SECURITY_FAMILY_FK`) VALUES (80,'AMAT',NULL,NULL,NULL,'266093',NULL,NULL,40);
INSERT INTO `security` (`ID`, `SYMBOL`, `ISIN`, `BBGID`, `RIC`, `CONID`, `LMAXID`, `UNDERLYING_FK`, `SECURITY_FAMILY_FK`) VALUES (81,'ADSK',NULL,NULL,NULL,'265681',NULL,NULL,40);
INSERT INTO `security` (`ID`, `SYMBOL`, `ISIN`, `BBGID`, `RIC`, `CONID`, `LMAXID`, `UNDERLYING_FK`, `SECURITY_FAMILY_FK`) VALUES (82,'ADP',NULL,NULL,NULL,'4661',NULL,NULL,40);
INSERT INTO `security` (`ID`, `SYMBOL`, `ISIN`, `BBGID`, `RIC`, `CONID`, `LMAXID`, `UNDERLYING_FK`, `SECURITY_FAMILY_FK`) VALUES (83,'BIDU',NULL,NULL,NULL,'35359385',NULL,NULL,40);
INSERT INTO `security` (`ID`, `SYMBOL`, `ISIN`, `BBGID`, `RIC`, `CONID`, `LMAXID`, `UNDERLYING_FK`, `SECURITY_FAMILY_FK`) VALUES (84,'BBBY',NULL,NULL,NULL,'266630',NULL,NULL,40);
INSERT INTO `security` (`ID`, `SYMBOL`, `ISIN`, `BBGID`, `RIC`, `CONID`, `LMAXID`, `UNDERLYING_FK`, `SECURITY_FAMILY_FK`) VALUES (85,'BIIB',NULL,NULL,NULL,'26734397',NULL,NULL,40);
INSERT INTO `security` (`ID`, `SYMBOL`, `ISIN`, `BBGID`, `RIC`, `CONID`, `LMAXID`, `UNDERLYING_FK`, `SECURITY_FAMILY_FK`) VALUES (87,'BRCM',NULL,NULL,NULL,'4457302',NULL,NULL,40);
INSERT INTO `security` (`ID`, `SYMBOL`, `ISIN`, `BBGID`, `RIC`, `CONID`, `LMAXID`, `UNDERLYING_FK`, `SECURITY_FAMILY_FK`) VALUES (88,'CHRW',NULL,NULL,NULL,'36320731',NULL,NULL,40);
INSERT INTO `security` (`ID`, `SYMBOL`, `ISIN`, `BBGID`, `RIC`, `CONID`, `LMAXID`, `UNDERLYING_FK`, `SECURITY_FAMILY_FK`) VALUES (89,'CA',NULL,NULL,NULL,'37875225',NULL,NULL,40);
INSERT INTO `security` (`ID`, `SYMBOL`, `ISIN`, `BBGID`, `RIC`, `CONID`, `LMAXID`, `UNDERLYING_FK`, `SECURITY_FAMILY_FK`) VALUES (90,'CELG',NULL,NULL,NULL,'267455',NULL,NULL,40);
INSERT INTO `security` (`ID`, `SYMBOL`, `ISIN`, `BBGID`, `RIC`, `CONID`, `LMAXID`, `UNDERLYING_FK`, `SECURITY_FAMILY_FK`) VALUES (91,'CERN',NULL,NULL,NULL,'267475',NULL,NULL,40);
INSERT INTO `security` (`ID`, `SYMBOL`, `ISIN`, `BBGID`, `RIC`, `CONID`, `LMAXID`, `UNDERLYING_FK`, `SECURITY_FAMILY_FK`) VALUES (92,'CHKP',NULL,NULL,NULL,'4172987',NULL,NULL,40);
INSERT INTO `security` (`ID`, `SYMBOL`, `ISIN`, `BBGID`, `RIC`, `CONID`, `LMAXID`, `UNDERLYING_FK`, `SECURITY_FAMILY_FK`) VALUES (93,'CTXS',NULL,NULL,NULL,'1767080',NULL,NULL,40);
INSERT INTO `security` (`ID`, `SYMBOL`, `ISIN`, `BBGID`, `RIC`, `CONID`, `LMAXID`, `UNDERLYING_FK`, `SECURITY_FAMILY_FK`) VALUES (94,'CTSH',NULL,NULL,NULL,'4728759',NULL,NULL,40);
INSERT INTO `security` (`ID`, `SYMBOL`, `ISIN`, `BBGID`, `RIC`, `CONID`, `LMAXID`, `UNDERLYING_FK`, `SECURITY_FAMILY_FK`) VALUES (95,'CMCSA',NULL,NULL,NULL,'267748',NULL,NULL,40);
INSERT INTO `security` (`ID`, `SYMBOL`, `ISIN`, `BBGID`, `RIC`, `CONID`, `LMAXID`, `UNDERLYING_FK`, `SECURITY_FAMILY_FK`) VALUES (96,'COST',NULL,NULL,NULL,'272997',NULL,NULL,40);
INSERT INTO `security` (`ID`, `SYMBOL`, `ISIN`, `BBGID`, `RIC`, `CONID`, `LMAXID`, `UNDERLYING_FK`, `SECURITY_FAMILY_FK`) VALUES (97,'CTRP',NULL,NULL,NULL,'27008785',NULL,NULL,40);
INSERT INTO `security` (`ID`, `SYMBOL`, `ISIN`, `BBGID`, `RIC`, `CONID`, `LMAXID`, `UNDERLYING_FK`, `SECURITY_FAMILY_FK`) VALUES (98,'DELL',NULL,NULL,NULL,'268395',NULL,NULL,40);
INSERT INTO `security` (`ID`, `SYMBOL`, `ISIN`, `BBGID`, `RIC`, `CONID`, `LMAXID`, `UNDERLYING_FK`, `SECURITY_FAMILY_FK`) VALUES (99,'XRAY',NULL,NULL,NULL,'276229',NULL,NULL,40);
INSERT INTO `security` (`ID`, `SYMBOL`, `ISIN`, `BBGID`, `RIC`, `CONID`, `LMAXID`, `UNDERLYING_FK`, `SECURITY_FAMILY_FK`) VALUES (100,'DTV',NULL,NULL,NULL,'112929551',NULL,NULL,40);
INSERT INTO `security` (`ID`, `SYMBOL`, `ISIN`, `BBGID`, `RIC`, `CONID`, `LMAXID`, `UNDERLYING_FK`, `SECURITY_FAMILY_FK`) VALUES (101,'DLTR',NULL,NULL,NULL,'49388062',NULL,NULL,40);
INSERT INTO `security` (`ID`, `SYMBOL`, `ISIN`, `BBGID`, `RIC`, `CONID`, `LMAXID`, `UNDERLYING_FK`, `SECURITY_FAMILY_FK`) VALUES (102,'EBAY',NULL,NULL,NULL,'4347086',NULL,NULL,40);
INSERT INTO `security` (`ID`, `SYMBOL`, `ISIN`, `BBGID`, `RIC`, `CONID`, `LMAXID`, `UNDERLYING_FK`, `SECURITY_FAMILY_FK`) VALUES (104,'EXPE',NULL,NULL,NULL,'98542021',NULL,NULL,40);
INSERT INTO `security` (`ID`, `SYMBOL`, `ISIN`, `BBGID`, `RIC`, `CONID`, `LMAXID`, `UNDERLYING_FK`, `SECURITY_FAMILY_FK`) VALUES (105,'EXPD',NULL,NULL,NULL,'269082',NULL,NULL,40);
INSERT INTO `security` (`ID`, `SYMBOL`, `ISIN`, `BBGID`, `RIC`, `CONID`, `LMAXID`, `UNDERLYING_FK`, `SECURITY_FAMILY_FK`) VALUES (106,'ESRX',NULL,NULL,NULL,'105430010',NULL,NULL,40);
INSERT INTO `security` (`ID`, `SYMBOL`, `ISIN`, `BBGID`, `RIC`, `CONID`, `LMAXID`, `UNDERLYING_FK`, `SECURITY_FAMILY_FK`) VALUES (107,'FFIV',NULL,NULL,NULL,'6248713',NULL,NULL,40);
INSERT INTO `security` (`ID`, `SYMBOL`, `ISIN`, `BBGID`, `RIC`, `CONID`, `LMAXID`, `UNDERLYING_FK`, `SECURITY_FAMILY_FK`) VALUES (108,'FAST',NULL,NULL,NULL,'269120',NULL,NULL,40);
INSERT INTO `security` (`ID`, `SYMBOL`, `ISIN`, `BBGID`, `RIC`, `CONID`, `LMAXID`, `UNDERLYING_FK`, `SECURITY_FAMILY_FK`) VALUES (109,'FSLR',NULL,NULL,NULL,'41622169',NULL,NULL,40);
INSERT INTO `security` (`ID`, `SYMBOL`, `ISIN`, `BBGID`, `RIC`, `CONID`, `LMAXID`, `UNDERLYING_FK`, `SECURITY_FAMILY_FK`) VALUES (110,'FISV',NULL,NULL,NULL,'269315',NULL,NULL,40);
INSERT INTO `security` (`ID`, `SYMBOL`, `ISIN`, `BBGID`, `RIC`, `CONID`, `LMAXID`, `UNDERLYING_FK`, `SECURITY_FAMILY_FK`) VALUES (111,'FLEX',NULL,NULL,NULL,'4596077',NULL,NULL,40);
INSERT INTO `security` (`ID`, `SYMBOL`, `ISIN`, `BBGID`, `RIC`, `CONID`, `LMAXID`, `UNDERLYING_FK`, `SECURITY_FAMILY_FK`) VALUES (112,'FLIR',NULL,NULL,NULL,'269345',NULL,NULL,40);
INSERT INTO `security` (`ID`, `SYMBOL`, `ISIN`, `BBGID`, `RIC`, `CONID`, `LMAXID`, `UNDERLYING_FK`, `SECURITY_FAMILY_FK`) VALUES (113,'GRMN',NULL,NULL,NULL,'76791198',NULL,NULL,40);
INSERT INTO `security` (`ID`, `SYMBOL`, `ISIN`, `BBGID`, `RIC`, `CONID`, `LMAXID`, `UNDERLYING_FK`, `SECURITY_FAMILY_FK`) VALUES (114,'GILD',NULL,NULL,NULL,'269753',NULL,NULL,40);
INSERT INTO `security` (`ID`, `SYMBOL`, `ISIN`, `BBGID`, `RIC`, `CONID`, `LMAXID`, `UNDERLYING_FK`, `SECURITY_FAMILY_FK`) VALUES (115,'GMCR',NULL,NULL,NULL,'4812348',NULL,NULL,40);
INSERT INTO `security` (`ID`, `SYMBOL`, `ISIN`, `BBGID`, `RIC`, `CONID`, `LMAXID`, `UNDERLYING_FK`, `SECURITY_FAMILY_FK`) VALUES (116,'HSIC',NULL,NULL,NULL,'3655640',NULL,NULL,40);
INSERT INTO `security` (`ID`, `SYMBOL`, `ISIN`, `BBGID`, `RIC`, `CONID`, `LMAXID`, `UNDERLYING_FK`, `SECURITY_FAMILY_FK`) VALUES (117,'ILMN',NULL,NULL,NULL,'9869443',NULL,NULL,40);
INSERT INTO `security` (`ID`, `SYMBOL`, `ISIN`, `BBGID`, `RIC`, `CONID`, `LMAXID`, `UNDERLYING_FK`, `SECURITY_FAMILY_FK`) VALUES (118,'INFY',NULL,NULL,NULL,'4813460',NULL,NULL,40);
INSERT INTO `security` (`ID`, `SYMBOL`, `ISIN`, `BBGID`, `RIC`, `CONID`, `LMAXID`, `UNDERLYING_FK`, `SECURITY_FAMILY_FK`) VALUES (119,'INTU',NULL,NULL,NULL,'270662',NULL,NULL,40);
INSERT INTO `security` (`ID`, `SYMBOL`, `ISIN`, `BBGID`, `RIC`, `CONID`, `LMAXID`, `UNDERLYING_FK`, `SECURITY_FAMILY_FK`) VALUES (120,'ISRG',NULL,NULL,NULL,'9063285',NULL,NULL,40);
INSERT INTO `security` (`ID`, `SYMBOL`, `ISIN`, `BBGID`, `RIC`, `CONID`, `LMAXID`, `UNDERLYING_FK`, `SECURITY_FAMILY_FK`) VALUES (122,'KLAC',NULL,NULL,NULL,'270957',NULL,NULL,40);
INSERT INTO `security` (`ID`, `SYMBOL`, `ISIN`, `BBGID`, `RIC`, `CONID`, `LMAXID`, `UNDERLYING_FK`, `SECURITY_FAMILY_FK`) VALUES (123,'LRCX',NULL,NULL,NULL,'271308',NULL,NULL,40);
INSERT INTO `security` (`ID`, `SYMBOL`, `ISIN`, `BBGID`, `RIC`, `CONID`, `LMAXID`, `UNDERLYING_FK`, `SECURITY_FAMILY_FK`) VALUES (124,'LINTA',NULL,NULL,NULL,'39095938',NULL,NULL,40);
INSERT INTO `security` (`ID`, `SYMBOL`, `ISIN`, `BBGID`, `RIC`, `CONID`, `LMAXID`, `UNDERLYING_FK`, `SECURITY_FAMILY_FK`) VALUES (125,'LIFE',NULL,NULL,NULL,'55997443',NULL,NULL,40);
INSERT INTO `security` (`ID`, `SYMBOL`, `ISIN`, `BBGID`, `RIC`, `CONID`, `LMAXID`, `UNDERLYING_FK`, `SECURITY_FAMILY_FK`) VALUES (126,'LLTC',NULL,NULL,NULL,'271245',NULL,NULL,40);
INSERT INTO `security` (`ID`, `SYMBOL`, `ISIN`, `BBGID`, `RIC`, `CONID`, `LMAXID`, `UNDERLYING_FK`, `SECURITY_FAMILY_FK`) VALUES (127,'MRVL',NULL,NULL,NULL,'9541678',NULL,NULL,40);
INSERT INTO `security` (`ID`, `SYMBOL`, `ISIN`, `BBGID`, `RIC`, `CONID`, `LMAXID`, `UNDERLYING_FK`, `SECURITY_FAMILY_FK`) VALUES (128,'MAT',NULL,NULL,NULL,'9365',NULL,NULL,40);
INSERT INTO `security` (`ID`, `SYMBOL`, `ISIN`, `BBGID`, `RIC`, `CONID`, `LMAXID`, `UNDERLYING_FK`, `SECURITY_FAMILY_FK`) VALUES (129,'MXIM',NULL,NULL,NULL,'272207',NULL,NULL,40);
INSERT INTO `security` (`ID`, `SYMBOL`, `ISIN`, `BBGID`, `RIC`, `CONID`, `LMAXID`, `UNDERLYING_FK`, `SECURITY_FAMILY_FK`) VALUES (130,'MCHP',NULL,NULL,NULL,'271568',NULL,NULL,40);
INSERT INTO `security` (`ID`, `SYMBOL`, `ISIN`, `BBGID`, `RIC`, `CONID`, `LMAXID`, `UNDERLYING_FK`, `SECURITY_FAMILY_FK`) VALUES (131,'MU',NULL,NULL,NULL,'9939',NULL,NULL,40);
INSERT INTO `security` (`ID`, `SYMBOL`, `ISIN`, `BBGID`, `RIC`, `CONID`, `LMAXID`, `UNDERLYING_FK`, `SECURITY_FAMILY_FK`) VALUES (132,'MYL',NULL,NULL,NULL,'10041',NULL,NULL,40);
INSERT INTO `security` (`ID`, `SYMBOL`, `ISIN`, `BBGID`, `RIC`, `CONID`, `LMAXID`, `UNDERLYING_FK`, `SECURITY_FAMILY_FK`) VALUES (133,'NTAP',NULL,NULL,NULL,'49921110',NULL,NULL,40);
INSERT INTO `security` (`ID`, `SYMBOL`, `ISIN`, `BBGID`, `RIC`, `CONID`, `LMAXID`, `UNDERLYING_FK`, `SECURITY_FAMILY_FK`) VALUES (134,'NFLX',NULL,NULL,NULL,'15124833',NULL,NULL,40);
INSERT INTO `security` (`ID`, `SYMBOL`, `ISIN`, `BBGID`, `RIC`, `CONID`, `LMAXID`, `UNDERLYING_FK`, `SECURITY_FAMILY_FK`) VALUES (135,'NWSA',NULL,NULL,NULL,'129348126',NULL,NULL,40);
INSERT INTO `security` (`ID`, `SYMBOL`, `ISIN`, `BBGID`, `RIC`, `CONID`, `LMAXID`, `UNDERLYING_FK`, `SECURITY_FAMILY_FK`) VALUES (136,'NIHD',NULL,NULL,NULL,'17321975',NULL,NULL,40);
INSERT INTO `security` (`ID`, `SYMBOL`, `ISIN`, `BBGID`, `RIC`, `CONID`, `LMAXID`, `UNDERLYING_FK`, `SECURITY_FAMILY_FK`) VALUES (137,'NVDA',NULL,NULL,NULL,'4815747',NULL,NULL,40);
INSERT INTO `security` (`ID`, `SYMBOL`, `ISIN`, `BBGID`, `RIC`, `CONID`, `LMAXID`, `UNDERLYING_FK`, `SECURITY_FAMILY_FK`) VALUES (138,'ORLY',NULL,NULL,NULL,'82457808',NULL,NULL,40);
INSERT INTO `security` (`ID`, `SYMBOL`, `ISIN`, `BBGID`, `RIC`, `CONID`, `LMAXID`, `UNDERLYING_FK`, `SECURITY_FAMILY_FK`) VALUES (139,'ORCL',NULL,NULL,NULL,'272800',NULL,NULL,40);
INSERT INTO `security` (`ID`, `SYMBOL`, `ISIN`, `BBGID`, `RIC`, `CONID`, `LMAXID`, `UNDERLYING_FK`, `SECURITY_FAMILY_FK`) VALUES (140,'PCAR',NULL,NULL,NULL,'272992',NULL,NULL,40);
INSERT INTO `security` (`ID`, `SYMBOL`, `ISIN`, `BBGID`, `RIC`, `CONID`, `LMAXID`, `UNDERLYING_FK`, `SECURITY_FAMILY_FK`) VALUES (141,'PAYX',NULL,NULL,NULL,'272942',NULL,NULL,40);
INSERT INTO `security` (`ID`, `SYMBOL`, `ISIN`, `BBGID`, `RIC`, `CONID`, `LMAXID`, `UNDERLYING_FK`, `SECURITY_FAMILY_FK`) VALUES (142,'PCLN',NULL,NULL,NULL,'4651842',NULL,NULL,40);
INSERT INTO `security` (`ID`, `SYMBOL`, `ISIN`, `BBGID`, `RIC`, `CONID`, `LMAXID`, `UNDERLYING_FK`, `SECURITY_FAMILY_FK`) VALUES (143,'QGEN',NULL,NULL,NULL,'7498692',NULL,NULL,40);
INSERT INTO `security` (`ID`, `SYMBOL`, `ISIN`, `BBGID`, `RIC`, `CONID`, `LMAXID`, `UNDERLYING_FK`, `SECURITY_FAMILY_FK`) VALUES (144,'QCOM',NULL,NULL,NULL,'273544',NULL,NULL,40);
INSERT INTO `security` (`ID`, `SYMBOL`, `ISIN`, `BBGID`, `RIC`, `CONID`, `LMAXID`, `UNDERLYING_FK`, `SECURITY_FAMILY_FK`) VALUES (146,'ROST',NULL,NULL,NULL,'273939',NULL,NULL,40);
INSERT INTO `security` (`ID`, `SYMBOL`, `ISIN`, `BBGID`, `RIC`, `CONID`, `LMAXID`, `UNDERLYING_FK`, `SECURITY_FAMILY_FK`) VALUES (147,'SNDK',NULL,NULL,NULL,'2025886',NULL,NULL,40);
INSERT INTO `security` (`ID`, `SYMBOL`, `ISIN`, `BBGID`, `RIC`, `CONID`, `LMAXID`, `UNDERLYING_FK`, `SECURITY_FAMILY_FK`) VALUES (148,'STX',NULL,NULL,NULL,'76915240',NULL,NULL,40);
INSERT INTO `security` (`ID`, `SYMBOL`, `ISIN`, `BBGID`, `RIC`, `CONID`, `LMAXID`, `UNDERLYING_FK`, `SECURITY_FAMILY_FK`) VALUES (149,'SHLD',NULL,NULL,NULL,'18396910',NULL,NULL,40);
INSERT INTO `security` (`ID`, `SYMBOL`, `ISIN`, `BBGID`, `RIC`, `CONID`, `LMAXID`, `UNDERLYING_FK`, `SECURITY_FAMILY_FK`) VALUES (150,'SIAL',NULL,NULL,NULL,'274345',NULL,NULL,40);
INSERT INTO `security` (`ID`, `SYMBOL`, `ISIN`, `BBGID`, `RIC`, `CONID`, `LMAXID`, `UNDERLYING_FK`, `SECURITY_FAMILY_FK`) VALUES (151,'SIRI',NULL,NULL,NULL,'53069174',NULL,NULL,40);
INSERT INTO `security` (`ID`, `SYMBOL`, `ISIN`, `BBGID`, `RIC`, `CONID`, `LMAXID`, `UNDERLYING_FK`, `SECURITY_FAMILY_FK`) VALUES (152,'SPLS',NULL,NULL,NULL,'274599',NULL,NULL,40);
INSERT INTO `security` (`ID`, `SYMBOL`, `ISIN`, `BBGID`, `RIC`, `CONID`, `LMAXID`, `UNDERLYING_FK`, `SECURITY_FAMILY_FK`) VALUES (153,'SBUX',NULL,NULL,NULL,'274105',NULL,NULL,40);
INSERT INTO `security` (`ID`, `SYMBOL`, `ISIN`, `BBGID`, `RIC`, `CONID`, `LMAXID`, `UNDERLYING_FK`, `SECURITY_FAMILY_FK`) VALUES (154,'SRCL',NULL,NULL,NULL,'6478100',NULL,NULL,40);
INSERT INTO `security` (`ID`, `SYMBOL`, `ISIN`, `BBGID`, `RIC`, `CONID`, `LMAXID`, `UNDERLYING_FK`, `SECURITY_FAMILY_FK`) VALUES (155,'SYMC',NULL,NULL,NULL,'274925',NULL,NULL,40);
INSERT INTO `security` (`ID`, `SYMBOL`, `ISIN`, `BBGID`, `RIC`, `CONID`, `LMAXID`, `UNDERLYING_FK`, `SECURITY_FAMILY_FK`) VALUES (156,'TEVA',NULL,NULL,NULL,'275085',NULL,NULL,40);
INSERT INTO `security` (`ID`, `SYMBOL`, `ISIN`, `BBGID`, `RIC`, `CONID`, `LMAXID`, `UNDERLYING_FK`, `SECURITY_FAMILY_FK`) VALUES (157,'URBN',NULL,NULL,NULL,'275527',NULL,NULL,40);
INSERT INTO `security` (`ID`, `SYMBOL`, `ISIN`, `BBGID`, `RIC`, `CONID`, `LMAXID`, `UNDERLYING_FK`, `SECURITY_FAMILY_FK`) VALUES (158,'VRSN',NULL,NULL,NULL,'4173050',NULL,NULL,40);
INSERT INTO `security` (`ID`, `SYMBOL`, `ISIN`, `BBGID`, `RIC`, `CONID`, `LMAXID`, `UNDERLYING_FK`, `SECURITY_FAMILY_FK`) VALUES (159,'VRTX',NULL,NULL,NULL,'275850',NULL,NULL,40);
INSERT INTO `security` (`ID`, `SYMBOL`, `ISIN`, `BBGID`, `RIC`, `CONID`, `LMAXID`, `UNDERLYING_FK`, `SECURITY_FAMILY_FK`) VALUES (161,'VOD',NULL,NULL,NULL,'40301814',NULL,NULL,40);
INSERT INTO `security` (`ID`, `SYMBOL`, `ISIN`, `BBGID`, `RIC`, `CONID`, `LMAXID`, `UNDERLYING_FK`, `SECURITY_FAMILY_FK`) VALUES (162,'WCRX',NULL,NULL,NULL,'67558862',NULL,NULL,40);
INSERT INTO `security` (`ID`, `SYMBOL`, `ISIN`, `BBGID`, `RIC`, `CONID`, `LMAXID`, `UNDERLYING_FK`, `SECURITY_FAMILY_FK`) VALUES (163,'WFM',NULL,NULL,NULL,'276024',NULL,NULL,40);
INSERT INTO `security` (`ID`, `SYMBOL`, `ISIN`, `BBGID`, `RIC`, `CONID`, `LMAXID`, `UNDERLYING_FK`, `SECURITY_FAMILY_FK`) VALUES (164,'WYNN',NULL,NULL,NULL,'16454492',NULL,NULL,40);
INSERT INTO `security` (`ID`, `SYMBOL`, `ISIN`, `BBGID`, `RIC`, `CONID`, `LMAXID`, `UNDERLYING_FK`, `SECURITY_FAMILY_FK`) VALUES (165,'XLNX',NULL,NULL,NULL,'276222',NULL,NULL,40);
INSERT INTO `security` (`ID`, `SYMBOL`, `ISIN`, `BBGID`, `RIC`, `CONID`, `LMAXID`, `UNDERLYING_FK`, `SECURITY_FAMILY_FK`) VALUES (166,'YHOO',NULL,NULL,NULL,'3312890',NULL,NULL,40);

--
-- Dumping data for table `security_family`
--
-- WHERE:  id<1000

INSERT INTO `security_family` (`ID`, `NAME`, `SYMBOL_ROOT`, `ISIN_ROOT`, `RIC_ROOT`, `CURRENCY`, `TRADING_CLASS`, `CONTRACT_SIZE`, `SCALE`, `TICK_SIZE_PATTERN`, `EXECUTION_COMMISSION`, `CLEARING_COMMISSION`, `FEE`, `TRADEABLE`, `SYNTHETIC`, `PERIODICITY`, `MAX_GAP`, `UNDERLYING_FK`, `EXCHANGE_FK`) VALUES (1,'SMI',NULL,NULL,NULL,'CHF',NULL,1,2,'0<0.1',0.00,NULL,NULL,'\0','\0','MIN',NULL,NULL,1);
INSERT INTO `security_family` (`ID`, `NAME`, `SYMBOL_ROOT`, `ISIN_ROOT`, `RIC_ROOT`, `CURRENCY`, `TRADING_CLASS`, `CONTRACT_SIZE`, `SCALE`, `TICK_SIZE_PATTERN`, `EXECUTION_COMMISSION`, `CLEARING_COMMISSION`, `FEE`, `TRADEABLE`, `SYNTHETIC`, `PERIODICITY`, `MAX_GAP`, `UNDERLYING_FK`, `EXCHANGE_FK`) VALUES (2,'VSMI',NULL,NULL,NULL,'CHF',NULL,1,2,'0<0.01',NULL,NULL,NULL,'\0','\0','MIN',NULL,4,2);
INSERT INTO `security_family` (`ID`, `NAME`, `SYMBOL_ROOT`, `ISIN_ROOT`, `RIC_ROOT`, `CURRENCY`, `TRADING_CLASS`, `CONTRACT_SIZE`, `SCALE`, `TICK_SIZE_PATTERN`, `EXECUTION_COMMISSION`, `CLEARING_COMMISSION`, `FEE`, `TRADEABLE`, `SYNTHETIC`, `PERIODICITY`, `MAX_GAP`, `UNDERLYING_FK`, `EXCHANGE_FK`) VALUES (3,'SMI OPT','SMI',NULL,NULL,'CHF',NULL,10,2,'0<0.1',2.40,NULL,NULL,'','\0','MIN',NULL,4,1);
INSERT INTO `security_family` (`ID`, `NAME`, `SYMBOL_ROOT`, `ISIN_ROOT`, `RIC_ROOT`, `CURRENCY`, `TRADING_CLASS`, `CONTRACT_SIZE`, `SCALE`, `TICK_SIZE_PATTERN`, `EXECUTION_COMMISSION`, `CLEARING_COMMISSION`, `FEE`, `TRADEABLE`, `SYNTHETIC`, `PERIODICITY`, `MAX_GAP`, `UNDERLYING_FK`, `EXCHANGE_FK`) VALUES (4,'ESTX50',NULL,NULL,NULL,'EUR',NULL,1,2,'0<0.01',NULL,NULL,NULL,'\0','\0','MIN',NULL,NULL,2);
INSERT INTO `security_family` (`ID`, `NAME`, `SYMBOL_ROOT`, `ISIN_ROOT`, `RIC_ROOT`, `CURRENCY`, `TRADING_CLASS`, `CONTRACT_SIZE`, `SCALE`, `TICK_SIZE_PATTERN`, `EXECUTION_COMMISSION`, `CLEARING_COMMISSION`, `FEE`, `TRADEABLE`, `SYNTHETIC`, `PERIODICITY`, `MAX_GAP`, `UNDERLYING_FK`, `EXCHANGE_FK`) VALUES (5,'V2TX',NULL,NULL,NULL,'EUR',NULL,1,2,'0<0.01',NULL,NULL,NULL,'\0','\0','MIN',NULL,2,2);
INSERT INTO `security_family` (`ID`, `NAME`, `SYMBOL_ROOT`, `ISIN_ROOT`, `RIC_ROOT`, `CURRENCY`, `TRADING_CLASS`, `CONTRACT_SIZE`, `SCALE`, `TICK_SIZE_PATTERN`, `EXECUTION_COMMISSION`, `CLEARING_COMMISSION`, `FEE`, `TRADEABLE`, `SYNTHETIC`, `PERIODICITY`, `MAX_GAP`, `UNDERLYING_FK`, `EXCHANGE_FK`) VALUES (6,'ESX50 OPT','ESTX50',NULL,NULL,'EUR',NULL,10,2,'0<0.1',1.21,NULL,NULL,'','\0','MIN',NULL,2,2);
INSERT INTO `security_family` (`ID`, `NAME`, `SYMBOL_ROOT`, `ISIN_ROOT`, `RIC_ROOT`, `CURRENCY`, `TRADING_CLASS`, `CONTRACT_SIZE`, `SCALE`, `TICK_SIZE_PATTERN`, `EXECUTION_COMMISSION`, `CLEARING_COMMISSION`, `FEE`, `TRADEABLE`, `SYNTHETIC`, `PERIODICITY`, `MAX_GAP`, `UNDERLYING_FK`, `EXCHANGE_FK`) VALUES (8,'CHF FX',NULL,NULL,NULL,'CHF',NULL,1,5,'0<0.00005',0.00,NULL,NULL,'','\0','HOUR',5,NULL,3);
INSERT INTO `security_family` (`ID`, `NAME`, `SYMBOL_ROOT`, `ISIN_ROOT`, `RIC_ROOT`, `CURRENCY`, `TRADING_CLASS`, `CONTRACT_SIZE`, `SCALE`, `TICK_SIZE_PATTERN`, `EXECUTION_COMMISSION`, `CLEARING_COMMISSION`, `FEE`, `TRADEABLE`, `SYNTHETIC`, `PERIODICITY`, `MAX_GAP`, `UNDERLYING_FK`, `EXCHANGE_FK`) VALUES (9,'USD FX',NULL,NULL,NULL,'USD',NULL,1,5,'0<0.00005',0.00,NULL,NULL,'','\0','MIN',5,NULL,3);
INSERT INTO `security_family` (`ID`, `NAME`, `SYMBOL_ROOT`, `ISIN_ROOT`, `RIC_ROOT`, `CURRENCY`, `TRADING_CLASS`, `CONTRACT_SIZE`, `SCALE`, `TICK_SIZE_PATTERN`, `EXECUTION_COMMISSION`, `CLEARING_COMMISSION`, `FEE`, `TRADEABLE`, `SYNTHETIC`, `PERIODICITY`, `MAX_GAP`, `UNDERLYING_FK`, `EXCHANGE_FK`) VALUES (10,'SMI FUT','SMI',NULL,NULL,'CHF',NULL,10,2,'0<1.0',4.00,NULL,NULL,'','\0','MIN',NULL,4,4);
INSERT INTO `security_family` (`ID`, `NAME`, `SYMBOL_ROOT`, `ISIN_ROOT`, `RIC_ROOT`, `CURRENCY`, `TRADING_CLASS`, `CONTRACT_SIZE`, `SCALE`, `TICK_SIZE_PATTERN`, `EXECUTION_COMMISSION`, `CLEARING_COMMISSION`, `FEE`, `TRADEABLE`, `SYNTHETIC`, `PERIODICITY`, `MAX_GAP`, `UNDERLYING_FK`, `EXCHANGE_FK`) VALUES (11,'SPX',NULL,NULL,NULL,'USD',NULL,1,2,'0<0.01',0.00,NULL,NULL,'\0','\0','MIN',NULL,NULL,5);
INSERT INTO `security_family` (`ID`, `NAME`, `SYMBOL_ROOT`, `ISIN_ROOT`, `RIC_ROOT`, `CURRENCY`, `TRADING_CLASS`, `CONTRACT_SIZE`, `SCALE`, `TICK_SIZE_PATTERN`, `EXECUTION_COMMISSION`, `CLEARING_COMMISSION`, `FEE`, `TRADEABLE`, `SYNTHETIC`, `PERIODICITY`, `MAX_GAP`, `UNDERLYING_FK`, `EXCHANGE_FK`) VALUES (20,'VIX',NULL,NULL,NULL,'USD',NULL,1,2,'0<0.01',NULL,NULL,NULL,'\0','\0','MIN',3,12,5);
INSERT INTO `security_family` (`ID`, `NAME`, `SYMBOL_ROOT`, `ISIN_ROOT`, `RIC_ROOT`, `CURRENCY`, `TRADING_CLASS`, `CONTRACT_SIZE`, `SCALE`, `TICK_SIZE_PATTERN`, `EXECUTION_COMMISSION`, `CLEARING_COMMISSION`, `FEE`, `TRADEABLE`, `SYNTHETIC`, `PERIODICITY`, `MAX_GAP`, `UNDERLYING_FK`, `EXCHANGE_FK`) VALUES (21,'UX',NULL,NULL,NULL,'USD',NULL,1000,2,'0<0.05',NULL,NULL,NULL,'\0','\0',NULL,NULL,29,8);
INSERT INTO `security_family` (`ID`, `NAME`, `SYMBOL_ROOT`, `ISIN_ROOT`, `RIC_ROOT`, `CURRENCY`, `TRADING_CLASS`, `CONTRACT_SIZE`, `SCALE`, `TICK_SIZE_PATTERN`, `EXECUTION_COMMISSION`, `CLEARING_COMMISSION`, `FEE`, `TRADEABLE`, `SYNTHETIC`, `PERIODICITY`, `MAX_GAP`, `UNDERLYING_FK`, `EXCHANGE_FK`) VALUES (22,'VIX FUT','VIX',NULL,'VX','USD',NULL,1000,2,'0<0.05',1.73,2.20,NULL,'','\0','MIN',15,29,8);
INSERT INTO `security_family` (`ID`, `NAME`, `SYMBOL_ROOT`, `ISIN_ROOT`, `RIC_ROOT`, `CURRENCY`, `TRADING_CLASS`, `CONTRACT_SIZE`, `SCALE`, `TICK_SIZE_PATTERN`, `EXECUTION_COMMISSION`, `CLEARING_COMMISSION`, `FEE`, `TRADEABLE`, `SYNTHETIC`, `PERIODICITY`, `MAX_GAP`, `UNDERLYING_FK`, `EXCHANGE_FK`) VALUES (23,'VIX MINI FUT','VM',NULL,NULL,'USD',NULL,100,2,'0<0.05',1.97,NULL,NULL,'','\0','MIN',NULL,29,8);
INSERT INTO `security_family` (`ID`, `NAME`, `SYMBOL_ROOT`, `ISIN_ROOT`, `RIC_ROOT`, `CURRENCY`, `TRADING_CLASS`, `CONTRACT_SIZE`, `SCALE`, `TICK_SIZE_PATTERN`, `EXECUTION_COMMISSION`, `CLEARING_COMMISSION`, `FEE`, `TRADEABLE`, `SYNTHETIC`, `PERIODICITY`, `MAX_GAP`, `UNDERLYING_FK`, `EXCHANGE_FK`) VALUES (24,'SPX OPT','SPX',NULL,NULL,'USD','SPX',100,2,'0<0.05 | 3<0.1',1.02,NULL,NULL,'','\0','MIN',NULL,12,5);
INSERT INTO `security_family` (`ID`, `NAME`, `SYMBOL_ROOT`, `ISIN_ROOT`, `RIC_ROOT`, `CURRENCY`, `TRADING_CLASS`, `CONTRACT_SIZE`, `SCALE`, `TICK_SIZE_PATTERN`, `EXECUTION_COMMISSION`, `CLEARING_COMMISSION`, `FEE`, `TRADEABLE`, `SYNTHETIC`, `PERIODICITY`, `MAX_GAP`, `UNDERLYING_FK`, `EXCHANGE_FK`) VALUES (25,'SPX IVOL',NULL,NULL,NULL,'USD',NULL,1,4,'0<0.0001',NULL,NULL,NULL,'\0','\0',NULL,NULL,12,5);
INSERT INTO `security_family` (`ID`, `NAME`, `SYMBOL_ROOT`, `ISIN_ROOT`, `RIC_ROOT`, `CURRENCY`, `TRADING_CLASS`, `CONTRACT_SIZE`, `SCALE`, `TICK_SIZE_PATTERN`, `EXECUTION_COMMISSION`, `CLEARING_COMMISSION`, `FEE`, `TRADEABLE`, `SYNTHETIC`, `PERIODICITY`, `MAX_GAP`, `UNDERLYING_FK`, `EXCHANGE_FK`) VALUES (26,'VIX OPT','VIX',NULL,NULL,'USD',NULL,100,2,'0<0.05 | 3<0.1',1.01,0.35,NULL,'','\0','MIN',120,29,5);
INSERT INTO `security_family` (`ID`, `NAME`, `SYMBOL_ROOT`, `ISIN_ROOT`, `RIC_ROOT`, `CURRENCY`, `TRADING_CLASS`, `CONTRACT_SIZE`, `SCALE`, `TICK_SIZE_PATTERN`, `EXECUTION_COMMISSION`, `CLEARING_COMMISSION`, `FEE`, `TRADEABLE`, `SYNTHETIC`, `PERIODICITY`, `MAX_GAP`, `UNDERLYING_FK`, `EXCHANGE_FK`) VALUES (27,'SPX FUT','SPX',NULL,NULL,'USD',NULL,250,2,'0<0.01',NULL,NULL,NULL,'','\0','MIN',NULL,12,6);
INSERT INTO `security_family` (`ID`, `NAME`, `SYMBOL_ROOT`, `ISIN_ROOT`, `RIC_ROOT`, `CURRENCY`, `TRADING_CLASS`, `CONTRACT_SIZE`, `SCALE`, `TICK_SIZE_PATTERN`, `EXECUTION_COMMISSION`, `CLEARING_COMMISSION`, `FEE`, `TRADEABLE`, `SYNTHETIC`, `PERIODICITY`, `MAX_GAP`, `UNDERLYING_FK`, `EXCHANGE_FK`) VALUES (28,'SPX EMINI','ES',NULL,NULL,'USD',NULL,50,2,'0<0.01',NULL,NULL,NULL,'','\0','MIN',NULL,12,9);
INSERT INTO `security_family` (`ID`, `NAME`, `SYMBOL_ROOT`, `ISIN_ROOT`, `RIC_ROOT`, `CURRENCY`, `TRADING_CLASS`, `CONTRACT_SIZE`, `SCALE`, `TICK_SIZE_PATTERN`, `EXECUTION_COMMISSION`, `CLEARING_COMMISSION`, `FEE`, `TRADEABLE`, `SYNTHETIC`, `PERIODICITY`, `MAX_GAP`, `UNDERLYING_FK`, `EXCHANGE_FK`) VALUES (40,'NASDAQ',NULL,NULL,NULL,'USD',NULL,1,2,'0<0.01',0.00,NULL,NULL,'','\0','MIN',NULL,NULL,10);
INSERT INTO `security_family` (`ID`, `NAME`, `SYMBOL_ROOT`, `ISIN_ROOT`, `RIC_ROOT`, `CURRENCY`, `TRADING_CLASS`, `CONTRACT_SIZE`, `SCALE`, `TICK_SIZE_PATTERN`, `EXECUTION_COMMISSION`, `CLEARING_COMMISSION`, `FEE`, `TRADEABLE`, `SYNTHETIC`, `PERIODICITY`, `MAX_GAP`, `UNDERLYING_FK`, `EXCHANGE_FK`) VALUES (41,'NYSE',NULL,NULL,NULL,'USD',NULL,1,2,'0<0.01',0.00,NULL,NULL,'','\0','MIN',NULL,NULL,10);
INSERT INTO `security_family` (`ID`, `NAME`, `SYMBOL_ROOT`, `ISIN_ROOT`, `RIC_ROOT`, `CURRENCY`, `TRADING_CLASS`, `CONTRACT_SIZE`, `SCALE`, `TICK_SIZE_PATTERN`, `EXECUTION_COMMISSION`, `CLEARING_COMMISSION`, `FEE`, `TRADEABLE`, `SYNTHETIC`, `PERIODICITY`, `MAX_GAP`, `UNDERLYING_FK`, `EXCHANGE_FK`) VALUES (42,'VIX FUT COMBI',NULL,NULL,NULL,'USD',NULL,1000,2,'0<0.05',NULL,NULL,NULL,'\0','',NULL,NULL,29,8);
INSERT INTO `security_family` (`ID`, `NAME`, `SYMBOL_ROOT`, `ISIN_ROOT`, `RIC_ROOT`, `CURRENCY`, `TRADING_CLASS`, `CONTRACT_SIZE`, `SCALE`, `TICK_SIZE_PATTERN`, `EXECUTION_COMMISSION`, `CLEARING_COMMISSION`, `FEE`, `TRADEABLE`, `SYNTHETIC`, `PERIODICITY`, `MAX_GAP`, `UNDERLYING_FK`, `EXCHANGE_FK`) VALUES (43,'VIX OPT COMBI',NULL,NULL,NULL,'USD',NULL,100,2,'0<0.05 | 3<0.1',1.02,NULL,NULL,'\0','',NULL,NULL,29,5);
INSERT INTO `security_family` (`ID`, `NAME`, `SYMBOL_ROOT`, `ISIN_ROOT`, `RIC_ROOT`, `CURRENCY`, `TRADING_CLASS`, `CONTRACT_SIZE`, `SCALE`, `TICK_SIZE_PATTERN`, `EXECUTION_COMMISSION`, `CLEARING_COMMISSION`, `FEE`, `TRADEABLE`, `SYNTHETIC`, `PERIODICITY`, `MAX_GAP`, `UNDERLYING_FK`, `EXCHANGE_FK`) VALUES (44,'EUR.USD MICRO FUT','M6E',NULL,NULL,'USD',NULL,12500,4,'0<0.0001',0.33,1.38,NULL,'','\0','MIN',NULL,10,11);
INSERT INTO `security_family` (`ID`, `NAME`, `SYMBOL_ROOT`, `ISIN_ROOT`, `RIC_ROOT`, `CURRENCY`, `TRADING_CLASS`, `CONTRACT_SIZE`, `SCALE`, `TICK_SIZE_PATTERN`, `EXECUTION_COMMISSION`, `CLEARING_COMMISSION`, `FEE`, `TRADEABLE`, `SYNTHETIC`, `PERIODICITY`, `MAX_GAP`, `UNDERLYING_FK`, `EXCHANGE_FK`) VALUES (45,'EUR.USD FUT','EUR',NULL,'EC','USD',NULL,125000,4,'0<0.0001',0.33,2.42,NULL,'','\0','MIN',NULL,10,11);

--
-- Dumping data for table `stock`
--
-- WHERE:  id<1000

INSERT INTO `stock` (`ID`, `GICS`) VALUES (40,NULL);
INSERT INTO `stock` (`ID`, `GICS`) VALUES (41,NULL);
INSERT INTO `stock` (`ID`, `GICS`) VALUES (42,NULL);
INSERT INTO `stock` (`ID`, `GICS`) VALUES (43,NULL);
INSERT INTO `stock` (`ID`, `GICS`) VALUES (44,NULL);
INSERT INTO `stock` (`ID`, `GICS`) VALUES (45,NULL);
INSERT INTO `stock` (`ID`, `GICS`) VALUES (46,NULL);
INSERT INTO `stock` (`ID`, `GICS`) VALUES (47,NULL);
INSERT INTO `stock` (`ID`, `GICS`) VALUES (48,NULL);
INSERT INTO `stock` (`ID`, `GICS`) VALUES (49,NULL);
INSERT INTO `stock` (`ID`, `GICS`) VALUES (50,NULL);
INSERT INTO `stock` (`ID`, `GICS`) VALUES (51,NULL);
INSERT INTO `stock` (`ID`, `GICS`) VALUES (52,NULL);
INSERT INTO `stock` (`ID`, `GICS`) VALUES (53,NULL);
INSERT INTO `stock` (`ID`, `GICS`) VALUES (54,NULL);
INSERT INTO `stock` (`ID`, `GICS`) VALUES (55,NULL);
INSERT INTO `stock` (`ID`, `GICS`) VALUES (56,NULL);
INSERT INTO `stock` (`ID`, `GICS`) VALUES (57,NULL);
INSERT INTO `stock` (`ID`, `GICS`) VALUES (58,NULL);
INSERT INTO `stock` (`ID`, `GICS`) VALUES (59,NULL);
INSERT INTO `stock` (`ID`, `GICS`) VALUES (61,NULL);
INSERT INTO `stock` (`ID`, `GICS`) VALUES (62,NULL);
INSERT INTO `stock` (`ID`, `GICS`) VALUES (63,NULL);
INSERT INTO `stock` (`ID`, `GICS`) VALUES (64,NULL);
INSERT INTO `stock` (`ID`, `GICS`) VALUES (65,NULL);
INSERT INTO `stock` (`ID`, `GICS`) VALUES (66,NULL);
INSERT INTO `stock` (`ID`, `GICS`) VALUES (67,NULL);
INSERT INTO `stock` (`ID`, `GICS`) VALUES (68,NULL);
INSERT INTO `stock` (`ID`, `GICS`) VALUES (69,NULL);
INSERT INTO `stock` (`ID`, `GICS`) VALUES (70,NULL);
INSERT INTO `stock` (`ID`, `GICS`) VALUES (71,NULL);
INSERT INTO `stock` (`ID`, `GICS`) VALUES (72,NULL);
INSERT INTO `stock` (`ID`, `GICS`) VALUES (73,NULL);
INSERT INTO `stock` (`ID`, `GICS`) VALUES (74,NULL);
INSERT INTO `stock` (`ID`, `GICS`) VALUES (75,NULL);
INSERT INTO `stock` (`ID`, `GICS`) VALUES (76,NULL);
INSERT INTO `stock` (`ID`, `GICS`) VALUES (77,NULL);
INSERT INTO `stock` (`ID`, `GICS`) VALUES (78,NULL);
INSERT INTO `stock` (`ID`, `GICS`) VALUES (79,NULL);
INSERT INTO `stock` (`ID`, `GICS`) VALUES (80,NULL);
INSERT INTO `stock` (`ID`, `GICS`) VALUES (81,NULL);
INSERT INTO `stock` (`ID`, `GICS`) VALUES (82,NULL);
INSERT INTO `stock` (`ID`, `GICS`) VALUES (83,NULL);
INSERT INTO `stock` (`ID`, `GICS`) VALUES (84,NULL);
INSERT INTO `stock` (`ID`, `GICS`) VALUES (85,NULL);
INSERT INTO `stock` (`ID`, `GICS`) VALUES (87,NULL);
INSERT INTO `stock` (`ID`, `GICS`) VALUES (88,NULL);
INSERT INTO `stock` (`ID`, `GICS`) VALUES (89,NULL);
INSERT INTO `stock` (`ID`, `GICS`) VALUES (90,NULL);
INSERT INTO `stock` (`ID`, `GICS`) VALUES (91,NULL);
INSERT INTO `stock` (`ID`, `GICS`) VALUES (92,NULL);
INSERT INTO `stock` (`ID`, `GICS`) VALUES (93,NULL);
INSERT INTO `stock` (`ID`, `GICS`) VALUES (94,NULL);
INSERT INTO `stock` (`ID`, `GICS`) VALUES (95,NULL);
INSERT INTO `stock` (`ID`, `GICS`) VALUES (96,NULL);
INSERT INTO `stock` (`ID`, `GICS`) VALUES (97,NULL);
INSERT INTO `stock` (`ID`, `GICS`) VALUES (98,NULL);
INSERT INTO `stock` (`ID`, `GICS`) VALUES (99,NULL);
INSERT INTO `stock` (`ID`, `GICS`) VALUES (100,NULL);
INSERT INTO `stock` (`ID`, `GICS`) VALUES (101,NULL);
INSERT INTO `stock` (`ID`, `GICS`) VALUES (102,NULL);
INSERT INTO `stock` (`ID`, `GICS`) VALUES (104,NULL);
INSERT INTO `stock` (`ID`, `GICS`) VALUES (105,NULL);
INSERT INTO `stock` (`ID`, `GICS`) VALUES (106,NULL);
INSERT INTO `stock` (`ID`, `GICS`) VALUES (107,NULL);
INSERT INTO `stock` (`ID`, `GICS`) VALUES (108,NULL);
INSERT INTO `stock` (`ID`, `GICS`) VALUES (109,NULL);
INSERT INTO `stock` (`ID`, `GICS`) VALUES (110,NULL);
INSERT INTO `stock` (`ID`, `GICS`) VALUES (111,NULL);
INSERT INTO `stock` (`ID`, `GICS`) VALUES (112,NULL);
INSERT INTO `stock` (`ID`, `GICS`) VALUES (113,NULL);
INSERT INTO `stock` (`ID`, `GICS`) VALUES (114,NULL);
INSERT INTO `stock` (`ID`, `GICS`) VALUES (115,NULL);
INSERT INTO `stock` (`ID`, `GICS`) VALUES (116,NULL);
INSERT INTO `stock` (`ID`, `GICS`) VALUES (117,NULL);
INSERT INTO `stock` (`ID`, `GICS`) VALUES (118,NULL);
INSERT INTO `stock` (`ID`, `GICS`) VALUES (119,NULL);
INSERT INTO `stock` (`ID`, `GICS`) VALUES (120,NULL);
INSERT INTO `stock` (`ID`, `GICS`) VALUES (122,NULL);
INSERT INTO `stock` (`ID`, `GICS`) VALUES (123,NULL);
INSERT INTO `stock` (`ID`, `GICS`) VALUES (124,NULL);
INSERT INTO `stock` (`ID`, `GICS`) VALUES (125,NULL);
INSERT INTO `stock` (`ID`, `GICS`) VALUES (126,NULL);
INSERT INTO `stock` (`ID`, `GICS`) VALUES (127,NULL);
INSERT INTO `stock` (`ID`, `GICS`) VALUES (128,NULL);
INSERT INTO `stock` (`ID`, `GICS`) VALUES (129,NULL);
INSERT INTO `stock` (`ID`, `GICS`) VALUES (130,NULL);
INSERT INTO `stock` (`ID`, `GICS`) VALUES (131,NULL);
INSERT INTO `stock` (`ID`, `GICS`) VALUES (132,NULL);
INSERT INTO `stock` (`ID`, `GICS`) VALUES (133,NULL);
INSERT INTO `stock` (`ID`, `GICS`) VALUES (134,NULL);
INSERT INTO `stock` (`ID`, `GICS`) VALUES (135,NULL);
INSERT INTO `stock` (`ID`, `GICS`) VALUES (136,NULL);
INSERT INTO `stock` (`ID`, `GICS`) VALUES (137,NULL);
INSERT INTO `stock` (`ID`, `GICS`) VALUES (138,NULL);
INSERT INTO `stock` (`ID`, `GICS`) VALUES (139,NULL);
INSERT INTO `stock` (`ID`, `GICS`) VALUES (140,NULL);
INSERT INTO `stock` (`ID`, `GICS`) VALUES (141,NULL);
INSERT INTO `stock` (`ID`, `GICS`) VALUES (142,NULL);
INSERT INTO `stock` (`ID`, `GICS`) VALUES (143,NULL);
INSERT INTO `stock` (`ID`, `GICS`) VALUES (144,NULL);
INSERT INTO `stock` (`ID`, `GICS`) VALUES (146,NULL);
INSERT INTO `stock` (`ID`, `GICS`) VALUES (147,NULL);
INSERT INTO `stock` (`ID`, `GICS`) VALUES (148,NULL);
INSERT INTO `stock` (`ID`, `GICS`) VALUES (149,NULL);
INSERT INTO `stock` (`ID`, `GICS`) VALUES (150,NULL);
INSERT INTO `stock` (`ID`, `GICS`) VALUES (151,NULL);
INSERT INTO `stock` (`ID`, `GICS`) VALUES (152,NULL);
INSERT INTO `stock` (`ID`, `GICS`) VALUES (153,NULL);
INSERT INTO `stock` (`ID`, `GICS`) VALUES (154,NULL);
INSERT INTO `stock` (`ID`, `GICS`) VALUES (155,NULL);
INSERT INTO `stock` (`ID`, `GICS`) VALUES (156,NULL);
INSERT INTO `stock` (`ID`, `GICS`) VALUES (157,NULL);
INSERT INTO `stock` (`ID`, `GICS`) VALUES (158,NULL);
INSERT INTO `stock` (`ID`, `GICS`) VALUES (159,NULL);
INSERT INTO `stock` (`ID`, `GICS`) VALUES (161,NULL);
INSERT INTO `stock` (`ID`, `GICS`) VALUES (162,NULL);
INSERT INTO `stock` (`ID`, `GICS`) VALUES (163,NULL);
INSERT INTO `stock` (`ID`, `GICS`) VALUES (164,NULL);
INSERT INTO `stock` (`ID`, `GICS`) VALUES (165,NULL);
INSERT INTO `stock` (`ID`, `GICS`) VALUES (166,NULL);

--
-- Dumping data for table `strategy`
--
-- WHERE:  id<1000

INSERT INTO `strategy` (`ID`, `NAME`, `AUTO_ACTIVATE`, `ALLOCATION`, `INIT_MODULES`, `RUN_MODULES`, `VERSION`) VALUES (1,'BASE','',0,'market-data,combination,current-values,market-data-simulation,trades,portfolio,performance,algo-slicing,ib',NULL,0);

--
-- Dumping data for table `subscription`
--
-- WHERE:  id<1000

INSERT INTO `subscription` (`ID`, `SECURITY_FK`, `STRATEGY_FK`, `FEED_TYPE`, `PERSISTENT`, `VERSION`) VALUES (100,10,1,'IB','',0);

--
-- Dumping data for table `tick`
--
-- WHERE:  id<1000

INSERT INTO `tick` (`ID`, `DATE_TIME`, `LAST`, `LAST_DATE_TIME`, `VOL`, `VOL_BID`, `VOL_ASK`, `BID`, `ASK`, `SECURITY_FK`) VALUES (1,'2000-01-01 00:00:00',NULL,NULL,0,0,0,'1.00000','1.00000',8);
INSERT INTO `tick` (`ID`, `DATE_TIME`, `LAST`, `LAST_DATE_TIME`, `VOL`, `VOL_BID`, `VOL_ASK`, `BID`, `ASK`, `SECURITY_FK`) VALUES (2,'2000-01-01 00:00:00',NULL,NULL,0,0,0,'1.00000','1.00000',9);
INSERT INTO `tick` (`ID`, `DATE_TIME`, `LAST`, `LAST_DATE_TIME`, `VOL`, `VOL_BID`, `VOL_ASK`, `BID`, `ASK`, `SECURITY_FK`) VALUES (3,'2000-01-01 00:00:00',NULL,NULL,0,0,0,'1.00000','1.00000',10);

--
-- Dumping data for table `trading_hours`
--
-- WHERE:  id<1000

INSERT INTO `trading_hours` (`ID`, `OPEN`, `CLOSE`, `SUNDAY`, `MONDAY`, `TUESDAY`, `WEDNESDAY`, `THURSDAY`, `FRIDAY`, `SATURDAY`, `EXCHANGE_FK`) VALUES (1,'09:00:00','22:00:00','\0','','','','','','\0',1);
INSERT INTO `trading_hours` (`ID`, `OPEN`, `CLOSE`, `SUNDAY`, `MONDAY`, `TUESDAY`, `WEDNESDAY`, `THURSDAY`, `FRIDAY`, `SATURDAY`, `EXCHANGE_FK`) VALUES (2,'09:00:00','17:30:00','\0','','','','','','\0',2);
INSERT INTO `trading_hours` (`ID`, `OPEN`, `CLOSE`, `SUNDAY`, `MONDAY`, `TUESDAY`, `WEDNESDAY`, `THURSDAY`, `FRIDAY`, `SATURDAY`, `EXCHANGE_FK`) VALUES (3,'17:15:00','17:00:00','','','','','','\0','\0',3);
INSERT INTO `trading_hours` (`ID`, `OPEN`, `CLOSE`, `SUNDAY`, `MONDAY`, `TUESDAY`, `WEDNESDAY`, `THURSDAY`, `FRIDAY`, `SATURDAY`, `EXCHANGE_FK`) VALUES (4,'08:00:00','22:00:00','\0','','','','','','\0',4);
INSERT INTO `trading_hours` (`ID`, `OPEN`, `CLOSE`, `SUNDAY`, `MONDAY`, `TUESDAY`, `WEDNESDAY`, `THURSDAY`, `FRIDAY`, `SATURDAY`, `EXCHANGE_FK`) VALUES (5,'08:30:00','15:00:00','\0','','','','','','\0',5);
INSERT INTO `trading_hours` (`ID`, `OPEN`, `CLOSE`, `SUNDAY`, `MONDAY`, `TUESDAY`, `WEDNESDAY`, `THURSDAY`, `FRIDAY`, `SATURDAY`, `EXCHANGE_FK`) VALUES (6,'08:30:00','15:15:00','\0','','','','','','\0',6);
INSERT INTO `trading_hours` (`ID`, `OPEN`, `CLOSE`, `SUNDAY`, `MONDAY`, `TUESDAY`, `WEDNESDAY`, `THURSDAY`, `FRIDAY`, `SATURDAY`, `EXCHANGE_FK`) VALUES (8,'08:30:00','15:15:00','\0','','','','','','\0',8);
INSERT INTO `trading_hours` (`ID`, `OPEN`, `CLOSE`, `SUNDAY`, `MONDAY`, `TUESDAY`, `WEDNESDAY`, `THURSDAY`, `FRIDAY`, `SATURDAY`, `EXCHANGE_FK`) VALUES (9,'08:30:00','15:15:00','\0','','','','','','\0',9);
INSERT INTO `trading_hours` (`ID`, `OPEN`, `CLOSE`, `SUNDAY`, `MONDAY`, `TUESDAY`, `WEDNESDAY`, `THURSDAY`, `FRIDAY`, `SATURDAY`, `EXCHANGE_FK`) VALUES (10,'09:30:00','16:00:00','\0','','','','','','\0',10);
INSERT INTO `trading_hours` (`ID`, `OPEN`, `CLOSE`, `SUNDAY`, `MONDAY`, `TUESDAY`, `WEDNESDAY`, `THURSDAY`, `FRIDAY`, `SATURDAY`, `EXCHANGE_FK`) VALUES (11,'08:30:00','16:00:00','\0','','','','','','\0',11);

--
-- Dumping data for table `transaction`
--
-- WHERE:  id<1000

INSERT INTO `transaction` (`ID`, `EXT_ID`, `INT_ORDER_ID`, `EXT_ORDER_ID`, `DATE_TIME`, `SETTLEMENT_DATE`, `QUANTITY`, `PRICE`, `EXECUTION_COMMISSION`, `CLEARING_COMMISSION`, `FEE`, `CURRENCY`, `TYPE`, `DESCRIPTION`, `SECURITY_FK`, `STRATEGY_FK`, `POSITION_FK`, `ACCOUNT_FK`) VALUES (1,NULL,NULL,NULL,'2012-08-16 00:00:00',NULL,1,1000000.000000,NULL,NULL,NULL,'USD','CREDIT',NULL,NULL,1,NULL,NULL);
/*!40103 SET TIME_ZONE=@OLD_TIME_ZONE */;

/*!40101 SET SQL_MODE=@OLD_SQL_MODE */;
/*!40014 SET FOREIGN_KEY_CHECKS=@OLD_FOREIGN_KEY_CHECKS */;
/*!40014 SET UNIQUE_CHECKS=@OLD_UNIQUE_CHECKS */;
/*!40101 SET CHARACTER_SET_CLIENT=@OLD_CHARACTER_SET_CLIENT */;
/*!40101 SET CHARACTER_SET_RESULTS=@OLD_CHARACTER_SET_RESULTS */;
/*!40101 SET COLLATION_CONNECTION=@OLD_COLLATION_CONNECTION */;
/*!40111 SET SQL_NOTES=@OLD_SQL_NOTES */;

-- Dump completed on 2014-08-12 16:12:54
