;             
CREATE USER IF NOT EXISTS SA SALT 'f718438aa7460712' HASH '7b6cd45b4b095988bfd567db92976e19a12979a13eaa6a69741008ba6bb1cb66' ADMIN;           
CREATE SEQUENCE PUBLIC.SYSTEM_SEQUENCE_F061B560_82F1_4E09_BE1E_B0EB7135B76B START WITH 52 BELONGS_TO_TABLE;   
CREATE SEQUENCE PUBLIC.SYSTEM_SEQUENCE_17AB3B5B_964E_48AA_A379_E7DF271037C3 START WITH 46 BELONGS_TO_TABLE;   
CREATE SEQUENCE PUBLIC.SYSTEM_SEQUENCE_107AA803_850C_4AF4_A695_A7A78AF3BDD7 START WITH 1 BELONGS_TO_TABLE;    
CREATE SEQUENCE PUBLIC.SYSTEM_SEQUENCE_6271A79A_E74B_45E7_843B_7B2D354371CA START WITH 1 BELONGS_TO_TABLE;    
CREATE SEQUENCE PUBLIC.SYSTEM_SEQUENCE_C84AB782_9AB1_4C76_81DE_07DBBCA78C15 START WITH 1 BELONGS_TO_TABLE;    
CREATE SEQUENCE PUBLIC.SYSTEM_SEQUENCE_F9B8C3DB_24DA_4819_9B27_550589948394 START WITH 12 BELONGS_TO_TABLE;   
CREATE SEQUENCE PUBLIC.SYSTEM_SEQUENCE_404D4B13_746F_463F_8A8B_05C4E279D569 START WITH 101 BELONGS_TO_TABLE;  
CREATE SEQUENCE PUBLIC.SYSTEM_SEQUENCE_DDF81F7F_C71B_435B_8433_9B8164694D5B START WITH 1 BELONGS_TO_TABLE;    
CREATE SEQUENCE PUBLIC.SYSTEM_SEQUENCE_152A35B8_D087_41A9_94BB_219383CFF9C3 START WITH 1 BELONGS_TO_TABLE;    
CREATE SEQUENCE PUBLIC.SYSTEM_SEQUENCE_3EDDDA7D_B8B7_46E7_A19F_61ABE8A02D9F START WITH 2 BELONGS_TO_TABLE;    
CREATE SEQUENCE PUBLIC.SYSTEM_SEQUENCE_CCADF464_9BD8_4E54_BE07_64A44B4109D3 START WITH 1 BELONGS_TO_TABLE;    
CREATE SEQUENCE PUBLIC.SYSTEM_SEQUENCE_5016E21B_77B7_42D4_B7C7_19B6D4359FB1 START WITH 4 BELONGS_TO_TABLE;    
CREATE SEQUENCE PUBLIC.SYSTEM_SEQUENCE_D167E5F4_E07F_4462_9314_234DC43667CC START WITH 2 BELONGS_TO_TABLE;    
CREATE SEQUENCE PUBLIC.SYSTEM_SEQUENCE_8D55E322_281E_4887_82E3_45E66E08B89C START WITH 1 BELONGS_TO_TABLE;    
CREATE SEQUENCE PUBLIC.SYSTEM_SEQUENCE_5FF284AA_F4A8_4D61_940B_68A08BA72E51 START WITH 4 BELONGS_TO_TABLE;    
CREATE SEQUENCE PUBLIC.SYSTEM_SEQUENCE_6AA22681_ECEB_43A0_A88C_6B58BB0FF2E6 START WITH 2 BELONGS_TO_TABLE;    
CREATE SEQUENCE PUBLIC.SYSTEM_SEQUENCE_05CD34F6_7B09_4838_939F_03CC54623B39 START WITH 1 BELONGS_TO_TABLE;    
CREATE SEQUENCE PUBLIC.SYSTEM_SEQUENCE_A33B73BC_A04C_40FB_B7B6_2E6072C01572 START WITH 1 BELONGS_TO_TABLE;    
CREATE SEQUENCE PUBLIC.SYSTEM_SEQUENCE_DCC551BF_B84B_4162_B836_F00CA10EBC73 START WITH 3 BELONGS_TO_TABLE;    
CREATE SEQUENCE PUBLIC.SYSTEM_SEQUENCE_82D4BA2E_5F1E_419E_A413_1A466B4848F1 START WITH 3 BELONGS_TO_TABLE;    
CREATE SEQUENCE PUBLIC.SYSTEM_SEQUENCE_FCB0592A_3CB7_46B8_A957_C424E041581D START WITH 12 BELONGS_TO_TABLE;   
CREATE SEQUENCE PUBLIC.SYSTEM_SEQUENCE_4F369FD8_BB0F_4165_948D_13EEA06E21C2 START WITH 109 BELONGS_TO_TABLE;  
CREATE SEQUENCE PUBLIC.SYSTEM_SEQUENCE_E3063847_C728_42C7_9B4E_BCFFA10420FF START WITH 167 BELONGS_TO_TABLE;  
CREATE SEQUENCE PUBLIC.SYSTEM_SEQUENCE_9F86195B_9119_4F55_AADD_B00E93971A9A START WITH 1 BELONGS_TO_TABLE;    
CREATE CACHED TABLE PUBLIC."account"(
    ID INT DEFAULT (NEXT VALUE FOR PUBLIC.SYSTEM_SEQUENCE_4F369FD8_BB0F_4165_948D_13EEA06E21C2) NOT NULL NULL_TO_DEFAULT SEQUENCE PUBLIC.SYSTEM_SEQUENCE_4F369FD8_BB0F_4165_948D_13EEA06E21C2,
    NAME VARCHAR(20) NOT NULL,
    ACTIVE BIT NOT NULL,
    BROKER VARCHAR(100) DEFAULT NULL,
    ORDER_SERVICE_TYPE VARCHAR(100) NOT NULL,
    SESSION_QUALIFIER VARCHAR(10) DEFAULT NULL,
    EXT_ACCOUNT VARCHAR(20) DEFAULT NULL,
    EXT_ACCOUNT_GROUP VARCHAR(20) DEFAULT NULL,
    EXT_ALLOCATION_PROFILE VARCHAR(20) DEFAULT NULL,
    EXT_CLEARING_ACCOUNT VARCHAR(20) DEFAULT NULL
);               
ALTER TABLE PUBLIC."account" ADD CONSTRAINT PUBLIC.CONSTRAINT_B PRIMARY KEY(ID);              
-- 8 +/- SELECT COUNT(*) FROM PUBLIC."account";               
INSERT INTO PUBLIC."account"(ID, NAME, ACTIVE, BROKER, ORDER_SERVICE_TYPE, SESSION_QUALIFIER, EXT_ACCOUNT, EXT_ACCOUNT_GROUP, EXT_ALLOCATION_PROFILE, EXT_CLEARING_ACCOUNT) VALUES
(100, 'IB_NATIVE_TEST', FALSE, 'IB', 'IB_NATIVE', NULL, 'DU127027', NULL, NULL, NULL),
(101, 'IB_FIX_TEST', FALSE, 'IB', 'IB_FIX', 'IBFT', NULL, NULL, NULL, NULL),
(103, 'DC_TEST', FALSE, 'DC', 'DC_FIX', 'DCT', NULL, NULL, NULL, NULL),
(104, 'JPM_TEST', FALSE, 'JPM', 'JPM_FIX', 'JPMT', NULL, NULL, NULL, NULL),
(105, 'RT_TEST', FALSE, 'RT', 'RT_FIX', 'RTT', NULL, NULL, NULL, NULL),
(106, 'LMAX_TEST', FALSE, 'LMAX', 'LMAX_FIX', 'LMAXT', NULL, NULL, NULL, NULL),
(107, 'FXCM_TEST', FALSE, 'FXCM', 'FXCM_FIX', 'FXCM', '01727399', NULL, NULL, NULL),
(108, 'CNX_TEST', FALSE, 'CNX', 'CNX_FIX', 'CNXT', NULL, NULL, NULL, NULL);   
CREATE INDEX PUBLIC.INDEX_B ON PUBLIC."account"(ACTIVE);      
CREATE INDEX PUBLIC.INDEX_B9 ON PUBLIC."account"(BROKER);     
CREATE INDEX PUBLIC.INDEX_B9D ON PUBLIC."account"(ORDER_SERVICE_TYPE);        
CREATE CACHED TABLE PUBLIC."allocation"(
    ID INT DEFAULT (NEXT VALUE FOR PUBLIC.SYSTEM_SEQUENCE_C84AB782_9AB1_4C76_81DE_07DBBCA78C15) NOT NULL NULL_TO_DEFAULT SEQUENCE PUBLIC.SYSTEM_SEQUENCE_C84AB782_9AB1_4C76_81DE_07DBBCA78C15,
    VALUE DOUBLE NOT NULL,
    ORDER_PREFERENCE_FK INT NOT NULL,
    ACCOUNT_FK INT NOT NULL
);  
ALTER TABLE PUBLIC."allocation" ADD CONSTRAINT PUBLIC.CONSTRAINT_8 PRIMARY KEY(ID);           
-- 0 +/- SELECT COUNT(*) FROM PUBLIC."allocation";            
CREATE INDEX PUBLIC.INDEX_8 ON PUBLIC."allocation"(ACCOUNT_FK);               
CREATE INDEX PUBLIC.INDEX_8E ON PUBLIC."allocation"(ORDER_PREFERENCE_FK);     
CREATE CACHED TABLE PUBLIC."bar"(
    ID INT NOT NULL,
    DATE_TIME DATETIME NOT NULL,
    OPEN DECIMAL(13, 6) NOT NULL,
    HIGH DECIMAL(13, 6) NOT NULL,
    LOW DECIMAL(13, 6) NOT NULL,
    CLOSE DECIMAL(13, 6) NOT NULL,
    VOL INT NOT NULL,
    BAR_SIZE VARCHAR(100) NOT NULL,
    FEED_TYPE VARCHAR(100) DEFAULT NULL,
    SECURITY_FK INT NOT NULL
); 
ALTER TABLE PUBLIC."bar" ADD CONSTRAINT PUBLIC.CONSTRAINT_1 PRIMARY KEY(ID);  
-- 0 +/- SELECT COUNT(*) FROM PUBLIC."bar";   
CREATE INDEX PUBLIC.INDEX_1 ON PUBLIC."bar"(DATE_TIME);       
CREATE INDEX PUBLIC.INDEX_17 ON PUBLIC."bar"(SECURITY_FK);    
CREATE INDEX PUBLIC.INDEX_17C ON PUBLIC."bar"(BAR_SIZE);      
CREATE CACHED TABLE PUBLIC."bond"(
    ID INT NOT NULL,
    MATURITY DATE NOT NULL,
    COUPON DOUBLE NOT NULL
);         
ALTER TABLE PUBLIC."bond" ADD CONSTRAINT PUBLIC.CONSTRAINT_2 PRIMARY KEY(ID); 
-- 0 +/- SELECT COUNT(*) FROM PUBLIC."bond";  
CREATE INDEX PUBLIC.INDEX_2 ON PUBLIC."bond"(MATURITY);       
CREATE INDEX PUBLIC.INDEX_2E ON PUBLIC."bond"(ID);            
CREATE CACHED TABLE PUBLIC."bond_family"(
    ID INT NOT NULL,
    MATURITY_DISTANCE VARCHAR(100) NOT NULL,
    LENGTH INT NOT NULL,
    QUOTATION_STYLE VARCHAR(100) NOT NULL
);        
ALTER TABLE PUBLIC."bond_family" ADD CONSTRAINT PUBLIC.CONSTRAINT_89 PRIMARY KEY(ID);         
-- 0 +/- SELECT COUNT(*) FROM PUBLIC."bond_family";           
CREATE INDEX PUBLIC.INDEX_89 ON PUBLIC."bond_family"(ID);     
CREATE CACHED TABLE PUBLIC."broker_parameters"(
    ID INT DEFAULT (NEXT VALUE FOR PUBLIC.SYSTEM_SEQUENCE_DCC551BF_B84B_4162_B836_F00CA10EBC73) NOT NULL NULL_TO_DEFAULT SEQUENCE PUBLIC.SYSTEM_SEQUENCE_DCC551BF_B84B_4162_B836_F00CA10EBC73,
    BROKER VARCHAR(100) NOT NULL,
    SYMBOL_ROOT VARCHAR(20) DEFAULT NULL,
    EXCHANGE_CODE VARCHAR(20) DEFAULT NULL,
    EXECUTION_COMMISSION DECIMAL(5, 2) DEFAULT NULL,
    CLEARING_COMMISSION DECIMAL(5, 2) DEFAULT NULL,
    FEE DECIMAL(5, 2) DEFAULT NULL,
    SECURITY_FAMILY_FK INT NOT NULL
);           
ALTER TABLE PUBLIC."broker_parameters" ADD CONSTRAINT PUBLIC.CONSTRAINT_9 PRIMARY KEY(ID);    
-- 2 +/- SELECT COUNT(*) FROM PUBLIC."broker_parameters";     
INSERT INTO PUBLIC."broker_parameters"(ID, BROKER, SYMBOL_ROOT, EXCHANGE_CODE, EXECUTION_COMMISSION, CLEARING_COMMISSION, FEE, SECURITY_FAMILY_FK) VALUES
(1, 'JPM', NULL, 'XCBO', NULL, NULL, NULL, 26),
(2, 'JPM', NULL, 'XCBF', NULL, NULL, NULL, 22);   
CREATE INDEX PUBLIC.INDEX_9 ON PUBLIC."broker_parameters"(SECURITY_FAMILY_FK);
CREATE CACHED TABLE PUBLIC."cash_balance"(
    ID INT DEFAULT (NEXT VALUE FOR PUBLIC.SYSTEM_SEQUENCE_3EDDDA7D_B8B7_46E7_A19F_61ABE8A02D9F) NOT NULL NULL_TO_DEFAULT SEQUENCE PUBLIC.SYSTEM_SEQUENCE_3EDDDA7D_B8B7_46E7_A19F_61ABE8A02D9F,
    CURRENCY VARCHAR(100) NOT NULL,
    AMOUNT DECIMAL(15, 2) NOT NULL,
    STRATEGY_FK INT NOT NULL,
    VERSION INT NOT NULL
);             
ALTER TABLE PUBLIC."cash_balance" ADD CONSTRAINT PUBLIC.CONSTRAINT_D PRIMARY KEY(ID);         
-- 1 +/- SELECT COUNT(*) FROM PUBLIC."cash_balance";          
INSERT INTO PUBLIC."cash_balance"(ID, CURRENCY, AMOUNT, STRATEGY_FK, VERSION) VALUES
(1, 'USD', 1000000.00, 1, 1);           
CREATE INDEX PUBLIC.INDEX_D ON PUBLIC."cash_balance"(STRATEGY_FK);            
CREATE CACHED TABLE PUBLIC."combination"(
    ID INT DEFAULT (NEXT VALUE FOR PUBLIC.SYSTEM_SEQUENCE_05CD34F6_7B09_4838_939F_03CC54623B39) NOT NULL NULL_TO_DEFAULT SEQUENCE PUBLIC.SYSTEM_SEQUENCE_05CD34F6_7B09_4838_939F_03CC54623B39,
    UUID CHAR(36) NOT NULL,
    TYPE VARCHAR(100) NOT NULL,
    PERSISTENT BIT NOT NULL
);      
ALTER TABLE PUBLIC."combination" ADD CONSTRAINT PUBLIC.CONSTRAINT_D9 PRIMARY KEY(ID);         
-- 0 +/- SELECT COUNT(*) FROM PUBLIC."combination";           
CREATE INDEX PUBLIC.INDEX_D9 ON PUBLIC."combination"(ID);     
CREATE CACHED TABLE PUBLIC."commodity"(
    ID INT NOT NULL,
    TYPE VARCHAR(100) NOT NULL
);             
ALTER TABLE PUBLIC."commodity" ADD CONSTRAINT PUBLIC.CONSTRAINT_A PRIMARY KEY(ID);            
-- 0 +/- SELECT COUNT(*) FROM PUBLIC."commodity";             
CREATE INDEX PUBLIC.INDEX_A ON PUBLIC."commodity"(ID);        
CREATE CACHED TABLE PUBLIC."component"(
    ID INT DEFAULT (NEXT VALUE FOR PUBLIC.SYSTEM_SEQUENCE_A33B73BC_A04C_40FB_B7B6_2E6072C01572) NOT NULL NULL_TO_DEFAULT SEQUENCE PUBLIC.SYSTEM_SEQUENCE_A33B73BC_A04C_40FB_B7B6_2E6072C01572,
    QUANTITY BIGINT NOT NULL,
    PERSISTENT BIT NOT NULL,
    SECURITY_FK INT NOT NULL,
    COMBINATION_FK INT NOT NULL,
    VERSION INT NOT NULL
);           
ALTER TABLE PUBLIC."component" ADD CONSTRAINT PUBLIC.CONSTRAINT_AC PRIMARY KEY(ID);           
-- 0 +/- SELECT COUNT(*) FROM PUBLIC."component";             
CREATE INDEX PUBLIC.INDEX_AC ON PUBLIC."component"(COMBINATION_FK);           
CREATE INDEX PUBLIC.INDEX_AC8 ON PUBLIC."component"(SECURITY_FK);             
CREATE CACHED TABLE PUBLIC."default_order_preference"(
    ID INT DEFAULT (NEXT VALUE FOR PUBLIC.SYSTEM_SEQUENCE_82D4BA2E_5F1E_419E_A413_1A466B4848F1) NOT NULL NULL_TO_DEFAULT SEQUENCE PUBLIC.SYSTEM_SEQUENCE_82D4BA2E_5F1E_419E_A413_1A466B4848F1,
    ORDER_PREFERENCE_FK INT NOT NULL,
    STRATEGY_FK INT NOT NULL,
    SECURITY_FAMILY_FK INT NOT NULL
);         
ALTER TABLE PUBLIC."default_order_preference" ADD CONSTRAINT PUBLIC.CONSTRAINT_3 PRIMARY KEY(ID);             
-- 1 +/- SELECT COUNT(*) FROM PUBLIC."default_order_preference";              
INSERT INTO PUBLIC."default_order_preference"(ID, ORDER_PREFERENCE_FK, STRATEGY_FK, SECURITY_FAMILY_FK) VALUES
(2, 203, 1, 9);               
CREATE INDEX PUBLIC.INDEX_3 ON PUBLIC."default_order_preference"(ORDER_PREFERENCE_FK);        
CREATE INDEX PUBLIC.INDEX_34 ON PUBLIC."default_order_preference"(SECURITY_FAMILY_FK);        
CREATE INDEX PUBLIC.INDEX_34A ON PUBLIC."default_order_preference"(STRATEGY_FK);              
CREATE CACHED TABLE PUBLIC."easy_to_borrow"(
    ID INT DEFAULT (NEXT VALUE FOR PUBLIC.SYSTEM_SEQUENCE_152A35B8_D087_41A9_94BB_219383CFF9C3) NOT NULL NULL_TO_DEFAULT SEQUENCE PUBLIC.SYSTEM_SEQUENCE_152A35B8_D087_41A9_94BB_219383CFF9C3,
    DATE DATE NOT NULL,
    BROKER VARCHAR(100) NOT NULL,
    QUANTITY BIGINT NOT NULL,
    STOCK_FK INT NOT NULL
);        
ALTER TABLE PUBLIC."easy_to_borrow" ADD CONSTRAINT PUBLIC.CONSTRAINT_80 PRIMARY KEY(ID);      
-- 0 +/- SELECT COUNT(*) FROM PUBLIC."easy_to_borrow";        
CREATE INDEX PUBLIC.INDEX_80 ON PUBLIC."easy_to_borrow"(STOCK_FK);            
CREATE CACHED TABLE PUBLIC."exchange"(
    ID INT DEFAULT (NEXT VALUE FOR PUBLIC.SYSTEM_SEQUENCE_F9B8C3DB_24DA_4819_9B27_550589948394) NOT NULL NULL_TO_DEFAULT SEQUENCE PUBLIC.SYSTEM_SEQUENCE_F9B8C3DB_24DA_4819_9B27_550589948394,
    NAME VARCHAR(50) NOT NULL,
    CODE VARCHAR(10) NOT NULL,
    TIME_ZONE VARCHAR(50) DEFAULT NULL
);            
ALTER TABLE PUBLIC."exchange" ADD CONSTRAINT PUBLIC.CONSTRAINT_7 PRIMARY KEY(ID);             
-- 10 +/- SELECT COUNT(*) FROM PUBLIC."exchange";             
INSERT INTO PUBLIC."exchange"(ID, NAME, CODE, TIME_ZONE) VALUES
(1, 'EUREX SMI', 'SOFFEX', 'Europe/Berlin'),
(2, 'EUREX ESTX50', 'DTB', 'Europe/Berlin'),
(3, 'IDEALPRO', 'IDEALPRO', 'US/Eastern'),
(4, 'EUREX CH FUT', 'SOFFEX', 'US/Eastern'),
(5, 'CBOE', 'CBOE', 'US/Central'),
(6, 'CME', 'CME', 'US/Central'),
(8, 'CFE', 'CFE', 'US/Central'),
(9, 'GLOBEX EMINI', 'GLOBEX', 'US/Central'),
(10, 'SMART', 'SMART', 'US/Eastern'),
(11, 'GLOBEX FX FUT', 'GLOBEX', 'US/Central');            
CREATE CACHED TABLE PUBLIC."forex"(
    ID INT NOT NULL,
    BASE_CURRENCY VARCHAR(100) NOT NULL
);        
ALTER TABLE PUBLIC."forex" ADD CONSTRAINT PUBLIC.CONSTRAINT_5 PRIMARY KEY(ID);
-- 4 +/- SELECT COUNT(*) FROM PUBLIC."forex"; 
INSERT INTO PUBLIC."forex"(ID, BASE_CURRENCY) VALUES
(8, 'EUR'),
(9, 'USD'),
(10, 'EUR'),
(11, 'GBP');    
CREATE INDEX PUBLIC.INDEX_5 ON PUBLIC."forex"(ID);            
CREATE CACHED TABLE PUBLIC."fund"(
    ID INT NOT NULL
);   
ALTER TABLE PUBLIC."fund" ADD CONSTRAINT PUBLIC.CONSTRAINT_30 PRIMARY KEY(ID);
-- 0 +/- SELECT COUNT(*) FROM PUBLIC."fund";  
CREATE INDEX PUBLIC.INDEX_30 ON PUBLIC."fund"(ID);            
CREATE CACHED TABLE PUBLIC."future"(
    ID INT NOT NULL,
    EXPIRATION DATE NOT NULL,
    FIRST_NOTICE DATE DEFAULT NULL,
    LAST_TRADING DATE DEFAULT NULL
);        
ALTER TABLE PUBLIC."future" ADD CONSTRAINT PUBLIC.CONSTRAINT_B4 PRIMARY KEY(ID);              
-- 0 +/- SELECT COUNT(*) FROM PUBLIC."future";
CREATE INDEX PUBLIC.INDEX_B4 ON PUBLIC."future"(EXPIRATION);  
CREATE INDEX PUBLIC.INDEX_B4B ON PUBLIC."future"(FIRST_NOTICE);               
CREATE INDEX PUBLIC.INDEX_B4B5 ON PUBLIC."future"(LAST_TRADING);              
CREATE INDEX PUBLIC.INDEX_B4B58 ON PUBLIC."future"(ID);       
CREATE CACHED TABLE PUBLIC."future_family"(
    ID INT NOT NULL,
    INTREST DOUBLE NOT NULL,
    DIVIDEND DOUBLE NOT NULL,
    MARGIN_PARAMETER DOUBLE NOT NULL,
    EXPIRATION_TYPE VARCHAR(100) NOT NULL,
    EXPIRATION_DISTANCE VARCHAR(100) NOT NULL,
    LENGTH INT NOT NULL
);
ALTER TABLE PUBLIC."future_family" ADD CONSTRAINT PUBLIC.CONSTRAINT_E PRIMARY KEY(ID);        
-- 7 +/- SELECT COUNT(*) FROM PUBLIC."future_family";         
INSERT INTO PUBLIC."future_family"(ID, INTREST, DIVIDEND, MARGIN_PARAMETER, EXPIRATION_TYPE, EXPIRATION_DISTANCE, LENGTH) VALUES
(10, 0.0, 0.0, 0.0, 'NEXT_3_RD_FRIDAY_3_MONTHS', 'MONTH_3', 3),
(22, 0.0, 0.0, 0.0, 'THIRTY_DAYS_BEFORE_NEXT_3_RD_FRIDAY', 'MONTH_1', 8),
(23, 0.0, 0.0, 0.0, 'THIRTY_DAYS_BEFORE_NEXT_3_RD_FRIDAY', 'MONTH_1', 3),
(27, 0.0, 0.0, 0.0, 'NEXT_3_RD_FRIDAY_3_MONTHS', 'MONTH_3', 9),
(28, 0.0, 0.0, 0.0, 'NEXT_3_RD_FRIDAY_3_MONTHS', 'MONTH_3', 4),
(44, 0.0, 0.0, 0.0, 'NEXT_3_RD_MONDAY_3_MONTHS', 'MONTH_3', 3),
(45, 0.0, 0.0, 0.0, 'NEXT_3_RD_MONDAY_3_MONTHS', 'MONTH_3', 3);   
CREATE INDEX PUBLIC.INDEX_E ON PUBLIC."future_family"(ID);    
CREATE CACHED TABLE PUBLIC."generic_future"(
    ID INT NOT NULL,
    DURATION VARCHAR(100) NOT NULL,
    ASSET_CLASS VARCHAR(100) NOT NULL
);            
ALTER TABLE PUBLIC."generic_future" ADD CONSTRAINT PUBLIC.CONSTRAINT_21 PRIMARY KEY(ID);      
-- 8 +/- SELECT COUNT(*) FROM PUBLIC."generic_future";        
INSERT INTO PUBLIC."generic_future"(ID, DURATION, ASSET_CLASS) VALUES
(21, 'MONTH_1', 'VOLATILITY'),
(22, 'MONTH_2', 'VOLATILITY'),
(23, 'MONTH_3', 'VOLATILITY'),
(24, 'MONTH_4', 'VOLATILITY'),
(25, 'MONTH_5', 'VOLATILITY'),
(26, 'MONTH_6', 'VOLATILITY'),
(27, 'MONTH_7', 'VOLATILITY'),
(28, 'MONTH_8', 'VOLATILITY');         
CREATE INDEX PUBLIC.INDEX_21 ON PUBLIC."generic_future"(DURATION);            
CREATE INDEX PUBLIC.INDEX_217 ON PUBLIC."generic_future"(ID); 
CREATE CACHED TABLE PUBLIC."generic_future_family"(
    ID INT NOT NULL,
    EXPIRATION_TYPE VARCHAR(100) NOT NULL,
    EXPIRATION_DISTANCE VARCHAR(100) DEFAULT NULL
);  
ALTER TABLE PUBLIC."generic_future_family" ADD CONSTRAINT PUBLIC.CONSTRAINT_6 PRIMARY KEY(ID);
-- 1 +/- SELECT COUNT(*) FROM PUBLIC."generic_future_family"; 
INSERT INTO PUBLIC."generic_future_family"(ID, EXPIRATION_TYPE, EXPIRATION_DISTANCE) VALUES
(21, 'THIRTY_DAYS_BEFORE_NEXT_3_RD_FRIDAY', 'MONTH_1');          
CREATE INDEX PUBLIC.INDEX_6 ON PUBLIC."generic_future_family"(ID);            
CREATE CACHED TABLE PUBLIC."generic_tick"(
    ID INT NOT NULL,
    DATE_TIME DATETIME NOT NULL,
    FEED_TYPE VARCHAR(100) NOT NULL,
    SECURITY_FK INT NOT NULL,
    TICK_TYPE VARCHAR(100) NOT NULL,
    MONEY_VALUE DECIMAL(13, 6) DEFAULT NULL,
    DOUBLE_VALUE DOUBLE DEFAULT NULL,
    INT_VALUE INT DEFAULT NULL
);        
ALTER TABLE PUBLIC."generic_tick" ADD CONSTRAINT PUBLIC.CONSTRAINT_F PRIMARY KEY(ID);         
-- 0 +/- SELECT COUNT(*) FROM PUBLIC."generic_tick";          
CREATE INDEX PUBLIC.INDEX_F ON PUBLIC."generic_tick"(SECURITY_FK);            
CREATE CACHED TABLE PUBLIC."holiday"(
    ID INT DEFAULT (NEXT VALUE FOR PUBLIC.SYSTEM_SEQUENCE_5FF284AA_F4A8_4D61_940B_68A08BA72E51) NOT NULL NULL_TO_DEFAULT SEQUENCE PUBLIC.SYSTEM_SEQUENCE_5FF284AA_F4A8_4D61_940B_68A08BA72E51,
    DATE DATE NOT NULL,
    LATE_OPEN TIME DEFAULT NULL,
    EARLY_CLOSE TIME DEFAULT NULL,
    EXCHANGE_FK INT NOT NULL
);        
ALTER TABLE PUBLIC."holiday" ADD CONSTRAINT PUBLIC.CONSTRAINT_4 PRIMARY KEY(ID);              
-- 3 +/- SELECT COUNT(*) FROM PUBLIC."holiday";               
INSERT INTO PUBLIC."holiday"(ID, DATE, LATE_OPEN, EARLY_CLOSE, EXCHANGE_FK) VALUES
(1, DATE '2014-01-01', NULL, NULL, 1),
(2, DATE '2014-12-24', NULL, TIME '12:00:00', 1),
(3, DATE '2014-01-02', TIME '12:00:00', NULL, 1);              
CREATE INDEX PUBLIC.INDEX_4 ON PUBLIC."holiday"(EXCHANGE_FK); 
CREATE CACHED TABLE PUBLIC."implied_volatility"(
    ID INT NOT NULL,
    DURATION VARCHAR(100) NOT NULL,
    MONEYNESS DOUBLE DEFAULT NULL,
    DELTA DOUBLE DEFAULT NULL,
    TYPE VARCHAR(100) NOT NULL
);           
ALTER TABLE PUBLIC."implied_volatility" ADD CONSTRAINT PUBLIC.CONSTRAINT_1E PRIMARY KEY(ID);  
-- 8 +/- SELECT COUNT(*) FROM PUBLIC."implied_volatility";    
INSERT INTO PUBLIC."implied_volatility"(ID, DURATION, MONEYNESS, DELTA, TYPE) VALUES
(30, 'YEAR_1', 0.0, NULL, 'CALL'),
(31, 'YEAR_1', 0.05, NULL, 'CALL'),
(32, 'YEAR_1', 0.1, NULL, 'CALL'),
(33, 'YEAR_1', 0.2, NULL, 'CALL'),
(34, 'MONTH_18', 0.0, NULL, 'CALL'),
(35, 'MONTH_18', 0.05, NULL, 'CALL'),
(36, 'MONTH_18', 0.1, NULL, 'CALL'),
(37, 'MONTH_18', 0.2, NULL, 'CALL');
CREATE INDEX PUBLIC.INDEX_1E ON PUBLIC."implied_volatility"(ID);              
CREATE CACHED TABLE PUBLIC."index"(
    ID INT NOT NULL,
    ASSET_CLASS VARCHAR(100) NOT NULL
);          
ALTER TABLE PUBLIC."index" ADD CONSTRAINT PUBLIC.CONSTRAINT_5F PRIMARY KEY(ID);               
-- 6 +/- SELECT COUNT(*) FROM PUBLIC."index"; 
INSERT INTO PUBLIC."index"(ID, ASSET_CLASS) VALUES
(2, 'EQUITY'),
(3, 'VOLATILITY'),
(4, 'EQUITY'),
(5, 'VOLATILITY'),
(12, 'EQUITY'),
(29, 'VOLATILITY');              
CREATE INDEX PUBLIC.INDEX_5F ON PUBLIC."index"(ID);           
CREATE CACHED TABLE PUBLIC."intrest_rate"(
    ID INT NOT NULL,
    DURATION VARCHAR(100) NOT NULL
);      
ALTER TABLE PUBLIC."intrest_rate" ADD CONSTRAINT PUBLIC.CONSTRAINT_64 PRIMARY KEY(ID);        
-- 0 +/- SELECT COUNT(*) FROM PUBLIC."intrest_rate";          
CREATE INDEX PUBLIC.INDEX_64 ON PUBLIC."intrest_rate"(ID);    
CREATE CACHED TABLE PUBLIC."measurement"(
    ID INT DEFAULT (NEXT VALUE FOR PUBLIC.SYSTEM_SEQUENCE_6271A79A_E74B_45E7_843B_7B2D354371CA) NOT NULL NULL_TO_DEFAULT SEQUENCE PUBLIC.SYSTEM_SEQUENCE_6271A79A_E74B_45E7_843B_7B2D354371CA,
    NAME VARCHAR(255) NOT NULL,
    DATE_TIME DATETIME NOT NULL,
    INT_VALUE INT DEFAULT NULL,
    DOUBLE_VALUE DOUBLE DEFAULT NULL,
    MONEY_VALUE DECIMAL(15, 6) DEFAULT NULL,
    TEXT_VALUE VARCHAR(50) DEFAULT NULL,
    BOOLEAN_VALUE BIT DEFAULT NULL,
    STRATEGY_FK INT NOT NULL
);           
ALTER TABLE PUBLIC."measurement" ADD CONSTRAINT PUBLIC.CONSTRAINT_93 PRIMARY KEY(ID);         
-- 0 +/- SELECT COUNT(*) FROM PUBLIC."measurement";           
CREATE INDEX PUBLIC.INDEX_93 ON PUBLIC."measurement"(STRATEGY_FK);            
CREATE CACHED TABLE PUBLIC."option"(
    ID INT NOT NULL,
    STRIKE DECIMAL(12, 5) NOT NULL,
    EXPIRATION DATE NOT NULL,
    TYPE VARCHAR(100) NOT NULL
);            
ALTER TABLE PUBLIC."option" ADD CONSTRAINT PUBLIC.CONSTRAINT_C PRIMARY KEY(ID);               
-- 0 +/- SELECT COUNT(*) FROM PUBLIC."option";
CREATE INDEX PUBLIC.INDEX_C ON PUBLIC."option"(EXPIRATION);   
CREATE INDEX PUBLIC.INDEX_C3 ON PUBLIC."option"(STRIKE);      
CREATE INDEX PUBLIC.INDEX_C3C ON PUBLIC."option"(TYPE);       
CREATE INDEX PUBLIC.INDEX_C3CA ON PUBLIC."option"(ID);        
CREATE CACHED TABLE PUBLIC."option_family"(
    ID INT NOT NULL,
    INTREST DOUBLE NOT NULL,
    DIVIDEND DOUBLE NOT NULL,
    MARGIN_PARAMETER DOUBLE NOT NULL,
    EXPIRATION_TYPE VARCHAR(100) NOT NULL,
    EXPIRATION_DISTANCE VARCHAR(100) NOT NULL,
    STRIKE_DISTANCE DOUBLE NOT NULL,
    WEEKLY BIT NOT NULL
);          
ALTER TABLE PUBLIC."option_family" ADD CONSTRAINT PUBLIC.CONSTRAINT_B3 PRIMARY KEY(ID);       
-- 4 +/- SELECT COUNT(*) FROM PUBLIC."option_family";         
INSERT INTO PUBLIC."option_family"(ID, INTREST, DIVIDEND, MARGIN_PARAMETER, EXPIRATION_TYPE, EXPIRATION_DISTANCE, STRIKE_DISTANCE, WEEKLY) VALUES
(3, 0.0015, 0.03, 0.075, 'NEXT_3_RD_FRIDAY', 'MONTH_1', 50.0, FALSE),
(6, 0.006, 0.03, 0.075, 'NEXT_3_RD_FRIDAY', 'MONTH_1', 25.0, FALSE),
(24, 0.009, 0.02, 0.075, 'NEXT_3_RD_FRIDAY', 'MONTH_1', 5.0, FALSE),
(26, 0.01, 0.0, 0.075, 'THIRTY_DAYS_BEFORE_NEXT_3_RD_FRIDAY', 'MONTH_1', 1.0, FALSE);   
CREATE INDEX PUBLIC.INDEX_B3 ON PUBLIC."option_family"(ID);   
CREATE CACHED TABLE PUBLIC."order"(
    ID INT DEFAULT (NEXT VALUE FOR PUBLIC.SYSTEM_SEQUENCE_9F86195B_9119_4F55_AADD_B00E93971A9A) NOT NULL NULL_TO_DEFAULT SEQUENCE PUBLIC.SYSTEM_SEQUENCE_9F86195B_9119_4F55_AADD_B00E93971A9A,
    CLASS VARCHAR(255) NOT NULL,
    INT_ID VARCHAR(30) NOT NULL,
    EXT_ID VARCHAR(30) DEFAULT NULL,
    DATE_TIME DATETIME NOT NULL,
    SIDE VARCHAR(100) NOT NULL,
    QUANTITY BIGINT NOT NULL,
    TIF VARCHAR(100) NOT NULL,
    TIF_DATE_TIME DATETIME DEFAULT NULL,
    "LIMIT" DECIMAL(15, 6) DEFAULT NULL,
    STOP DECIMAL(15, 6) DEFAULT NULL,
    ACCOUNT_FK INT NOT NULL,
    SECURITY_FK INT NOT NULL,
    STRATEGY_FK INT NOT NULL
);     
ALTER TABLE PUBLIC."order" ADD CONSTRAINT PUBLIC.CONSTRAINT_65 PRIMARY KEY(ID);               
-- 0 +/- SELECT COUNT(*) FROM PUBLIC."order"; 
CREATE INDEX PUBLIC.INDEX_65 ON PUBLIC."order"(SECURITY_FK);  
CREATE INDEX PUBLIC.INDEX_651 ON PUBLIC."order"(ACCOUNT_FK);  
CREATE INDEX PUBLIC.INDEX_6518 ON PUBLIC."order"(STRATEGY_FK);
CREATE CACHED TABLE PUBLIC."order_preference"(
    ID INT NOT NULL,
    NAME VARCHAR(50) NOT NULL,
    ORDER_TYPE VARCHAR(100) NOT NULL,
    DEFAULT_ACCOUNT_FK INT DEFAULT NULL,
    VERSION INT NOT NULL
);           
ALTER TABLE PUBLIC."order_preference" ADD CONSTRAINT PUBLIC.CONSTRAINT_7D PRIMARY KEY(ID);    
-- 3 +/- SELECT COUNT(*) FROM PUBLIC."order_preference";      
INSERT INTO PUBLIC."order_preference"(ID, NAME, ORDER_TYPE, DEFAULT_ACCOUNT_FK, VERSION) VALUES
(201, 'FVIX', 'SLICING', 100, 0),
(202, 'OVIX', 'SLICING', 100, 0),
(203, 'FX', 'MARKET', 100, 0);         
CREATE INDEX PUBLIC.INDEX_7 ON PUBLIC."order_preference"(DEFAULT_ACCOUNT_FK); 
CREATE CACHED TABLE PUBLIC."order_property"(
    ID INT DEFAULT (NEXT VALUE FOR PUBLIC.SYSTEM_SEQUENCE_107AA803_850C_4AF4_A695_A7A78AF3BDD7) NOT NULL NULL_TO_DEFAULT SEQUENCE PUBLIC.SYSTEM_SEQUENCE_107AA803_850C_4AF4_A695_A7A78AF3BDD7,
    NAME VARCHAR(30) NOT NULL,
    VALUE VARCHAR(30) NOT NULL,
    TYPE VARCHAR(100) NOT NULL,
    ORDER_FK INT DEFAULT NULL
);             
ALTER TABLE PUBLIC."order_property" ADD CONSTRAINT PUBLIC.CONSTRAINT_78 PRIMARY KEY(ID);      
-- 0 +/- SELECT COUNT(*) FROM PUBLIC."order_property";        
CREATE INDEX PUBLIC.INDEX_78 ON PUBLIC."order_property"(ORDER_FK);            
CREATE CACHED TABLE PUBLIC."order_status"(
    ID INT DEFAULT (NEXT VALUE FOR PUBLIC.SYSTEM_SEQUENCE_DDF81F7F_C71B_435B_8433_9B8164694D5B) NOT NULL NULL_TO_DEFAULT SEQUENCE PUBLIC.SYSTEM_SEQUENCE_DDF81F7F_C71B_435B_8433_9B8164694D5B,
    DATE_TIME DATETIME NOT NULL,
    EXT_DATE_TIME DATETIME NOT NULL,
    STATUS VARCHAR(100) NOT NULL,
    FILLED_QUANTITY BIGINT NOT NULL,
    REMAINING_QUANTITY BIGINT NOT NULL,
    AVG_PRICE DECIMAL(15, 6) DEFAULT NULL,
    LAST_PRICE DECIMAL(15, 6) DEFAULT NULL,
    INT_ID VARCHAR(30) DEFAULT NULL,
    EXT_ID VARCHAR(30) DEFAULT NULL,
    SEQUENCE_NUMBER BIGINT DEFAULT NULL,
    REASON VARCHAR(255) DEFAULT NULL,
    ORDER_FK INT NOT NULL
);     
ALTER TABLE PUBLIC."order_status" ADD CONSTRAINT PUBLIC.CONSTRAINT_3E PRIMARY KEY(ID);        
-- 0 +/- SELECT COUNT(*) FROM PUBLIC."order_status";          
CREATE INDEX PUBLIC.INDEX_3E ON PUBLIC."order_status"(ORDER_FK);              
CREATE CACHED TABLE PUBLIC."portfolio_value"(
    ID INT DEFAULT (NEXT VALUE FOR PUBLIC.SYSTEM_SEQUENCE_8D55E322_281E_4887_82E3_45E66E08B89C) NOT NULL NULL_TO_DEFAULT SEQUENCE PUBLIC.SYSTEM_SEQUENCE_8D55E322_281E_4887_82E3_45E66E08B89C,
    DATE_TIME DATETIME NOT NULL,
    SECURITIES_CURRENT_VALUE DECIMAL(15, 6) NOT NULL,
    CASH_BALANCE DECIMAL(15, 6) NOT NULL,
    MAINTENANCE_MARGIN DECIMAL(15, 6) DEFAULT NULL,
    NET_LIQ_VALUE DECIMAL(15, 6) NOT NULL,
    LEVERAGE DOUBLE NOT NULL,
    ALLOCATION DOUBLE NOT NULL,
    CASH_FLOW DECIMAL(15, 6) DEFAULT NULL,
    STRATEGY_FK INT NOT NULL
);              
ALTER TABLE PUBLIC."portfolio_value" ADD CONSTRAINT PUBLIC.CONSTRAINT_F1 PRIMARY KEY(ID);     
-- 0 +/- SELECT COUNT(*) FROM PUBLIC."portfolio_value";       
CREATE INDEX PUBLIC.INDEX_F1 ON PUBLIC."portfolio_value"(STRATEGY_FK);        
CREATE CACHED TABLE PUBLIC."position"(
    ID INT DEFAULT (NEXT VALUE FOR PUBLIC.SYSTEM_SEQUENCE_CCADF464_9BD8_4E54_BE07_64A44B4109D3) NOT NULL NULL_TO_DEFAULT SEQUENCE PUBLIC.SYSTEM_SEQUENCE_CCADF464_9BD8_4E54_BE07_64A44B4109D3,
    QUANTITY BIGINT NOT NULL,
    COST DOUBLE NOT NULL,
    REALIZED_P_L DOUBLE DEFAULT NULL,
    EXIT_VALUE DECIMAL(15, 6) DEFAULT NULL,
    MAINTENANCE_MARGIN DECIMAL(15, 2) DEFAULT NULL,
    PERSISTENT BIT NOT NULL,
    SECURITY_FK INT NOT NULL,
    STRATEGY_FK INT NOT NULL,
    VERSION INT DEFAULT '0' NOT NULL
);               
ALTER TABLE PUBLIC."position" ADD CONSTRAINT PUBLIC.CONSTRAINT_2C PRIMARY KEY(ID);            
-- 0 +/- SELECT COUNT(*) FROM PUBLIC."position";              
CREATE INDEX PUBLIC.INDEX_2C ON PUBLIC."position"(SECURITY_FK);               
CREATE INDEX PUBLIC.INDEX_2C9 ON PUBLIC."position"(STRATEGY_FK);              
CREATE CACHED TABLE PUBLIC."property"(
    ID INT DEFAULT (NEXT VALUE FOR PUBLIC.SYSTEM_SEQUENCE_F061B560_82F1_4E09_BE1E_B0EB7135B76B) NOT NULL NULL_TO_DEFAULT SEQUENCE PUBLIC.SYSTEM_SEQUENCE_F061B560_82F1_4E09_BE1E_B0EB7135B76B,
    NAME VARCHAR(255) NOT NULL,
    PERSISTENT BIT NOT NULL,
    INT_VALUE INT DEFAULT NULL,
    DOUBLE_VALUE DOUBLE DEFAULT NULL,
    MONEY_VALUE DECIMAL(15, 6) DEFAULT NULL,
    TEXT_VALUE VARCHAR(255) DEFAULT NULL,
    DATE_TIME_VALUE DATETIME DEFAULT NULL,
    BOOLEAN_VALUE BIT DEFAULT NULL,
    PROPERTY_HOLDER_FK INT NOT NULL,
    VERSION INT NOT NULL
);   
ALTER TABLE PUBLIC."property" ADD CONSTRAINT PUBLIC.CONSTRAINT_C4 PRIMARY KEY(ID);            
-- 14 +/- SELECT COUNT(*) FROM PUBLIC."property";             
INSERT INTO PUBLIC."property"(ID, NAME, PERSISTENT, INT_VALUE, DOUBLE_VALUE, MONEY_VALUE, TEXT_VALUE, DATE_TIME_VALUE, BOOLEAN_VALUE, PROPERTY_HOLDER_FK, VERSION) VALUES
(37, 'minVolPct', TRUE, NULL, 0.2, NULL, NULL, NULL, NULL, 201, 0),
(39, 'maxVolPct', TRUE, NULL, 1.0, NULL, NULL, NULL, NULL, 201, 0),
(40, 'maxQuantity', TRUE, 20, NULL, NULL, NULL, NULL, NULL, 201, 0),
(41, 'minDuration', TRUE, NULL, 1.0, NULL, NULL, NULL, NULL, 201, 0),
(42, 'maxDuration', TRUE, NULL, 2.0, NULL, NULL, NULL, NULL, 201, 0),
(43, 'minDelay', TRUE, NULL, 2.0, NULL, NULL, NULL, NULL, 201, 0),
(44, 'maxDelay', TRUE, NULL, 3.0, NULL, NULL, NULL, NULL, 201, 0),
(45, 'minVolPct', TRUE, NULL, 0.2, NULL, NULL, NULL, NULL, 202, 0),
(46, 'maxVolPct', TRUE, NULL, 1.0, NULL, NULL, NULL, NULL, 202, 0),
(47, 'maxQuantity', TRUE, 100, NULL, NULL, NULL, NULL, NULL, 202, 0),
(48, 'minDuration', TRUE, NULL, 1.0, NULL, NULL, NULL, NULL, 202, 0),
(49, 'maxDuration', TRUE, NULL, 2.0, NULL, NULL, NULL, NULL, 202, 0),
(50, 'minDelay', TRUE, NULL, 10.0, NULL, NULL, NULL, NULL, 202, 0),
(51, 'maxDelay', TRUE, NULL, 20.0, NULL, NULL, NULL, NULL, 202, 0);      
CREATE CACHED TABLE PUBLIC."security"(
    ID INT DEFAULT (NEXT VALUE FOR PUBLIC.SYSTEM_SEQUENCE_E3063847_C728_42C7_9B4E_BCFFA10420FF) NOT NULL NULL_TO_DEFAULT SEQUENCE PUBLIC.SYSTEM_SEQUENCE_E3063847_C728_42C7_9B4E_BCFFA10420FF,
    SYMBOL VARCHAR(30) DEFAULT NULL,
    ISIN VARCHAR(20) DEFAULT NULL,
    BBGID VARCHAR(12) DEFAULT NULL,
    RIC VARCHAR(20) DEFAULT NULL,
    CONID VARCHAR(30) DEFAULT NULL,
    LMAXID VARCHAR(30) DEFAULT NULL,
    UNDERLYING_FK INT DEFAULT NULL,
    SECURITY_FAMILY_FK INT NOT NULL
);             
ALTER TABLE PUBLIC."security" ADD CONSTRAINT PUBLIC.CONSTRAINT_38 PRIMARY KEY(ID);            
-- 147 +/- SELECT COUNT(*) FROM PUBLIC."security";            
INSERT INTO PUBLIC."security"(ID, SYMBOL, ISIN, BBGID, RIC, CONID, LMAXID, UNDERLYING_FK, SECURITY_FAMILY_FK) VALUES
(2, 'ESTX50', 'DE0009652396', NULL, NULL, '4356500', NULL, NULL, 4),
(3, 'V2TX', 'DE000A0C3QF1', NULL, NULL, '35913933', NULL, 2, 5),
(4, 'SMI', 'CH0008616382', NULL, NULL, '1328305', NULL, NULL, 1),
(5, 'V3X', 'CH0019900841', NULL, NULL, '35913404', NULL, 4, 2),
(8, 'EUR.CHF', 'EU0009654078', NULL, NULL, '12087817', '4011', NULL, 8),
(9, 'USD.CHF', 'XC0009652816', NULL, NULL, '12087820', '4010', NULL, 8),
(10, 'EUR.USD', 'EU0009652759', NULL, NULL, '12087792', '4001', NULL, 9),
(11, 'GBP.USD', 'GB0031973075', NULL, NULL, '12087797', '4002', NULL, 9),
(12, 'SPX', 'US78378X1072', NULL, NULL, '416904', '100093', NULL, 11),
(21, 'UX1', 'UX1', NULL, NULL, NULL, NULL, 29, 21),
(22, 'UX2', 'UX2', NULL, NULL, NULL, NULL, 29, 21),
(23, 'UX3', 'UX3', NULL, NULL, NULL, NULL, 29, 21),
(24, 'UX4', 'UX4', NULL, NULL, NULL, NULL, 29, 21),
(25, 'UX5', 'UX5', NULL, NULL, NULL, NULL, 29, 21),
(26, 'UX6', 'UX6', NULL, NULL, NULL, NULL, 29, 21),
(27, 'UX7', 'UX7', NULL, NULL, NULL, NULL, 29, 21),
(28, 'UX8', 'UX8', NULL, NULL, NULL, NULL, 29, 21),
(29, 'VIX', 'XD0016891059', NULL, NULL, '13455763', NULL, 12, 20),
(30, 'IV SPX 12M C0', NULL, NULL, NULL, NULL, NULL, 12, 25),
(31, 'IV SPX 12M C5', NULL, NULL, NULL, NULL, NULL, 12, 25),
(32, 'IV SPX 12M C10', NULL, NULL, NULL, NULL, NULL, 12, 25),
(33, 'IV SPX 12M C20', NULL, NULL, NULL, NULL, NULL, 12, 25),
(34, 'IV SPX 18M C0', NULL, NULL, NULL, NULL, NULL, 12, 25),
(35, 'IV SPX 18M C5', NULL, NULL, NULL, NULL, NULL, 12, 25),
(36, 'IV SPX 18M C10', NULL, NULL, NULL, NULL, NULL, 12, 25),
(37, 'IV SPX 18M C20', NULL, NULL, NULL, NULL, NULL, 12, 25),
(40, 'GOOG', NULL, NULL, NULL, '30351181', NULL, NULL, 40),
(41, 'MMM', NULL, NULL, NULL, '9720', NULL, NULL, 41),
(42, 'AA', NULL, NULL, NULL, '4005', NULL, NULL, 41),
(43, 'AXP', NULL, NULL, NULL, '4721', NULL, NULL, 41),
(44, 'T', NULL, NULL, NULL, '37018770', NULL, NULL, 41),
(45, 'BAC', NULL, NULL, NULL, '10098', NULL, NULL, 41),
(46, 'BA', NULL, NULL, NULL, '4762', NULL, NULL, 41),
(47, 'CAT', NULL, NULL, NULL, '5437', NULL, NULL, 41),
(48, 'CVX', NULL, NULL, NULL, '5684', NULL, NULL, 41),
(49, 'CSCO', NULL, NULL, NULL, '268084', NULL, NULL, 40),
(50, 'KO', NULL, NULL, NULL, '8894', NULL, NULL, 41),
(51, 'DD', NULL, NULL, NULL, '6366', NULL, NULL, 41),
(52, 'XOM', NULL, NULL, NULL, '13977', NULL, NULL, 41),
(53, 'GE', NULL, NULL, NULL, '7516', NULL, NULL, 41),
(54, 'HPQ', NULL, NULL, NULL, '9042756', NULL, NULL, 41),
(55, 'HD', NULL, NULL, NULL, '7930', NULL, NULL, 41),
(56, 'INTC', NULL, NULL, NULL, '270639', NULL, NULL, 40),
(57, 'IBM', NULL, NULL, NULL, '8314', NULL, NULL, 41),
(58, 'JNJ', NULL, NULL, NULL, '8719', NULL, NULL, 41),
(59, 'JPM', NULL, NULL, NULL, '1520593', NULL, NULL, 41),
(61, 'MCD', NULL, NULL, NULL, '9408', NULL, NULL, 41),
(62, 'MRK', NULL, NULL, NULL, '70101545', NULL, NULL, 41),
(63, 'MSFT', NULL, NULL, NULL, '272093', NULL, NULL, 40),
(64, 'PFE', NULL, NULL, NULL, '11031', NULL, NULL, 41),
(65, 'PG', NULL, NULL, NULL, '11054', NULL, NULL, 41),
(66, 'TRV', NULL, NULL, NULL, '43150617', NULL, NULL, 41),
(67, 'UTX', NULL, NULL, NULL, '13364', NULL, NULL, 41),
(68, 'VZ', NULL, NULL, NULL, '4901', NULL, NULL, 41),
(69, 'WMT', NULL, NULL, NULL, '13824', NULL, NULL, 41),
(70, 'DIS', NULL, NULL, NULL, '6459', NULL, NULL, 41),
(71, 'ATVI', NULL, NULL, NULL, '52424577', NULL, NULL, 40),
(72, 'ADBE', NULL, NULL, NULL, '265768', NULL, NULL, 40),
(73, 'AKAM', NULL, NULL, NULL, '6220356', NULL, NULL, 40),
(74, 'ALXN', NULL, NULL, NULL, '4726176', NULL, NULL, 40),
(75, 'ALTR', NULL, NULL, NULL, '266088', NULL, NULL, 40),
(76, 'AMZN', NULL, NULL, NULL, '3691937', NULL, NULL, 40),
(77, 'AMGN', NULL, NULL, NULL, '266145', NULL, NULL, 40),
(78, 'APOL', NULL, NULL, NULL, '1448506', NULL, NULL, 40),
(79, 'AAPL', NULL, NULL, NULL, '265598', NULL, NULL, 40),
(80, 'AMAT', NULL, NULL, NULL, '266093', NULL, NULL, 40),
(81, 'ADSK', NULL, NULL, NULL, '265681', NULL, NULL, 40),
(82, 'ADP', NULL, NULL, NULL, '4661', NULL, NULL, 40),
(83, 'BIDU', NULL, NULL, NULL, '35359385', NULL, NULL, 40);            
INSERT INTO PUBLIC."security"(ID, SYMBOL, ISIN, BBGID, RIC, CONID, LMAXID, UNDERLYING_FK, SECURITY_FAMILY_FK) VALUES
(84, 'BBBY', NULL, NULL, NULL, '266630', NULL, NULL, 40),
(85, 'BIIB', NULL, NULL, NULL, '26734397', NULL, NULL, 40),
(87, 'BRCM', NULL, NULL, NULL, '4457302', NULL, NULL, 40),
(88, 'CHRW', NULL, NULL, NULL, '36320731', NULL, NULL, 40),
(89, 'CA', NULL, NULL, NULL, '37875225', NULL, NULL, 40),
(90, 'CELG', NULL, NULL, NULL, '267455', NULL, NULL, 40),
(91, 'CERN', NULL, NULL, NULL, '267475', NULL, NULL, 40),
(92, 'CHKP', NULL, NULL, NULL, '4172987', NULL, NULL, 40),
(93, 'CTXS', NULL, NULL, NULL, '1767080', NULL, NULL, 40),
(94, 'CTSH', NULL, NULL, NULL, '4728759', NULL, NULL, 40),
(95, 'CMCSA', NULL, NULL, NULL, '267748', NULL, NULL, 40),
(96, 'COST', NULL, NULL, NULL, '272997', NULL, NULL, 40),
(97, 'CTRP', NULL, NULL, NULL, '27008785', NULL, NULL, 40),
(98, 'DELL', NULL, NULL, NULL, '268395', NULL, NULL, 40),
(99, 'XRAY', NULL, NULL, NULL, '276229', NULL, NULL, 40),
(100, 'DTV', NULL, NULL, NULL, '112929551', NULL, NULL, 40),
(101, 'DLTR', NULL, NULL, NULL, '49388062', NULL, NULL, 40),
(102, 'EBAY', NULL, NULL, NULL, '4347086', NULL, NULL, 40),
(104, 'EXPE', NULL, NULL, NULL, '98542021', NULL, NULL, 40),
(105, 'EXPD', NULL, NULL, NULL, '269082', NULL, NULL, 40),
(106, 'ESRX', NULL, NULL, NULL, '105430010', NULL, NULL, 40),
(107, 'FFIV', NULL, NULL, NULL, '6248713', NULL, NULL, 40),
(108, 'FAST', NULL, NULL, NULL, '269120', NULL, NULL, 40),
(109, 'FSLR', NULL, NULL, NULL, '41622169', NULL, NULL, 40),
(110, 'FISV', NULL, NULL, NULL, '269315', NULL, NULL, 40),
(111, 'FLEX', NULL, NULL, NULL, '4596077', NULL, NULL, 40),
(112, 'FLIR', NULL, NULL, NULL, '269345', NULL, NULL, 40),
(113, 'GRMN', NULL, NULL, NULL, '76791198', NULL, NULL, 40),
(114, 'GILD', NULL, NULL, NULL, '269753', NULL, NULL, 40),
(115, 'GMCR', NULL, NULL, NULL, '4812348', NULL, NULL, 40),
(116, 'HSIC', NULL, NULL, NULL, '3655640', NULL, NULL, 40),
(117, 'ILMN', NULL, NULL, NULL, '9869443', NULL, NULL, 40),
(118, 'INFY', NULL, NULL, NULL, '4813460', NULL, NULL, 40),
(119, 'INTU', NULL, NULL, NULL, '270662', NULL, NULL, 40),
(120, 'ISRG', NULL, NULL, NULL, '9063285', NULL, NULL, 40),
(122, 'KLAC', NULL, NULL, NULL, '270957', NULL, NULL, 40),
(123, 'LRCX', NULL, NULL, NULL, '271308', NULL, NULL, 40),
(124, 'LINTA', NULL, NULL, NULL, '39095938', NULL, NULL, 40),
(125, 'LIFE', NULL, NULL, NULL, '55997443', NULL, NULL, 40),
(126, 'LLTC', NULL, NULL, NULL, '271245', NULL, NULL, 40),
(127, 'MRVL', NULL, NULL, NULL, '9541678', NULL, NULL, 40),
(128, 'MAT', NULL, NULL, NULL, '9365', NULL, NULL, 40),
(129, 'MXIM', NULL, NULL, NULL, '272207', NULL, NULL, 40),
(130, 'MCHP', NULL, NULL, NULL, '271568', NULL, NULL, 40),
(131, 'MU', NULL, NULL, NULL, '9939', NULL, NULL, 40),
(132, 'MYL', NULL, NULL, NULL, '10041', NULL, NULL, 40),
(133, 'NTAP', NULL, NULL, NULL, '49921110', NULL, NULL, 40),
(134, 'NFLX', NULL, NULL, NULL, '15124833', NULL, NULL, 40),
(135, 'NWSA', NULL, NULL, NULL, '129348126', NULL, NULL, 40),
(136, 'NIHD', NULL, NULL, NULL, '17321975', NULL, NULL, 40),
(137, 'NVDA', NULL, NULL, NULL, '4815747', NULL, NULL, 40),
(138, 'ORLY', NULL, NULL, NULL, '82457808', NULL, NULL, 40),
(139, 'ORCL', NULL, NULL, NULL, '272800', NULL, NULL, 40),
(140, 'PCAR', NULL, NULL, NULL, '272992', NULL, NULL, 40),
(141, 'PAYX', NULL, NULL, NULL, '272942', NULL, NULL, 40),
(142, 'PCLN', NULL, NULL, NULL, '4651842', NULL, NULL, 40),
(143, 'QGEN', NULL, NULL, NULL, '7498692', NULL, NULL, 40),
(144, 'QCOM', NULL, NULL, NULL, '273544', NULL, NULL, 40),
(146, 'ROST', NULL, NULL, NULL, '273939', NULL, NULL, 40),
(147, 'SNDK', NULL, NULL, NULL, '2025886', NULL, NULL, 40),
(148, 'STX', NULL, NULL, NULL, '76915240', NULL, NULL, 40),
(149, 'SHLD', NULL, NULL, NULL, '18396910', NULL, NULL, 40),
(150, 'SIAL', NULL, NULL, NULL, '274345', NULL, NULL, 40),
(151, 'SIRI', NULL, NULL, NULL, '53069174', NULL, NULL, 40),
(152, 'SPLS', NULL, NULL, NULL, '274599', NULL, NULL, 40),
(153, 'SBUX', NULL, NULL, NULL, '274105', NULL, NULL, 40),
(154, 'SRCL', NULL, NULL, NULL, '6478100', NULL, NULL, 40);   
INSERT INTO PUBLIC."security"(ID, SYMBOL, ISIN, BBGID, RIC, CONID, LMAXID, UNDERLYING_FK, SECURITY_FAMILY_FK) VALUES
(155, 'SYMC', NULL, NULL, NULL, '274925', NULL, NULL, 40),
(156, 'TEVA', NULL, NULL, NULL, '275085', NULL, NULL, 40),
(157, 'URBN', NULL, NULL, NULL, '275527', NULL, NULL, 40),
(158, 'VRSN', NULL, NULL, NULL, '4173050', NULL, NULL, 40),
(159, 'VRTX', NULL, NULL, NULL, '275850', NULL, NULL, 40),
(161, 'VOD', NULL, NULL, NULL, '40301814', NULL, NULL, 40),
(162, 'WCRX', NULL, NULL, NULL, '67558862', NULL, NULL, 40),
(163, 'WFM', NULL, NULL, NULL, '276024', NULL, NULL, 40),
(164, 'WYNN', NULL, NULL, NULL, '16454492', NULL, NULL, 40),
(165, 'XLNX', NULL, NULL, NULL, '276222', NULL, NULL, 40),
(166, 'YHOO', NULL, NULL, NULL, '3312890', NULL, NULL, 40);
CREATE INDEX PUBLIC.INDEX_38 ON PUBLIC."security"(SECURITY_FAMILY_FK);        
CREATE INDEX PUBLIC.INDEX_389 ON PUBLIC."security"(UNDERLYING_FK);            
CREATE CACHED TABLE PUBLIC."security_family"(
    ID INT DEFAULT (NEXT VALUE FOR PUBLIC.SYSTEM_SEQUENCE_17AB3B5B_964E_48AA_A379_E7DF271037C3) NOT NULL NULL_TO_DEFAULT SEQUENCE PUBLIC.SYSTEM_SEQUENCE_17AB3B5B_964E_48AA_A379_E7DF271037C3,
    NAME VARCHAR(20) NOT NULL,
    SYMBOL_ROOT VARCHAR(20) DEFAULT NULL,
    ISIN_ROOT VARCHAR(20) DEFAULT NULL,
    RIC_ROOT VARCHAR(20) DEFAULT NULL,
    CURRENCY VARCHAR(100) NOT NULL,
    TRADING_CLASS VARCHAR(20) DEFAULT NULL,
    CONTRACT_SIZE DOUBLE NOT NULL,
    SCALE INT NOT NULL,
    TICK_SIZE_PATTERN VARCHAR(100) NOT NULL,
    EXECUTION_COMMISSION DECIMAL(5, 2) DEFAULT NULL,
    CLEARING_COMMISSION DECIMAL(5, 2) DEFAULT NULL,
    FEE DECIMAL(5, 2) DEFAULT NULL,
    TRADEABLE BIT NOT NULL,
    SYNTHETIC BIT NOT NULL,
    PERIODICITY VARCHAR(100) DEFAULT NULL,
    MAX_GAP INT DEFAULT NULL,
    UNDERLYING_FK INT DEFAULT NULL,
    EXCHANGE_FK INT DEFAULT NULL
);        
ALTER TABLE PUBLIC."security_family" ADD CONSTRAINT PUBLIC.CONSTRAINT_58 PRIMARY KEY(ID);     
-- 25 +/- SELECT COUNT(*) FROM PUBLIC."security_family";      
INSERT INTO PUBLIC."security_family"(ID, NAME, SYMBOL_ROOT, ISIN_ROOT, RIC_ROOT, CURRENCY, TRADING_CLASS, CONTRACT_SIZE, SCALE, TICK_SIZE_PATTERN, EXECUTION_COMMISSION, CLEARING_COMMISSION, FEE, TRADEABLE, SYNTHETIC, PERIODICITY, MAX_GAP, UNDERLYING_FK, EXCHANGE_FK) VALUES
(1, 'SMI', NULL, NULL, NULL, 'CHF', NULL, 1.0, 2, '0<0.1', 0.00, NULL, NULL, FALSE, FALSE, 'MIN', NULL, NULL, 1),
(2, 'VSMI', NULL, NULL, NULL, 'CHF', NULL, 1.0, 2, '0<0.01', NULL, NULL, NULL, FALSE, FALSE, 'MIN', NULL, 4, 2),
(3, 'SMI OPT', 'SMI', NULL, NULL, 'CHF', NULL, 10.0, 2, '0<0.1', 2.40, NULL, NULL, TRUE, FALSE, 'MIN', NULL, 4, 1),
(4, 'ESTX50', NULL, NULL, NULL, 'EUR', NULL, 1.0, 2, '0<0.01', NULL, NULL, NULL, FALSE, FALSE, 'MIN', NULL, NULL, 2),
(5, 'V2TX', NULL, NULL, NULL, 'EUR', NULL, 1.0, 2, '0<0.01', NULL, NULL, NULL, FALSE, FALSE, 'MIN', NULL, 2, 2),
(6, 'ESX50 OPT', 'ESTX50', NULL, NULL, 'EUR', NULL, 10.0, 2, '0<0.1', 1.21, NULL, NULL, TRUE, FALSE, 'MIN', NULL, 2, 2),
(8, 'CHF FX', NULL, NULL, NULL, 'CHF', NULL, 1.0, 5, '0<0.00005', 0.00, NULL, NULL, TRUE, FALSE, 'HOUR', 5, NULL, 3),
(9, 'USD FX', NULL, NULL, NULL, 'USD', NULL, 1.0, 5, '0<0.00005', 0.00, NULL, NULL, TRUE, FALSE, 'MIN', 5, NULL, 3),
(10, 'SMI FUT', 'SMI', NULL, NULL, 'CHF', NULL, 10.0, 2, '0<1.0', 4.00, NULL, NULL, TRUE, FALSE, 'MIN', NULL, 4, 4),
(11, 'SPX', NULL, NULL, NULL, 'USD', NULL, 1.0, 2, '0<0.01', 0.00, NULL, NULL, FALSE, FALSE, 'MIN', NULL, NULL, 5),
(20, 'VIX', NULL, NULL, NULL, 'USD', NULL, 1.0, 2, '0<0.01', NULL, NULL, NULL, FALSE, FALSE, 'MIN', 3, 12, 5),
(21, 'UX', NULL, NULL, NULL, 'USD', NULL, 1000.0, 2, '0<0.05', NULL, NULL, NULL, FALSE, FALSE, NULL, NULL, 29, 8),
(22, 'VIX FUT', 'VIX', NULL, 'VX', 'USD', NULL, 1000.0, 2, '0<0.05', 1.73, 2.20, NULL, TRUE, FALSE, 'MIN', 15, 29, 8),
(23, 'VIX MINI FUT', 'VM', NULL, NULL, 'USD', NULL, 100.0, 2, '0<0.05', 1.97, NULL, NULL, TRUE, FALSE, 'MIN', NULL, 29, 8),
(24, 'SPX OPT', 'SPX', NULL, NULL, 'USD', 'SPX', 100.0, 2, '0<0.05 | 3<0.1', 1.02, NULL, NULL, TRUE, FALSE, 'MIN', NULL, 12, 5),
(25, 'SPX IVOL', NULL, NULL, NULL, 'USD', NULL, 1.0, 4, '0<0.0001', NULL, NULL, NULL, FALSE, FALSE, NULL, NULL, 12, 5),
(26, 'VIX OPT', 'VIX', NULL, NULL, 'USD', NULL, 100.0, 2, '0<0.05 | 3<0.1', 1.01, 0.35, NULL, TRUE, FALSE, 'MIN', 120, 29, 5),
(27, 'SPX FUT', 'SPX', NULL, NULL, 'USD', NULL, 250.0, 2, '0<0.01', NULL, NULL, NULL, TRUE, FALSE, 'MIN', NULL, 12, 6),
(28, 'SPX EMINI', 'ES', NULL, NULL, 'USD', NULL, 50.0, 2, '0<0.01', NULL, NULL, NULL, TRUE, FALSE, 'MIN', NULL, 12, 9),
(40, 'NASDAQ', NULL, NULL, NULL, 'USD', NULL, 1.0, 2, '0<0.01', 0.00, NULL, NULL, TRUE, FALSE, 'MIN', NULL, NULL, 10),
(41, 'NYSE', NULL, NULL, NULL, 'USD', NULL, 1.0, 2, '0<0.01', 0.00, NULL, NULL, TRUE, FALSE, 'MIN', NULL, NULL, 10),
(42, 'VIX FUT COMBI', NULL, NULL, NULL, 'USD', NULL, 1000.0, 2, '0<0.05', NULL, NULL, NULL, FALSE, TRUE, NULL, NULL, 29, 8),
(43, 'VIX OPT COMBI', NULL, NULL, NULL, 'USD', NULL, 100.0, 2, '0<0.05 | 3<0.1', 1.02, NULL, NULL, FALSE, TRUE, NULL, NULL, 29, 5),
(44, 'EUR.USD MICRO FUT', 'M6E', NULL, NULL, 'USD', NULL, 12500.0, 4, '0<0.0001', 0.33, 1.38, NULL, TRUE, FALSE, 'MIN', NULL, 10, 11),
(45, 'EUR.USD FUT', 'EUR', NULL, 'EC', 'USD', NULL, 125000.0, 4, '0<0.0001', 0.33, 2.42, NULL, TRUE, FALSE, 'MIN', NULL, 10, 11);      
CREATE INDEX PUBLIC.INDEX_58 ON PUBLIC."security_family"(UNDERLYING_FK);      
CREATE INDEX PUBLIC.INDEX_585 ON PUBLIC."security_family"(EXCHANGE_FK);       
CREATE CACHED TABLE PUBLIC."stock"(
    ID INT NOT NULL,
    GICS CHAR(8) DEFAULT NULL
);  
ALTER TABLE PUBLIC."stock" ADD CONSTRAINT PUBLIC.CONSTRAINT_68 PRIMARY KEY(ID);               
-- 121 +/- SELECT COUNT(*) FROM PUBLIC."stock";               
INSERT INTO PUBLIC."stock"(ID, GICS) VALUES
(40, NULL),
(41, NULL),
(42, NULL),
(43, NULL),
(44, NULL),
(45, NULL),
(46, NULL),
(47, NULL),
(48, NULL),
(49, NULL),
(50, NULL),
(51, NULL),
(52, NULL),
(53, NULL),
(54, NULL),
(55, NULL),
(56, NULL),
(57, NULL),
(58, NULL),
(59, NULL),
(61, NULL),
(62, NULL),
(63, NULL),
(64, NULL),
(65, NULL),
(66, NULL),
(67, NULL),
(68, NULL),
(69, NULL),
(70, NULL),
(71, NULL),
(72, NULL),
(73, NULL),
(74, NULL),
(75, NULL),
(76, NULL),
(77, NULL),
(78, NULL),
(79, NULL),
(80, NULL),
(81, NULL),
(82, NULL),
(83, NULL),
(84, NULL),
(85, NULL),
(87, NULL),
(88, NULL),
(89, NULL),
(90, NULL),
(91, NULL),
(92, NULL),
(93, NULL),
(94, NULL),
(95, NULL),
(96, NULL),
(97, NULL),
(98, NULL),
(99, NULL),
(100, NULL),
(101, NULL),
(102, NULL),
(104, NULL),
(105, NULL),
(106, NULL),
(107, NULL),
(108, NULL),
(109, NULL),
(110, NULL),
(111, NULL),
(112, NULL),
(113, NULL),
(114, NULL),
(115, NULL),
(116, NULL),
(117, NULL),
(118, NULL),
(119, NULL),
(120, NULL),
(122, NULL),
(123, NULL),
(124, NULL),
(125, NULL),
(126, NULL),
(127, NULL),
(128, NULL),
(129, NULL),
(130, NULL),
(131, NULL),
(132, NULL),
(133, NULL),
(134, NULL),
(135, NULL),
(136, NULL),
(137, NULL),
(138, NULL),
(139, NULL),
(140, NULL),
(141, NULL),
(142, NULL),
(143, NULL),
(144, NULL),
(146, NULL),
(147, NULL),
(148, NULL),
(149, NULL),
(150, NULL),
(151, NULL),
(152, NULL),
(153, NULL),
(154, NULL),
(155, NULL),
(156, NULL),
(157, NULL),
(158, NULL),
(159, NULL),
(161, NULL),
(162, NULL),
(163, NULL),
(164, NULL),
(165, NULL),
(166, NULL);               
CREATE INDEX PUBLIC.INDEX_68 ON PUBLIC."stock"(GICS);         
CREATE INDEX PUBLIC.INDEX_68A ON PUBLIC."stock"(ID);          
CREATE CACHED TABLE PUBLIC."strategy"(
    ID INT DEFAULT (NEXT VALUE FOR PUBLIC.SYSTEM_SEQUENCE_6AA22681_ECEB_43A0_A88C_6B58BB0FF2E6) NOT NULL NULL_TO_DEFAULT SEQUENCE PUBLIC.SYSTEM_SEQUENCE_6AA22681_ECEB_43A0_A88C_6B58BB0FF2E6,
    NAME VARCHAR(30) NOT NULL,
    AUTO_ACTIVATE BIT NOT NULL,
    ALLOCATION DOUBLE NOT NULL,
    INIT_MODULES VARCHAR(255) DEFAULT NULL,
    RUN_MODULES VARCHAR(255) DEFAULT NULL,
    VERSION INT DEFAULT '0' NOT NULL
);   
ALTER TABLE PUBLIC."strategy" ADD CONSTRAINT PUBLIC.CONSTRAINT_6A PRIMARY KEY(ID);            
-- 1 +/- SELECT COUNT(*) FROM PUBLIC."strategy";              
INSERT INTO PUBLIC."strategy"(ID, NAME, AUTO_ACTIVATE, ALLOCATION, INIT_MODULES, RUN_MODULES, VERSION) VALUES
(1, 'SERVER', TRUE, 0.0, 'market-data,combination,current-values,market-data-simulation,trades,portfolio,performance,algo-slicing,ib', NULL, 0);               
CREATE CACHED TABLE PUBLIC."subscription"(
    ID INT DEFAULT (NEXT VALUE FOR PUBLIC.SYSTEM_SEQUENCE_404D4B13_746F_463F_8A8B_05C4E279D569) NOT NULL NULL_TO_DEFAULT SEQUENCE PUBLIC.SYSTEM_SEQUENCE_404D4B13_746F_463F_8A8B_05C4E279D569,
    SECURITY_FK INT NOT NULL,
    STRATEGY_FK INT NOT NULL,
    FEED_TYPE VARCHAR(100) NOT NULL,
    PERSISTENT BIT NOT NULL,
    VERSION INT NOT NULL
);    
ALTER TABLE PUBLIC."subscription" ADD CONSTRAINT PUBLIC.CONSTRAINT_14 PRIMARY KEY(ID);        
-- 1 +/- SELECT COUNT(*) FROM PUBLIC."subscription";          
INSERT INTO PUBLIC."subscription"(ID, SECURITY_FK, STRATEGY_FK, FEED_TYPE, PERSISTENT, VERSION) VALUES
(100, 10, 1, 'IB', TRUE, 0);          
CREATE INDEX PUBLIC.INDEX_14 ON PUBLIC."subscription"(PERSISTENT);            
CREATE INDEX PUBLIC.INDEX_145 ON PUBLIC."subscription"(SECURITY_FK);          
CREATE INDEX PUBLIC.INDEX_1456 ON PUBLIC."subscription"(STRATEGY_FK);         
CREATE INDEX PUBLIC.INDEX_14565 ON PUBLIC."subscription"(FEED_TYPE);          
CREATE CACHED TABLE PUBLIC."tick"(
    ID INT DEFAULT (NEXT VALUE FOR PUBLIC.SYSTEM_SEQUENCE_5016E21B_77B7_42D4_B7C7_19B6D4359FB1) NOT NULL NULL_TO_DEFAULT SEQUENCE PUBLIC.SYSTEM_SEQUENCE_5016E21B_77B7_42D4_B7C7_19B6D4359FB1,
    DATE_TIME DATETIME NOT NULL,
    LAST DECIMAL(13, 6) DEFAULT NULL,
    LAST_DATE_TIME DATETIME DEFAULT NULL,
    VOL INT NOT NULL,
    VOL_BID INT NOT NULL,
    VOL_ASK INT NOT NULL,
    BID DECIMAL(13, 6) DEFAULT NULL,
    ASK DECIMAL(13, 6) DEFAULT NULL,
    FEED_TYPE VARCHAR(100) DEFAULT NULL,
    SECURITY_FK INT NOT NULL
);   
ALTER TABLE PUBLIC."tick" ADD CONSTRAINT PUBLIC.CONSTRAINT_36 PRIMARY KEY(ID);
-- 3 +/- SELECT COUNT(*) FROM PUBLIC."tick";  
INSERT INTO PUBLIC."tick"(ID, DATE_TIME, LAST, LAST_DATE_TIME, VOL, VOL_BID, VOL_ASK, BID, ASK, FEED_TYPE, SECURITY_FK) VALUES
(1, TIMESTAMP '2000-01-01 00:00:00.0', NULL, NULL, 0, 0, 0, 1.000000, 1.000000, NULL, 8),
(2, TIMESTAMP '2000-01-01 00:00:00.0', NULL, NULL, 0, 0, 0, 1.000000, 1.000000, NULL, 9),
(3, TIMESTAMP '2000-01-01 00:00:00.0', NULL, NULL, 0, 0, 0, 1.000000, 1.000000, NULL, 10);              
CREATE INDEX PUBLIC.INDEX_36 ON PUBLIC."tick"(DATE_TIME);     
CREATE INDEX PUBLIC.INDEX_365 ON PUBLIC."tick"(SECURITY_FK);  
CREATE INDEX PUBLIC.INDEX_3651 ON PUBLIC."tick"(FEED_TYPE);   
CREATE INDEX PUBLIC.INDEX_36519 ON PUBLIC."tick"(SECURITY_FK);
CREATE CACHED TABLE PUBLIC."trading_hours"(
    ID INT DEFAULT (NEXT VALUE FOR PUBLIC.SYSTEM_SEQUENCE_FCB0592A_3CB7_46B8_A957_C424E041581D) NOT NULL NULL_TO_DEFAULT SEQUENCE PUBLIC.SYSTEM_SEQUENCE_FCB0592A_3CB7_46B8_A957_C424E041581D,
    OPEN TIME NOT NULL,
    CLOSE TIME NOT NULL,
    SUNDAY BIT NOT NULL,
    MONDAY BIT NOT NULL,
    TUESDAY BIT NOT NULL,
    WEDNESDAY BIT NOT NULL,
    THURSDAY BIT NOT NULL,
    FRIDAY BIT NOT NULL,
    SATURDAY BIT NOT NULL,
    EXCHANGE_FK INT NOT NULL
);
ALTER TABLE PUBLIC."trading_hours" ADD CONSTRAINT PUBLIC.CONSTRAINT_BB PRIMARY KEY(ID);       
-- 10 +/- SELECT COUNT(*) FROM PUBLIC."trading_hours";        
INSERT INTO PUBLIC."trading_hours"(ID, OPEN, CLOSE, SUNDAY, MONDAY, TUESDAY, WEDNESDAY, THURSDAY, FRIDAY, SATURDAY, EXCHANGE_FK) VALUES
(1, TIME '09:00:00', TIME '22:00:00', FALSE, TRUE, TRUE, TRUE, TRUE, TRUE, FALSE, 1),
(2, TIME '09:00:00', TIME '17:30:00', FALSE, TRUE, TRUE, TRUE, TRUE, TRUE, FALSE, 2),
(3, TIME '17:15:00', TIME '17:00:00', TRUE, TRUE, TRUE, TRUE, TRUE, FALSE, FALSE, 3),
(4, TIME '08:00:00', TIME '22:00:00', FALSE, TRUE, TRUE, TRUE, TRUE, TRUE, FALSE, 4),
(5, TIME '08:30:00', TIME '15:00:00', FALSE, TRUE, TRUE, TRUE, TRUE, TRUE, FALSE, 5),
(6, TIME '08:30:00', TIME '15:15:00', FALSE, TRUE, TRUE, TRUE, TRUE, TRUE, FALSE, 6),
(8, TIME '08:30:00', TIME '15:15:00', FALSE, TRUE, TRUE, TRUE, TRUE, TRUE, FALSE, 8),
(9, TIME '08:30:00', TIME '15:15:00', FALSE, TRUE, TRUE, TRUE, TRUE, TRUE, FALSE, 9),
(10, TIME '09:30:00', TIME '16:00:00', FALSE, TRUE, TRUE, TRUE, TRUE, TRUE, FALSE, 10),
(11, TIME '08:30:00', TIME '16:00:00', FALSE, TRUE, TRUE, TRUE, TRUE, TRUE, FALSE, 11);             
CREATE INDEX PUBLIC.INDEX_BB ON PUBLIC."trading_hours"(EXCHANGE_FK);          
CREATE CACHED TABLE PUBLIC."transaction"(
    ID INT DEFAULT (NEXT VALUE FOR PUBLIC.SYSTEM_SEQUENCE_D167E5F4_E07F_4462_9314_234DC43667CC) NOT NULL NULL_TO_DEFAULT SEQUENCE PUBLIC.SYSTEM_SEQUENCE_D167E5F4_E07F_4462_9314_234DC43667CC,
    EXT_ID VARCHAR(30) DEFAULT NULL,
    INT_ORDER_ID VARCHAR(30) DEFAULT NULL,
    EXT_ORDER_ID VARCHAR(30) DEFAULT NULL,
    DATE_TIME DATETIME NOT NULL,
    SETTLEMENT_DATE DATE DEFAULT NULL,
    QUANTITY BIGINT NOT NULL,
    PRICE DECIMAL(15, 6) NOT NULL,
    EXECUTION_COMMISSION DECIMAL(15, 2) DEFAULT NULL,
    CLEARING_COMMISSION DECIMAL(15, 2) DEFAULT NULL,
    FEE DECIMAL(15, 2) DEFAULT NULL,
    CURRENCY VARCHAR(100) NOT NULL,
    TYPE VARCHAR(100) NOT NULL,
    DESCRIPTION VARCHAR(255) DEFAULT NULL,
    SECURITY_FK INT DEFAULT NULL,
    STRATEGY_FK INT NOT NULL,
    POSITION_FK INT DEFAULT NULL,
    ACCOUNT_FK INT DEFAULT NULL
);           
ALTER TABLE PUBLIC."transaction" ADD CONSTRAINT PUBLIC.CONSTRAINT_7F PRIMARY KEY(ID);         
-- 1 +/- SELECT COUNT(*) FROM PUBLIC."transaction";           
INSERT INTO PUBLIC."transaction"(ID, EXT_ID, INT_ORDER_ID, EXT_ORDER_ID, DATE_TIME, SETTLEMENT_DATE, QUANTITY, PRICE, EXECUTION_COMMISSION, CLEARING_COMMISSION, FEE, CURRENCY, TYPE, DESCRIPTION, SECURITY_FK, STRATEGY_FK, POSITION_FK, ACCOUNT_FK) VALUES
(1, NULL, NULL, NULL, TIMESTAMP '2012-08-16 00:00:00.0', NULL, 1, 1000000.000000, NULL, NULL, NULL, 'USD', 'CREDIT', NULL, NULL, 1, NULL, NULL);
CREATE INDEX PUBLIC.INDEX_7F ON PUBLIC."transaction"(DATE_TIME);              
CREATE INDEX PUBLIC.INDEX_7FA ON PUBLIC."transaction"(SETTLEMENT_DATE);       
CREATE INDEX PUBLIC.INDEX_7FA0 ON PUBLIC."transaction"(CURRENCY);             
CREATE INDEX PUBLIC.INDEX_7FA0D ON PUBLIC."transaction"(STRATEGY_FK);         
CREATE INDEX PUBLIC.INDEX_7FA0D2 ON PUBLIC."transaction"(POSITION_FK);        
CREATE INDEX PUBLIC.INDEX_7FA0D2D ON PUBLIC."transaction"(SECURITY_FK);       
CREATE INDEX PUBLIC.INDEX_7FA0D2DE_0 ON PUBLIC."transaction"(ACCOUNT_FK);     
ALTER TABLE PUBLIC."security" ADD CONSTRAINT PUBLIC.CONSTRAINT_38927 UNIQUE(BBGID);           
ALTER TABLE PUBLIC."allocation" ADD CONSTRAINT PUBLIC.CONSTRAINT_8E UNIQUE(ORDER_PREFERENCE_FK, ACCOUNT_FK);  
ALTER TABLE PUBLIC."broker_parameters" ADD CONSTRAINT PUBLIC.CONSTRAINT_94 UNIQUE(BROKER, SECURITY_FAMILY_FK);
ALTER TABLE PUBLIC."strategy" ADD CONSTRAINT PUBLIC.CONSTRAINT_6A8 UNIQUE(NAME);              
ALTER TABLE PUBLIC."exchange" ADD CONSTRAINT PUBLIC.CONSTRAINT_76 UNIQUE(NAME);               
ALTER TABLE PUBLIC."security" ADD CONSTRAINT PUBLIC.CONSTRAINT_3892 UNIQUE(ISIN);             
ALTER TABLE PUBLIC."bar" ADD CONSTRAINT PUBLIC.CONSTRAINT_17 UNIQUE(DATE_TIME, SECURITY_FK, BAR_SIZE);        
ALTER TABLE PUBLIC."security" ADD CONSTRAINT PUBLIC.CONSTRAINT_389 UNIQUE(SYMBOL, SECURITY_FAMILY_FK);        
ALTER TABLE PUBLIC."subscription" ADD CONSTRAINT PUBLIC.CONSTRAINT_145 UNIQUE(SECURITY_FK, STRATEGY_FK, FEED_TYPE);           
ALTER TABLE PUBLIC."account" ADD CONSTRAINT PUBLIC.CONSTRAINT_B9 UNIQUE(NAME);
ALTER TABLE PUBLIC."measurement" ADD CONSTRAINT PUBLIC.CONSTRAINT_93F UNIQUE(DATE_TIME, NAME, STRATEGY_FK);   
ALTER TABLE PUBLIC."component" ADD CONSTRAINT PUBLIC.CONSTRAINT_AC8 UNIQUE(SECURITY_FK, COMBINATION_FK);      
ALTER TABLE PUBLIC."easy_to_borrow" ADD CONSTRAINT PUBLIC.CONSTRAINT_80E UNIQUE(DATE, BROKER, STOCK_FK);      
ALTER TABLE PUBLIC."default_order_preference" ADD CONSTRAINT PUBLIC.CONSTRAINT_34 UNIQUE(STRATEGY_FK, SECURITY_FAMILY_FK);    
ALTER TABLE PUBLIC."tick" ADD CONSTRAINT PUBLIC.CONSTRAINT_365 UNIQUE(DATE_TIME, SECURITY_FK, FEED_TYPE);     
ALTER TABLE PUBLIC."transaction" ADD CONSTRAINT PUBLIC.CONSTRAINT_7FA UNIQUE(EXT_ID);         
ALTER TABLE PUBLIC."cash_balance" ADD CONSTRAINT PUBLIC.CONSTRAINT_D5 UNIQUE(CURRENCY, STRATEGY_FK);          
ALTER TABLE PUBLIC."security" ADD CONSTRAINT PUBLIC.CONSTRAINT_3892774 UNIQUE(CONID);         
ALTER TABLE PUBLIC."security" ADD CONSTRAINT PUBLIC.CONSTRAINT_389277 UNIQUE(RIC);            
ALTER TABLE PUBLIC."property" ADD CONSTRAINT PUBLIC.CONSTRAINT_C4C UNIQUE(NAME, PROPERTY_HOLDER_FK);          
ALTER TABLE PUBLIC."position" ADD CONSTRAINT PUBLIC.CONSTRAINT_2C9 UNIQUE(SECURITY_FK, STRATEGY_FK);          
ALTER TABLE PUBLIC."portfolio_value" ADD CONSTRAINT PUBLIC.CONSTRAINT_F1C UNIQUE(DATE_TIME, STRATEGY_FK);     
ALTER TABLE PUBLIC."security_family" ADD CONSTRAINT PUBLIC.CONSTRAINT_585 UNIQUE(NAME);       
ALTER TABLE PUBLIC."order_preference" ADD CONSTRAINT PUBLIC.CONSTRAINT_7D3 UNIQUE(NAME);      
ALTER TABLE PUBLIC."allocation" ADD CONSTRAINT PUBLIC.ALLOCATION_ACCOUNT_FKC FOREIGN KEY(ACCOUNT_FK) REFERENCES PUBLIC."account"(ID) NOCHECK; 
ALTER TABLE PUBLIC."security_family" ADD CONSTRAINT PUBLIC.SECURITY_FAMILY_MARKET_FKC FOREIGN KEY(EXCHANGE_FK) REFERENCES PUBLIC."exchange"(ID) NOCHECK;      
ALTER TABLE PUBLIC."trading_hours" ADD CONSTRAINT PUBLIC.TRADING_HOURS_EXCHANGE_FKC FOREIGN KEY(EXCHANGE_FK) REFERENCES PUBLIC."exchange"(ID) NOCHECK;        
ALTER TABLE PUBLIC."order_property" ADD CONSTRAINT PUBLIC.ORDER_PROPERTY_ORDER_FKC FOREIGN KEY(ORDER_FK) REFERENCES PUBLIC."order"(ID) NOCHECK;               
ALTER TABLE PUBLIC."security_family" ADD CONSTRAINT PUBLIC.SECURITY_FAMILY_UNDERLAYING_FKC FOREIGN KEY(UNDERLYING_FK) REFERENCES PUBLIC."security"(ID) ON DELETE CASCADE ON UPDATE CASCADE NOCHECK;           
ALTER TABLE PUBLIC."security" ADD CONSTRAINT PUBLIC.SECURITY_UNDERLYING_FKC FOREIGN KEY(UNDERLYING_FK) REFERENCES PUBLIC."security"(ID) ON UPDATE CASCADE NOCHECK;            
ALTER TABLE PUBLIC."order_preference" ADD CONSTRAINT PUBLIC.ORDER_PREFERENCE_DEFAULT_ACCOC FOREIGN KEY(DEFAULT_ACCOUNT_FK) REFERENCES PUBLIC."account"(ID) ON UPDATE CASCADE NOCHECK;         
ALTER TABLE PUBLIC."transaction" ADD CONSTRAINT PUBLIC.TRANSACTION_ACCOUNT_FKC FOREIGN KEY(ACCOUNT_FK) REFERENCES PUBLIC."account"(ID) ON UPDATE CASCADE NOCHECK;             
ALTER TABLE PUBLIC."subscription" ADD CONSTRAINT PUBLIC.SUBSCRIPTION_STRATEGY_FKC FOREIGN KEY(STRATEGY_FK) REFERENCES PUBLIC."strategy"(ID) ON UPDATE CASCADE NOCHECK;        
ALTER TABLE PUBLIC."order" ADD CONSTRAINT PUBLIC.ORDER_ACCOUNT_FKC FOREIGN KEY(ACCOUNT_FK) REFERENCES PUBLIC."account"(ID) NOCHECK;           
ALTER TABLE PUBLIC."subscription" ADD CONSTRAINT PUBLIC.SUBSCRIPTION_SECURITY_FKC FOREIGN KEY(SECURITY_FK) REFERENCES PUBLIC."security"(ID) ON UPDATE CASCADE NOCHECK;        
ALTER TABLE PUBLIC."component" ADD CONSTRAINT PUBLIC.COMPONENT_COMBINATION_FK FOREIGN KEY(COMBINATION_FK) REFERENCES PUBLIC."combination"(ID) ON DELETE CASCADE ON UPDATE CASCADE NOCHECK;    
ALTER TABLE PUBLIC."stock" ADD CONSTRAINT PUBLIC.STOCKIFKC FOREIGN KEY(ID) REFERENCES PUBLIC."security"(ID) ON DELETE CASCADE ON UPDATE CASCADE NOCHECK;      
ALTER TABLE PUBLIC."holiday" ADD CONSTRAINT PUBLIC.HOLIDAY_MARKET_FKC FOREIGN KEY(EXCHANGE_FK) REFERENCES PUBLIC."exchange"(ID) ON UPDATE CASCADE NOCHECK;    
ALTER TABLE PUBLIC."transaction" ADD CONSTRAINT PUBLIC.TRANSACTION_POSITION_FKC FOREIGN KEY(POSITION_FK) REFERENCES PUBLIC."position"(ID) ON UPDATE CASCADE NOCHECK;          
ALTER TABLE PUBLIC."order_status" ADD CONSTRAINT PUBLIC.ORDER_STATUS_ORDER_FKC FOREIGN KEY(ORDER_FK) REFERENCES PUBLIC."order"(ID) ON DELETE CASCADE ON UPDATE CASCADE NOCHECK;               
ALTER TABLE PUBLIC."transaction" ADD CONSTRAINT PUBLIC.TRANSACTION_STRATEGY_FKC FOREIGN KEY(STRATEGY_FK) REFERENCES PUBLIC."strategy"(ID) ON UPDATE CASCADE NOCHECK;          
ALTER TABLE PUBLIC."transaction" ADD CONSTRAINT PUBLIC.TRANSACTION_SECURITY_FKC FOREIGN KEY(SECURITY_FK) REFERENCES PUBLIC."security"(ID) ON UPDATE CASCADE NOCHECK;          
