;
CREATE USER IF NOT EXISTS SA SALT 'ae4a5992e01b371c' HASH '7413c370acaad005ccd498cf7e822481884fd57f28228c19a899de6b878fd02d' ADMIN;
CREATE SEQUENCE PUBLIC.SYSTEM_SEQUENCE_FB4FF6F7_60AC_429B_9C4F_48B49D19A87D START WITH 167 BELONGS_TO_TABLE;
CREATE SEQUENCE PUBLIC.SYSTEM_SEQUENCE_B3DEBB36_09C7_4BB6_A312_2088C433A27E START WITH 1 BELONGS_TO_TABLE;
CREATE SEQUENCE PUBLIC.SYSTEM_SEQUENCE_09F200CD_CEE6_4996_A4FC_0705649327AB START WITH 52 BELONGS_TO_TABLE;
CREATE SEQUENCE PUBLIC.SYSTEM_SEQUENCE_4C7D09E0_8E8B_4BD6_9D8E_2BB7DA0BC131 START WITH 1 BELONGS_TO_TABLE;
CREATE SEQUENCE PUBLIC.SYSTEM_SEQUENCE_2E8E779B_951E_4219_AF61_6A0ED316CC07 START WITH 3 BELONGS_TO_TABLE;
CREATE SEQUENCE PUBLIC.SYSTEM_SEQUENCE_F0408409_FAA8_451A_846B_A95946EC1C2C START WITH 46 BELONGS_TO_TABLE;
CREATE SEQUENCE PUBLIC.SYSTEM_SEQUENCE_E58547CB_B531_41B5_8F10_08D8CFC62E6D START WITH 1 BELONGS_TO_TABLE;
CREATE SEQUENCE PUBLIC.SYSTEM_SEQUENCE_11FDDE2F_026C_4E13_BB11_48A663B50EDD START WITH 106 BELONGS_TO_TABLE;
CREATE SEQUENCE PUBLIC.SYSTEM_SEQUENCE_A1F0C246_E15A_441D_AB52_EE68BB1EDF98 START WITH 2 BELONGS_TO_TABLE;
CREATE SEQUENCE PUBLIC.SYSTEM_SEQUENCE_E8EB9EE6_ECCA_40A4_A688_77B6A1C4BBC0 START WITH 3 BELONGS_TO_TABLE;
CREATE SEQUENCE PUBLIC.SYSTEM_SEQUENCE_5841F33C_7B59_49CE_9449_EF5BA0527F6F START WITH 1 BELONGS_TO_TABLE;
CREATE SEQUENCE PUBLIC.SYSTEM_SEQUENCE_4BB3DCE8_7388_452F_B8A3_CAC7D946145D START WITH 2 BELONGS_TO_TABLE;
CREATE CACHED TABLE PUBLIC."future_family"(
    ID INTEGER NOT NULL,
    INTREST DOUBLE NOT NULL,
    DIVIDEND DOUBLE NOT NULL,
    MARGIN_PARAMETER DOUBLE NOT NULL,
    EXPIRATION_TYPE VARCHAR(255) NOT NULL,
    EXPIRATION_DISTANCE VARCHAR(255) NOT NULL,
    LENGTH INTEGER NOT NULL
);
ALTER TABLE PUBLIC."future_family" ADD CONSTRAINT PUBLIC.CONSTRAINT_E PRIMARY KEY(ID);
-- 7 +/- SELECT COUNT(*) FROM PUBLIC."future_family";
INSERT INTO PUBLIC."future_family"(ID, INTREST, DIVIDEND, MARGIN_PARAMETER, EXPIRATION_TYPE, EXPIRATION_DISTANCE, LENGTH) VALUES
(10, 0.0, 0.0, 0.0, 'NEXT_3_RD_FRIDAY_3_MONTHS', 'MONTH_3', 3),
(22, 0.0, 0.0, 0.0, 'THIRTY_DAYS_BEFORE_NEXT_3_RD_FRIDAY', 'MONTH_1', 8),
(23, 0.0, 0.0, 0.0, 'THIRTY_DAYS_BEFORE_NEXT_3_RD_FRIDAY', 'MONTH_1', 3),
(27, 0.0, 0.0, 0.0, 'NEXT_3_RD_FRIDAY_3_MONTHS', 'MONTH_3', 9),
(28, 0.0, 0.0, 0.0, 'NEXT_3_RD_FRIDAY_3_MONTHS', 'MONTH_3', 4),
(44, 0.0, 0.0, 0.0, 'NEXT_3_RD_FRIDAY_3_MONTHS', 'MONTH_3', 3),
(45, 0.0, 0.0, 0.0, 'NEXT_3_RD_FRIDAY_3_MONTHS', 'MONTH_3', 3);
CREATE CACHED TABLE PUBLIC."account"(
    ID INTEGER DEFAULT (NEXT VALUE FOR PUBLIC.SYSTEM_SEQUENCE_11FDDE2F_026C_4E13_BB11_48A663B50EDD) NOT NULL NULL_TO_DEFAULT SEQUENCE PUBLIC.SYSTEM_SEQUENCE_11FDDE2F_026C_4E13_BB11_48A663B50EDD,
    NAME VARCHAR(255) NOT NULL,
    ACTIVE TINYINT NOT NULL,
    BROKER VARCHAR(255) NOT NULL,
    ORDER_SERVICE_TYPE VARCHAR(255) NOT NULL,
    SESSION_QUALIFIER VARCHAR(255) NOT NULL,
    EXT_ACCOUNT VARCHAR(255),
    EXT_ACCOUNT_GROUP VARCHAR(255),
    EXT_ALLOCATION_PROFILE VARCHAR(255),
    EXT_CLEARING_ACCOUNT VARCHAR(255)
);
ALTER TABLE PUBLIC."account" ADD CONSTRAINT PUBLIC.CONSTRAINT_B PRIMARY KEY(ID);
-- 5 +/- SELECT COUNT(*) FROM PUBLIC."account";
INSERT INTO PUBLIC."account"(ID, NAME, ACTIVE, BROKER, ORDER_SERVICE_TYPE, SESSION_QUALIFIER, EXT_ACCOUNT, EXT_ACCOUNT_GROUP, EXT_ALLOCATION_PROFILE, EXT_CLEARING_ACCOUNT) VALUES
(100, 'IB_NATIVE_TEST', 0, 'IB', 'IB_NATIVE', 'IBNT', 'DU127027', NULL, NULL, NULL),
(101, 'IB_FIX_TEST', 0, 'IB', 'IB_FIX', 'IBFT', NULL, NULL, NULL, NULL),
(103, 'DC_TEST', 0, 'DC', 'DC_FIX', 'DCT', NULL, NULL, NULL, NULL),
(104, 'JPM_TEST', 0, 'JPM', 'JPM_FIX', 'JPMT', NULL, NULL, NULL, NULL),
(105, 'RT_TEST', 1, 'RT', 'RT_FIX', 'RTT', NULL, NULL, NULL, NULL);
CREATE CACHED TABLE PUBLIC."allocation"(
    ID INTEGER DEFAULT (NEXT VALUE FOR PUBLIC.SYSTEM_SEQUENCE_5841F33C_7B59_49CE_9449_EF5BA0527F6F) NOT NULL NULL_TO_DEFAULT SEQUENCE PUBLIC.SYSTEM_SEQUENCE_5841F33C_7B59_49CE_9449_EF5BA0527F6F,
    VALUE DOUBLE NOT NULL,
    ORDER_PREFERENCE_FK INTEGER NOT NULL,
    ACCOUNT_FK INTEGER NOT NULL
);
ALTER TABLE PUBLIC."allocation" ADD CONSTRAINT PUBLIC.CONSTRAINT_8 PRIMARY KEY(ID);
-- 0 +/- SELECT COUNT(*) FROM PUBLIC."allocation";
CREATE CACHED TABLE PUBLIC."bar"(
    ID INTEGER NOT NULL,
    DATE_TIME DATETIME NOT NULL,
    VOL INTEGER NOT NULL,
    SECURITY_FK INTEGER NOT NULL,
    BAR_SIZE BIGINT NOT NULL,
    OPEN DECIMAL(15, 6) NOT NULL,
    HIGH DECIMAL(15, 6) NOT NULL,
    LOW DECIMAL(15, 6) NOT NULL,
    CLOSE DECIMAL(15, 6) NOT NULL
);
ALTER TABLE PUBLIC."bar" ADD CONSTRAINT PUBLIC.CONSTRAINT_17 PRIMARY KEY(ID);
-- 0 +/- SELECT COUNT(*) FROM PUBLIC."bar";
CREATE CACHED TABLE PUBLIC."bond_family"(
    ID INTEGER NOT NULL,
    MATURITY_DISTANCE BIGINT NOT NULL,
    LENGTH INTEGER NOT NULL,
    QUOTATION_STYLE VARCHAR(255) NOT NULL
);
ALTER TABLE PUBLIC."bond_family" ADD CONSTRAINT PUBLIC.CONSTRAINT_89 PRIMARY KEY(ID);
-- 0 +/- SELECT COUNT(*) FROM PUBLIC."bond_family";
CREATE CACHED TABLE PUBLIC."bond"(
    ID INTEGER NOT NULL,
    MATURITY DATETIME NOT NULL,
    COUPON DOUBLE NOT NULL
);
ALTER TABLE PUBLIC."bond" ADD CONSTRAINT PUBLIC.CONSTRAINT_2E PRIMARY KEY(ID);
-- 0 +/- SELECT COUNT(*) FROM PUBLIC."bond";
CREATE CACHED TABLE PUBLIC."broker_parameters"(
    ID INTEGER DEFAULT (NEXT VALUE FOR PUBLIC.SYSTEM_SEQUENCE_E8EB9EE6_ECCA_40A4_A688_77B6A1C4BBC0) NOT NULL NULL_TO_DEFAULT SEQUENCE PUBLIC.SYSTEM_SEQUENCE_E8EB9EE6_ECCA_40A4_A688_77B6A1C4BBC0,
    BROKER VARCHAR(255) NOT NULL,
    BASE_SYMBOL VARCHAR(255),
    MARKET VARCHAR(255),
    EXECUTION_COMMISSION DECIMAL(15, 6),
    CLEARING_COMMISSION DECIMAL(15, 6),
    SECURITY_FAMILY_FK INTEGER NOT NULL
);
ALTER TABLE PUBLIC."broker_parameters" ADD CONSTRAINT PUBLIC.CONSTRAINT_9 PRIMARY KEY(ID);
-- 2 +/- SELECT COUNT(*) FROM PUBLIC."broker_parameters";
INSERT INTO PUBLIC."broker_parameters"(ID, BROKER, BASE_SYMBOL, MARKET, EXECUTION_COMMISSION, CLEARING_COMMISSION, SECURITY_FAMILY_FK) VALUES
(1, 'JPM', NULL, 'XCBO', NULL, NULL, 26),
(2, 'JPM', NULL, 'XCBF', NULL, NULL, 22);
CREATE CACHED TABLE PUBLIC."cash_balance"(
    ID INTEGER DEFAULT (NEXT VALUE FOR PUBLIC.SYSTEM_SEQUENCE_A1F0C246_E15A_441D_AB52_EE68BB1EDF98) NOT NULL NULL_TO_DEFAULT SEQUENCE PUBLIC.SYSTEM_SEQUENCE_A1F0C246_E15A_441D_AB52_EE68BB1EDF98,
    VERSION INTEGER NOT NULL,
    CURRENCY VARCHAR(255) NOT NULL,
    AMOUNT DECIMAL(15, 6) NOT NULL,
    STRATEGY_FK INTEGER NOT NULL
);
ALTER TABLE PUBLIC."cash_balance" ADD CONSTRAINT PUBLIC.CONSTRAINT_D PRIMARY KEY(ID);
-- 1 +/- SELECT COUNT(*) FROM PUBLIC."cash_balance";
INSERT INTO PUBLIC."cash_balance"(ID, VERSION, CURRENCY, AMOUNT, STRATEGY_FK) VALUES
(1, 1, 'USD', 1000000.000000, 1);
CREATE CACHED TABLE PUBLIC."combination"(
    ID INTEGER NOT NULL,
    TYPE VARCHAR(255) NOT NULL,
    PERSISTENT TINYINT NOT NULL
);
ALTER TABLE PUBLIC."combination" ADD CONSTRAINT PUBLIC.CONSTRAINT_D9 PRIMARY KEY(ID);
-- 0 +/- SELECT COUNT(*) FROM PUBLIC."combination";
CREATE CACHED TABLE PUBLIC."commodity"(
    ID INTEGER NOT NULL,
    TYPE VARCHAR(255) NOT NULL
);
ALTER TABLE PUBLIC."commodity" ADD CONSTRAINT PUBLIC.CONSTRAINT_A7 PRIMARY KEY(ID);
-- 0 +/- SELECT COUNT(*) FROM PUBLIC."commodity";
CREATE CACHED TABLE PUBLIC."component"(
    ID INTEGER DEFAULT (NEXT VALUE FOR PUBLIC.SYSTEM_SEQUENCE_B3DEBB36_09C7_4BB6_A312_2088C433A27E) NOT NULL NULL_TO_DEFAULT SEQUENCE PUBLIC.SYSTEM_SEQUENCE_B3DEBB36_09C7_4BB6_A312_2088C433A27E,
    VERSION INTEGER NOT NULL,
    QUANTITY BIGINT NOT NULL,
    PERSISTENT TINYINT NOT NULL,
    COMBINATION_FK INTEGER NOT NULL,
    SECURITY_FK INTEGER NOT NULL
);
ALTER TABLE PUBLIC."component" ADD CONSTRAINT PUBLIC.CONSTRAINT_AC PRIMARY KEY(ID);
-- 0 +/- SELECT COUNT(*) FROM PUBLIC."component";
CREATE CACHED TABLE PUBLIC."default_order_preference"(
    ID INTEGER DEFAULT (NEXT VALUE FOR PUBLIC.SYSTEM_SEQUENCE_2E8E779B_951E_4219_AF61_6A0ED316CC07) NOT NULL NULL_TO_DEFAULT SEQUENCE PUBLIC.SYSTEM_SEQUENCE_2E8E779B_951E_4219_AF61_6A0ED316CC07,
    ORDER_PREFERENCE_FK INTEGER NOT NULL,
    SECURITY_FAMILY_FK INTEGER NOT NULL,
    STRATEGY_FK INTEGER NOT NULL
);
ALTER TABLE PUBLIC."default_order_preference" ADD CONSTRAINT PUBLIC.CONSTRAINT_3 PRIMARY KEY(ID);
-- 1 +/- SELECT COUNT(*) FROM PUBLIC."default_order_preference";
INSERT INTO PUBLIC."default_order_preference"(ID, ORDER_PREFERENCE_FK, SECURITY_FAMILY_FK, STRATEGY_FK) VALUES
(2, 203, 9, 1);
CREATE CACHED TABLE PUBLIC."forex"(
    ID INTEGER NOT NULL,
    BASE_CURRENCY VARCHAR(255) NOT NULL
);
ALTER TABLE PUBLIC."forex" ADD CONSTRAINT PUBLIC.CONSTRAINT_5 PRIMARY KEY(ID);
-- 4 +/- SELECT COUNT(*) FROM PUBLIC."forex";
INSERT INTO PUBLIC."forex"(ID, BASE_CURRENCY) VALUES
(8, 'EUR'),
(9, 'USD'),
(10, 'EUR'),
(11, 'GBP');
CREATE CACHED TABLE PUBLIC."fund"(
    ID INTEGER NOT NULL
);
ALTER TABLE PUBLIC."fund" ADD CONSTRAINT PUBLIC.CONSTRAINT_30 PRIMARY KEY(ID);
-- 0 +/- SELECT COUNT(*) FROM PUBLIC."fund";
CREATE CACHED TABLE PUBLIC."generic_future_family"(
    ID INTEGER NOT NULL,
    EXPIRATION_TYPE VARCHAR(255) NOT NULL,
    EXPIRATION_DISTANCE VARCHAR(255) NOT NULL
);
ALTER TABLE PUBLIC."generic_future_family" ADD CONSTRAINT PUBLIC.CONSTRAINT_6 PRIMARY KEY(ID);
-- 4 +/- SELECT COUNT(*) FROM PUBLIC."generic_future_family";
INSERT INTO PUBLIC."generic_future_family"(ID, EXPIRATION_TYPE, EXPIRATION_DISTANCE) VALUES
(12, 'NEXT_3_RD_FRIDAY', 'MONTH_1'),
(13, 'NEXT_3_RD_FRIDAY', 'MONTH_1'),
(14, 'NEXT_3_RD_FRIDAY', 'MONTH_1'),
(21, 'THIRTY_DAYS_BEFORE_NEXT_3_RD_FRIDAY', 'MONTH_1');
CREATE CACHED TABLE PUBLIC."future"(
    ID INTEGER NOT NULL,
    EXPIRATION DATETIME NOT NULL,
    FIRST_NOTICE DATETIME,
    LAST_TRADING DATETIME
);
ALTER TABLE PUBLIC."future" ADD CONSTRAINT PUBLIC.CONSTRAINT_B4 PRIMARY KEY(ID);
-- 0 +/- SELECT COUNT(*) FROM PUBLIC."future";
CREATE CACHED TABLE PUBLIC."implied_volatility"(
    ID INTEGER NOT NULL,
    DURATION VARCHAR(255) NOT NULL,
    MONEYNESS DOUBLE,
    DELTA DOUBLE,
    TYPE VARCHAR(255) NOT NULL
);
ALTER TABLE PUBLIC."implied_volatility" ADD CONSTRAINT PUBLIC.CONSTRAINT_1E PRIMARY KEY(ID);
-- 8 +/- SELECT COUNT(*) FROM PUBLIC."implied_volatility";
INSERT INTO PUBLIC."implied_volatility"(ID, DURATION, MONEYNESS, DELTA, TYPE) VALUES
(30, 'YEAR_1', 0.0, NULL, 'CALL'),
(31, 'YEAR_1', 0.05, NULL, 'CALL'),
(32, 'YEAR_1', 0.1, NULL, 'CALL'),
(33, 'YEAR_1', 0.2, NULL, 'CALL'),
(34, 'MONTH_18', 0.0, NULL, 'CALL'),
(35, 'MONTH_18', 0.05, NULL, 'CALL'),
(36, 'MONTH_18', 0.1, NULL, 'CALL'),
(37, 'MONTH_18', 0.2, NULL, 'CALL');
CREATE CACHED TABLE PUBLIC."generic_future"(
    ID INTEGER NOT NULL,
    DURATION INTEGER NOT NULL
);
ALTER TABLE PUBLIC."generic_future" ADD CONSTRAINT PUBLIC.CONSTRAINT_21 PRIMARY KEY(ID);
-- 11 +/- SELECT COUNT(*) FROM PUBLIC."generic_future";
INSERT INTO PUBLIC."generic_future"(ID, DURATION) VALUES
(13, 1),
(14, 1),
(15, 1),
(21, 1),
(22, 2),
(23, 3),
(24, 4),
(25, 5),
(26, 6),
(27, 7),
(28, 8);
CREATE CACHED TABLE PUBLIC."option_family"(
    ID INTEGER NOT NULL,
    INTREST DOUBLE NOT NULL,
    DIVIDEND DOUBLE NOT NULL,
    MARGIN_PARAMETER DOUBLE NOT NULL,
    EXPIRATION_TYPE VARCHAR(255) NOT NULL,
    EXPIRATION_DISTANCE VARCHAR(255) NOT NULL,
    STRIKE_DISTANCE DOUBLE NOT NULL
);
ALTER TABLE PUBLIC."option_family" ADD CONSTRAINT PUBLIC.CONSTRAINT_B3 PRIMARY KEY(ID);
-- 4 +/- SELECT COUNT(*) FROM PUBLIC."option_family";
INSERT INTO PUBLIC."option_family"(ID, INTREST, DIVIDEND, MARGIN_PARAMETER, EXPIRATION_TYPE, EXPIRATION_DISTANCE, STRIKE_DISTANCE) VALUES
(3, 0.0015, 0.03, 0.075, 'NEXT_3_RD_FRIDAY', 'MONTH_1', 50.0),
(6, 0.006, 0.03, 0.075, 'NEXT_3_RD_FRIDAY', 'MONTH_1', 25.0),
(24, 0.009, 0.02, 0.075, 'NEXT_3_RD_FRIDAY', 'MONTH_1', 5.0),
(26, 0.01, 0.0, 0.075, 'THIRTY_DAYS_BEFORE_NEXT_3_RD_FRIDAY', 'MONTH_1', 1.0);
CREATE CACHED TABLE PUBLIC."index"(
    ID INTEGER NOT NULL,
    TYPE VARCHAR(255) NOT NULL
);
ALTER TABLE PUBLIC."index" ADD CONSTRAINT PUBLIC.CONSTRAINT_5FB PRIMARY KEY(ID);
-- 6 +/- SELECT COUNT(*) FROM PUBLIC."index";
INSERT INTO PUBLIC."index"(ID, TYPE) VALUES
(2, 'EQUITY'),
(3, 'VOLATILITY'),
(4, 'EQUITY'),
(5, 'VOLATILITY'),
(12, 'EQUITY'),
(29, 'VOLATILITY');
CREATE CACHED TABLE PUBLIC."security_family"(
    ID INTEGER DEFAULT (NEXT VALUE FOR PUBLIC.SYSTEM_SEQUENCE_F0408409_FAA8_451A_846B_A95946EC1C2C) NOT NULL NULL_TO_DEFAULT SEQUENCE PUBLIC.SYSTEM_SEQUENCE_F0408409_FAA8_451A_846B_A95946EC1C2C,
    NAME VARCHAR(255) NOT NULL,
    BASE_SYMBOL VARCHAR(255),
    ISIN_ROOT VARCHAR(255),
    RIC_ROOT VARCHAR(255),
    TRADING_CLASS VARCHAR(255),
    MARKET VARCHAR(255) NOT NULL,
    CURRENCY VARCHAR(255) NOT NULL,
    CONTRACT_SIZE INTEGER NOT NULL,
    SCALE INTEGER NOT NULL,
    TICK_SIZE_PATTERN VARCHAR(255) NOT NULL,
    EXECUTION_COMMISSION DECIMAL(15, 6),
    CLEARING_COMMISSION DECIMAL(15, 6),
    MARKET_OPEN_DAY VARCHAR(255) NOT NULL,
    MARKET_OPEN TIME NOT NULL,
    MARKET_CLOSE TIME NOT NULL,
    TRADEABLE TINYINT NOT NULL,
    SYNTHETIC TINYINT NOT NULL,
    SPREAD_SLOPE DOUBLE,
    SPREAD_CONSTANT DOUBLE,
    MAX_SPREAD_SLOPE DOUBLE,
    MAX_SPREAD_CONSTANT DOUBLE,
    PERIODICITY VARCHAR(255),
    MAX_GAP INTEGER,
    UNDERLYING_FK INTEGER
);
ALTER TABLE PUBLIC."security_family" ADD CONSTRAINT PUBLIC.CONSTRAINT_58 PRIMARY KEY(ID);
-- 29 +/- SELECT COUNT(*) FROM PUBLIC."security_family";
INSERT INTO PUBLIC."security_family"(ID, NAME, BASE_SYMBOL, ISIN_ROOT, RIC_ROOT, TRADING_CLASS, MARKET, CURRENCY, CONTRACT_SIZE, SCALE, TICK_SIZE_PATTERN, EXECUTION_COMMISSION, CLEARING_COMMISSION, MARKET_OPEN_DAY, MARKET_OPEN, MARKET_CLOSE, TRADEABLE, SYNTHETIC, SPREAD_SLOPE, SPREAD_CONSTANT, MAX_SPREAD_SLOPE, MAX_SPREAD_CONSTANT, PERIODICITY, MAX_GAP, UNDERLYING_FK) VALUES
(8, 'CHF FX', NULL, NULL, NULL, NULL, 'IDEALPRO', 'CHF', 1, 5, '0<0.00005', 0.000000, NULL, 'SUNDAY', TIME '23:15:00', TIME '23:00:00', 1, 0, 0.0, 1.0E-4, 0.0, 4.0E-4, 'HOUR', 5, NULL),
(9, 'USD FX', NULL, NULL, NULL, NULL, 'IDEALPRO', 'USD', 1, 5, '0<0.00005', 0.000000, NULL, 'SUNDAY', TIME '23:15:00', TIME '23:00:00', 1, 0, 0.0, 1.0E-4, 0.0, 4.0E-4, 'MIN', 5, NULL),
(44, 'EUR.USD MICRO FUT', 'M6E', NULL, NULL, NULL, 'GLOBEX', 'USD', 12500, 4, '0<0.0001', 0.330000, 1.380000, 'SUNDAY', TIME '23:00:00', TIME '22:00:00', 1, 0, 0.0, 1.0E-4, 0.0, 4.0E-4, 'MIN', NULL, 10),
(1, 'SMI', NULL, NULL, NULL, NULL, 'SOFFEX', 'CHF', 1, 2, '0<0.1', 0.000000, NULL, 'MONDAY', TIME '09:00:00', TIME '17:20:00', 0, 0, NULL, NULL, NULL, NULL, 'MIN', NULL, NULL),
(2, 'VSMI', NULL, NULL, NULL, NULL, 'DTB', 'CHF', 1, 2, '0<0.01', NULL, NULL, 'MONDAY', TIME '09:00:00', TIME '17:20:00', 0, 0, NULL, NULL, NULL, NULL, 'MIN', NULL, 4),
(3, 'SMI OPT', 'SMI', NULL, NULL, NULL, 'SOFFEX', 'CHF', 10, 2, '0<0.1', 2.400000, NULL, 'MONDAY', TIME '09:10:00', TIME '17:10:00', 1, 0, 0.033, 11.7, 0.037, 25.0, 'MIN', NULL, 4),
(4, 'ESTX50', NULL, NULL, NULL, NULL, 'DTB', 'EUR', 1, 2, '0<0.01', NULL, NULL, 'MONDAY', TIME '09:00:00', TIME '17:30:00', 0, 0, NULL, NULL, NULL, NULL, 'MIN', NULL, NULL),
(5, 'V2TX', NULL, NULL, NULL, NULL, 'DTB', 'EUR', 1, 2, '0<0.01', NULL, NULL, 'MONDAY', TIME '09:00:00', TIME '17:30:00', 0, 0, NULL, NULL, NULL, NULL, 'MIN', NULL, 2),
(6, 'ESX50 OPT', 'ESTX50', NULL, NULL, NULL, 'DTB', 'EUR', 10, 2, '0<0.1', 1.210000, NULL, 'MONDAY', TIME '09:10:00', TIME '17:20:00', 1, 0, 0.0133, 6.7265, 0.015, 20.0, 'MIN', NULL, 2),
(7, 'DEPOSIT RATE CHF', NULL, NULL, NULL, NULL, 'IDEALPRO', 'CHF', 1, 2, '0<0.01', NULL, NULL, 'MONDAY', TIME '09:00:00', TIME '17:30:00', 0, 0, NULL, NULL, NULL, NULL, 'DAY', NULL, NULL),
(10, 'SMI FUT', 'SMI', NULL, NULL, NULL, 'SOFFEX', 'CHF', 10, 2, '0<1.0', 4.000000, NULL, 'MONDAY', TIME '07:50:00', TIME '22:00:00', 1, 0, 3.0E-4, 0.0, 0.037, 25.0, 'MIN', NULL, 4),
(11, 'SPX', NULL, NULL, NULL, NULL, 'CBOE', 'USD', 1, 2, '0<0.01', 0.000000, NULL, 'MONDAY', TIME '15:30:00', TIME '22:00:00', 0, 0, NULL, NULL, NULL, NULL, 'MIN', NULL, NULL),
(12, 'ES GEN FUT', 'ES', NULL, NULL, NULL, 'GLOBEX', 'USD', 1, 2, '0<0.01', 0.000000, NULL, 'MONDAY', TIME '08:00:00', TIME '18:00:00', 0, 0, NULL, NULL, NULL, NULL, 'HOUR', NULL, NULL),
(13, 'LH GEN FUT', 'LH', NULL, NULL, NULL, 'CME', 'USD', 1, 2, '0<0.01', 0.000000, NULL, 'MONDAY', TIME '08:00:00', TIME '18:00:00', 0, 0, NULL, NULL, NULL, NULL, 'HOUR', NULL, NULL),
(14, 'NG GEN FUT', 'NG', NULL, NULL, NULL, 'NYMEX', 'USD', 1, 2, '0<0.01', 0.000000, NULL, 'MONDAY', TIME '08:00:00', TIME '18:00:00', 0, 0, NULL, NULL, NULL, NULL, 'HOUR', NULL, NULL),
(20, 'VIX', NULL, NULL, NULL, NULL, 'CBOE', 'USD', 1, 2, '0<0.01', NULL, NULL, 'MONDAY', TIME '15:30:00', TIME '22:13:00', 0, 0, NULL, NULL, NULL, NULL, 'MIN', 3, 12),
(21, 'UX', NULL, NULL, NULL, NULL, 'CFE', 'USD', 1000, 2, '0<0.05', NULL, NULL, 'MONDAY', TIME '14:00:00', TIME '22:15:00', 0, 0, NULL, NULL, NULL, NULL, NULL, NULL, 29),
(22, 'VIX FUT', 'VIX', NULL, 'VX', NULL, 'CFE', 'USD', 1000, 2, '0<0.05', 1.730000, 2.200000, 'MONDAY', TIME '14:05:00', TIME '22:13:00', 1, 0, 0.0, 75.0, 0.0, 400.0, 'MIN', 15, 29),
(23, 'VIX MINI FUT', 'VM', NULL, NULL, NULL, 'CFE', 'USD', 100, 2, '0<0.05', 1.970000, NULL, 'MONDAY', TIME '14:00:00', TIME '22:15:00', 1, 0, 0.0, 75.0, 0.0, 400.0, 'MIN', NULL, 29),
(24, 'SPX OPT', 'SPX', NULL, NULL, 'SPX', 'CBOE', 'USD', 100, 2, '0<0.05 | 3<0.1', 1.020000, NULL, 'MONDAY', TIME '15:30:00', TIME '22:15:00', 1, 0, 0.013, 6.726, 0.015, 20.0, 'MIN', NULL, 12),
(25, 'SPX IVOL', NULL, NULL, NULL, NULL, 'CBOE', 'USD', 1, 4, '0<0.0001', NULL, NULL, 'MONDAY', TIME '15:30:00', TIME '22:15:00', 0, 0, NULL, NULL, NULL, NULL, NULL, NULL, 12);
INSERT INTO PUBLIC."security_family"(ID, NAME, BASE_SYMBOL, ISIN_ROOT, RIC_ROOT, TRADING_CLASS, MARKET, CURRENCY, CONTRACT_SIZE, SCALE, TICK_SIZE_PATTERN, EXECUTION_COMMISSION, CLEARING_COMMISSION, MARKET_OPEN_DAY, MARKET_OPEN, MARKET_CLOSE, TRADEABLE, SYNTHETIC, SPREAD_SLOPE, SPREAD_CONSTANT, MAX_SPREAD_SLOPE, MAX_SPREAD_CONSTANT, PERIODICITY, MAX_GAP, UNDERLYING_FK) VALUES
(26, 'VIX OPT', 'VIX', NULL, NULL, NULL, 'CBOE', 'USD', 100, 2, '0<0.05 | 3<0.1', 1.010000, 0.350000, 'MONDAY', TIME '15:35:00', TIME '22:13:00', 1, 0, 0.013, 6.726, 0.015, 20.0, 'MIN', 120, 29),
(27, 'SPX FUT', 'SPX', NULL, NULL, NULL, 'CME', 'USD', 250, 2, '0<0.01', NULL, NULL, 'MONDAY', TIME '15:30:00', TIME '22:15:00', 1, 0, NULL, NULL, NULL, NULL, 'MIN', NULL, 12),
(28, 'SPX EMINI', 'ES', NULL, NULL, NULL, 'GLOBEX', 'USD', 50, 2, '0<0.01', NULL, NULL, 'MONDAY', TIME '15:30:00', TIME '22:15:00', 1, 0, NULL, NULL, NULL, NULL, 'MIN', NULL, 12),
(40, 'NASDAQ', NULL, NULL, NULL, NULL, 'SMART', 'USD', 1, 2, '0<0.01', 0.000000, NULL, 'MONDAY', TIME '00:00:00', TIME '23:59:59', 1, 0, NULL, NULL, NULL, NULL, 'MIN', NULL, NULL),
(41, 'NYSE', NULL, NULL, NULL, NULL, 'SMART', 'USD', 1, 2, '0<0.01', 0.000000, NULL, 'MONDAY', TIME '00:00:00', TIME '23:59:59', 1, 0, NULL, NULL, NULL, NULL, 'MIN', NULL, NULL),
(42, 'VIX FUT COMBI', NULL, NULL, NULL, NULL, 'CFE', 'USD', 1000, 2, '0<0.05', NULL, NULL, 'MONDAY', TIME '14:00:00', TIME '22:15:00', 0, 1, NULL, NULL, NULL, NULL, NULL, NULL, 29),
(43, 'VIX OPT COMBI', NULL, NULL, NULL, NULL, 'CBOE', 'USD', 100, 2, '0<0.05 | 3<0.1', 1.020000, NULL, 'MONDAY', TIME '15:35:00', TIME '22:15:00', 0, 1, NULL, NULL, NULL, NULL, NULL, NULL, 29),
(45, 'EUR.USD FUT', 'EUR', NULL, 'EC', NULL, 'GLOBEX', 'USD', 125000, 4, '0<0.0001', 0.330000, 2.420000, 'MONDAY', TIME '13:20:00', TIME '20:00:00', 1, 0, 0.0, 1.0E-4, 0.0, 4.0E-4, 'MIN', NULL, 10);
CREATE CACHED TABLE PUBLIC."intrest_rate"(
    ID INTEGER NOT NULL,
    DURATION BIGINT NOT NULL
);
ALTER TABLE PUBLIC."intrest_rate" ADD CONSTRAINT PUBLIC.CONSTRAINT_64 PRIMARY KEY(ID);
-- 2 +/- SELECT COUNT(*) FROM PUBLIC."intrest_rate";
INSERT INTO PUBLIC."intrest_rate"(ID, DURATION) VALUES
(6, 604800000),
(7, 2592000000);
CREATE CACHED TABLE PUBLIC."measurement"(
    ID INTEGER DEFAULT (NEXT VALUE FOR PUBLIC.SYSTEM_SEQUENCE_4C7D09E0_8E8B_4BD6_9D8E_2BB7DA0BC131) NOT NULL NULL_TO_DEFAULT SEQUENCE PUBLIC.SYSTEM_SEQUENCE_4C7D09E0_8E8B_4BD6_9D8E_2BB7DA0BC131,
    NAME VARCHAR(255) NOT NULL,
    DATE DATETIME NOT NULL,
    INT_VALUE INTEGER,
    DOUBLE_VALUE DOUBLE,
    MONEY_VALUE DECIMAL(15, 6),
    TEXT_VALUE VARCHAR(255),
    BOOLEAN_VALUE TINYINT,
    STRATEGY_FK INTEGER NOT NULL
);
ALTER TABLE PUBLIC."measurement" ADD CONSTRAINT PUBLIC.CONSTRAINT_93 PRIMARY KEY(ID);
-- 0 +/- SELECT COUNT(*) FROM PUBLIC."measurement";
CREATE CACHED TABLE PUBLIC."option"(
    ID INTEGER NOT NULL,
    EXPIRATION DATETIME NOT NULL,
    STRIKE DECIMAL(15, 6) NOT NULL,
    TYPE VARCHAR(255) NOT NULL
);
ALTER TABLE PUBLIC."option" ADD CONSTRAINT PUBLIC.CONSTRAINT_C PRIMARY KEY(ID);
-- 0 +/- SELECT COUNT(*) FROM PUBLIC."option";
CREATE CACHED TABLE PUBLIC."order_preference"(
    ID INTEGER NOT NULL,
    VERSION INTEGER NOT NULL,
    NAME VARCHAR(255) NOT NULL,
    ORDER_TYPE VARCHAR(255) NOT NULL,
    DEFAULT_ACCOUNT_FK INTEGER
);
ALTER TABLE PUBLIC."order_preference" ADD CONSTRAINT PUBLIC.CONSTRAINT_7D PRIMARY KEY(ID);
-- 3 +/- SELECT COUNT(*) FROM PUBLIC."order_preference";
INSERT INTO PUBLIC."order_preference"(ID, VERSION, NAME, ORDER_TYPE, DEFAULT_ACCOUNT_FK) VALUES
(201, 0, 'FVIX', 'SLICING', 100),
(202, 0, 'OVIX', 'SLICING', 100),
(203, 0, 'FX', 'MARKET', 100);
CREATE CACHED TABLE PUBLIC."portfolio_value"(
    ID INTEGER DEFAULT (NEXT VALUE FOR PUBLIC.SYSTEM_SEQUENCE_E58547CB_B531_41B5_8F10_08D8CFC62E6D) NOT NULL NULL_TO_DEFAULT SEQUENCE PUBLIC.SYSTEM_SEQUENCE_E58547CB_B531_41B5_8F10_08D8CFC62E6D,
    DATE_TIME DATETIME NOT NULL,
    NET_LIQ_VALUE DECIMAL(15, 6) NOT NULL,
    SECURITIES_CURRENT_VALUE DECIMAL(15, 6) NOT NULL,
    CASH_BALANCE DECIMAL(15, 6) NOT NULL,
    MAINTENANCE_MARGIN DECIMAL(15, 6) NOT NULL,
    LEVERAGE DOUBLE NOT NULL,
    ALLOCATION DOUBLE NOT NULL,
    CASH_FLOW DECIMAL(15, 6),
    STRATEGY_FK INTEGER NOT NULL
);
ALTER TABLE PUBLIC."portfolio_value" ADD CONSTRAINT PUBLIC.CONSTRAINT_F PRIMARY KEY(ID);
-- 0 +/- SELECT COUNT(*) FROM PUBLIC."portfolio_value";
CREATE CACHED TABLE PUBLIC."position"(
    ID INTEGER NOT NULL,
    VERSION INTEGER NOT NULL,
    QUANTITY BIGINT NOT NULL,
    COST DOUBLE NOT NULL,
    REALIZED_P_L DOUBLE NOT NULL,
    EXIT_VALUE DECIMAL(15, 6),
    MAINTENANCE_MARGIN DECIMAL(15, 6),
    PERSISTENT TINYINT NOT NULL,
    STRATEGY_FK INTEGER NOT NULL,
    SECURITY_FK INTEGER NOT NULL
);
ALTER TABLE PUBLIC."position" ADD CONSTRAINT PUBLIC.CONSTRAINT_2C PRIMARY KEY(ID);
-- 0 +/- SELECT COUNT(*) FROM PUBLIC."position";
CREATE CACHED TABLE PUBLIC."property"(
    ID INTEGER DEFAULT (NEXT VALUE FOR PUBLIC.SYSTEM_SEQUENCE_09F200CD_CEE6_4996_A4FC_0705649327AB) NOT NULL NULL_TO_DEFAULT SEQUENCE PUBLIC.SYSTEM_SEQUENCE_09F200CD_CEE6_4996_A4FC_0705649327AB,
    VERSION INTEGER NOT NULL,
    NAME VARCHAR(255) NOT NULL,
    PERSISTENT TINYINT NOT NULL,
    INT_VALUE INTEGER,
    DOUBLE_VALUE DOUBLE,
    MONEY_VALUE DECIMAL(15, 6),
    TEXT_VALUE VARCHAR(255),
    DATE_VALUE DATETIME,
    BOOLEAN_VALUE TINYINT,
    PROPERTY_HOLDER_FK INTEGER NOT NULL
);
ALTER TABLE PUBLIC."property" ADD CONSTRAINT PUBLIC.CONSTRAINT_C4 PRIMARY KEY(ID);
-- 14 +/- SELECT COUNT(*) FROM PUBLIC."property";
INSERT INTO PUBLIC."property"(ID, VERSION, NAME, PERSISTENT, INT_VALUE, DOUBLE_VALUE, MONEY_VALUE, TEXT_VALUE, DATE_VALUE, BOOLEAN_VALUE, PROPERTY_HOLDER_FK) VALUES
(37, 0, 'minVolPct', 1, NULL, 0.2, NULL, NULL, NULL, NULL, 201),
(39, 0, 'maxVolPct', 1, NULL, 1.0, NULL, NULL, NULL, NULL, 201),
(40, 0, 'maxQuantity', 1, 20, NULL, NULL, NULL, NULL, NULL, 201),
(41, 0, 'minDuration', 1, NULL, 1.0, NULL, NULL, NULL, NULL, 201),
(42, 0, 'maxDuration', 1, NULL, 2.0, NULL, NULL, NULL, NULL, 201),
(43, 0, 'minDelay', 1, NULL, 2.0, NULL, NULL, NULL, NULL, 201),
(44, 0, 'maxDelay', 1, NULL, 3.0, NULL, NULL, NULL, NULL, 201),
(45, 0, 'minVolPct', 1, NULL, 0.2, NULL, NULL, NULL, NULL, 202),
(46, 0, 'maxVolPct', 1, NULL, 1.0, NULL, NULL, NULL, NULL, 202),
(47, 0, 'maxQuantity', 1, 100, NULL, NULL, NULL, NULL, NULL, 202),
(48, 0, 'minDuration', 1, NULL, 1.0, NULL, NULL, NULL, NULL, 202),
(49, 0, 'maxDuration', 1, NULL, 2.0, NULL, NULL, NULL, NULL, 202),
(50, 0, 'minDelay', 1, NULL, 10.0, NULL, NULL, NULL, NULL, 202),
(51, 0, 'maxDelay', 1, NULL, 20.0, NULL, NULL, NULL, NULL, 202);
CREATE CACHED TABLE PUBLIC."security"(
    ID INTEGER DEFAULT (NEXT VALUE FOR PUBLIC.SYSTEM_SEQUENCE_FB4FF6F7_60AC_429B_9C4F_48B49D19A87D) NOT NULL NULL_TO_DEFAULT SEQUENCE PUBLIC.SYSTEM_SEQUENCE_FB4FF6F7_60AC_429B_9C4F_48B49D19A87D,
    SYMBOL VARCHAR(255),
    ISIN VARCHAR(255),
    BBGID VARCHAR(255),
    RIC VARCHAR(255),
    CONID VARCHAR(255),
    UNDERLYING_FK INTEGER,
    SECURITY_FAMILY_FK INTEGER NOT NULL
);
ALTER TABLE PUBLIC."security" ADD CONSTRAINT PUBLIC.CONSTRAINT_38 PRIMARY KEY(ID);
-- 152 +/- SELECT COUNT(*) FROM PUBLIC."security";
INSERT INTO PUBLIC."security"(ID, SYMBOL, ISIN, BBGID, RIC, CONID, UNDERLYING_FK, SECURITY_FAMILY_FK) VALUES
(2, 'ESTX50', 'DE0009652396', NULL, NULL, '4356500', NULL, 4),
(3, 'V2TX', 'DE000A0C3QF1', NULL, NULL, '35913933', 2, 5),
(4, 'SMI', 'CH0008616382', NULL, NULL, '1328305', NULL, 1),
(5, 'V3X', 'CH0019900841', NULL, NULL, '35913404', 4, 2),
(6, 'CHFDOMDEP1W', 'CH0007475228', NULL, NULL, NULL, NULL, 7),
(7, 'CHFDOMDEP1M', 'CH0007473702', NULL, NULL, NULL, NULL, 7),
(8, 'EUR.CHF', 'EU0009654078', NULL, NULL, '12087817', NULL, 8),
(9, 'USD.CHF', 'XC0009652816', NULL, NULL, '12087820', NULL, 8),
(10, 'EUR.USD', 'EU0009652759', NULL, NULL, '12087792', NULL, 9),
(11, 'GBP.USD', 'GB0031973075', NULL, NULL, '12087797', NULL, 9),
(12, 'SPX', 'US78378X1072', NULL, NULL, '416904', NULL, 11),
(13, 'GF ES 1M', NULL, NULL, NULL, NULL, NULL, 12),
(14, 'GF LH 1M', NULL, NULL, NULL, NULL, NULL, 13),
(15, 'GF NG 1M', NULL, NULL, NULL, NULL, NULL, 14),
(21, 'UX1', 'UX1', NULL, NULL, NULL, 29, 21),
(22, 'UX2', 'UX2', NULL, NULL, NULL, 29, 21),
(23, 'UX3', 'UX3', NULL, NULL, NULL, 29, 21),
(24, 'UX4', 'UX4', NULL, NULL, NULL, 29, 21),
(25, 'UX5', 'UX5', NULL, NULL, NULL, 29, 21),
(26, 'UX6', 'UX6', NULL, NULL, NULL, 29, 21),
(27, 'UX7', 'UX7', NULL, NULL, NULL, 29, 21),
(28, 'UX8', 'UX8', NULL, NULL, NULL, 29, 21),
(29, 'VIX', 'XD0016891059', NULL, NULL, '13455763', 12, 20),
(30, 'IV SPX 12M C0', NULL, NULL, NULL, NULL, 12, 25),
(31, 'IV SPX 12M C5', NULL, NULL, NULL, NULL, 12, 25),
(32, 'IV SPX 12M C10', NULL, NULL, NULL, NULL, 12, 25),
(33, 'IV SPX 12M C20', NULL, NULL, NULL, NULL, 12, 25),
(34, 'IV SPX 18M C0', NULL, NULL, NULL, NULL, 12, 25),
(35, 'IV SPX 18M C5', NULL, NULL, NULL, NULL, 12, 25),
(36, 'IV SPX 18M C10', NULL, NULL, NULL, NULL, 12, 25),
(37, 'IV SPX 18M C20', NULL, NULL, NULL, NULL, 12, 25),
(40, 'GOOG', NULL, NULL, NULL, '30351181', NULL, 40),
(41, 'MMM', NULL, NULL, NULL, '9720', NULL, 41),
(42, 'AA', NULL, NULL, NULL, '4005', NULL, 41),
(43, 'AXP', NULL, NULL, NULL, '4721', NULL, 41),
(44, 'T', NULL, NULL, NULL, '37018770', NULL, 41),
(45, 'BAC', NULL, NULL, NULL, '10098', NULL, 41),
(46, 'BA', NULL, NULL, NULL, '4762', NULL, 41),
(47, 'CAT', NULL, NULL, NULL, '5437', NULL, 41),
(48, 'CVX', NULL, NULL, NULL, '5684', NULL, 41),
(49, 'CSCO', NULL, NULL, NULL, '268084', NULL, 40),
(50, 'KO', NULL, NULL, NULL, '8894', NULL, 41),
(51, 'DD', NULL, NULL, NULL, '6366', NULL, 41),
(52, 'XOM', NULL, NULL, NULL, '13977', NULL, 41),
(53, 'GE', NULL, NULL, NULL, '7516', NULL, 41),
(54, 'HPQ', NULL, NULL, NULL, '9042756', NULL, 41),
(55, 'HD', NULL, NULL, NULL, '7930', NULL, 41),
(56, 'INTC', NULL, NULL, NULL, '270639', NULL, 40),
(57, 'IBM', NULL, NULL, NULL, '8314', NULL, 41),
(58, 'JNJ', NULL, NULL, NULL, '8719', NULL, 41),
(59, 'JPM', NULL, NULL, NULL, '1520593', NULL, 41),
(61, 'MCD', NULL, NULL, NULL, '9408', NULL, 41),
(62, 'MRK', NULL, NULL, NULL, '70101545', NULL, 41),
(63, 'MSFT', NULL, NULL, NULL, '272093', NULL, 40),
(64, 'PFE', NULL, NULL, NULL, '11031', NULL, 41),
(65, 'PG', NULL, NULL, NULL, '11054', NULL, 41),
(66, 'TRV', NULL, NULL, NULL, '43150617', NULL, 41),
(67, 'UTX', NULL, NULL, NULL, '13364', NULL, 41),
(68, 'VZ', NULL, NULL, NULL, '4901', NULL, 41),
(69, 'WMT', NULL, NULL, NULL, '13824', NULL, 41),
(70, 'DIS', NULL, NULL, NULL, '6459', NULL, 41),
(71, 'ATVI', NULL, NULL, NULL, '52424577', NULL, 40),
(72, 'ADBE', NULL, NULL, NULL, '265768', NULL, 40),
(73, 'AKAM', NULL, NULL, NULL, '6220356', NULL, 40),
(74, 'ALXN', NULL, NULL, NULL, '4726176', NULL, 40),
(75, 'ALTR', NULL, NULL, NULL, '266088', NULL, 40),
(76, 'AMZN', NULL, NULL, NULL, '3691937', NULL, 40),
(77, 'AMGN', NULL, NULL, NULL, '266145', NULL, 40),
(78, 'APOL', NULL, NULL, NULL, '1448506', NULL, 40),
(79, 'AAPL', NULL, NULL, NULL, '265598', NULL, 40),
(80, 'AMAT', NULL, NULL, NULL, '266093', NULL, 40),
(81, 'ADSK', NULL, NULL, NULL, '265681', NULL, 40),
(82, 'ADP', NULL, NULL, NULL, '4661', NULL, 40),
(83, 'BIDU', NULL, NULL, NULL, '35359385', NULL, 40),
(84, 'BBBY', NULL, NULL, NULL, '266630', NULL, 40),
(85, 'BIIB', NULL, NULL, NULL, '26734397', NULL, 40);
INSERT INTO PUBLIC."security"(ID, SYMBOL, ISIN, BBGID, RIC, CONID, UNDERLYING_FK, SECURITY_FAMILY_FK) VALUES
(87, 'BRCM', NULL, NULL, NULL, '4457302', NULL, 40),
(88, 'CHRW', NULL, NULL, NULL, '36320731', NULL, 40),
(89, 'CA', NULL, NULL, NULL, '37875225', NULL, 40),
(90, 'CELG', NULL, NULL, NULL, '267455', NULL, 40),
(91, 'CERN', NULL, NULL, NULL, '267475', NULL, 40),
(92, 'CHKP', NULL, NULL, NULL, '4172987', NULL, 40),
(93, 'CTXS', NULL, NULL, NULL, '1767080', NULL, 40),
(94, 'CTSH', NULL, NULL, NULL, '4728759', NULL, 40),
(95, 'CMCSA', NULL, NULL, NULL, '267748', NULL, 40),
(96, 'COST', NULL, NULL, NULL, '272997', NULL, 40),
(97, 'CTRP', NULL, NULL, NULL, '27008785', NULL, 40),
(98, 'DELL', NULL, NULL, NULL, '268395', NULL, 40),
(99, 'XRAY', NULL, NULL, NULL, '276229', NULL, 40),
(100, 'DTV', NULL, NULL, NULL, '112929551', NULL, 40),
(101, 'DLTR', NULL, NULL, NULL, '49388062', NULL, 40),
(102, 'EBAY', NULL, NULL, NULL, '4347086', NULL, 40),
(104, 'EXPE', NULL, NULL, NULL, '98542021', NULL, 40),
(105, 'EXPD', NULL, NULL, NULL, '269082', NULL, 40),
(106, 'ESRX', NULL, NULL, NULL, '105430010', NULL, 40),
(107, 'FFIV', NULL, NULL, NULL, '6248713', NULL, 40),
(108, 'FAST', NULL, NULL, NULL, '269120', NULL, 40),
(109, 'FSLR', NULL, NULL, NULL, '41622169', NULL, 40),
(110, 'FISV', NULL, NULL, NULL, '269315', NULL, 40),
(111, 'FLEX', NULL, NULL, NULL, '4596077', NULL, 40),
(112, 'FLIR', NULL, NULL, NULL, '269345', NULL, 40),
(113, 'GRMN', NULL, NULL, NULL, '76791198', NULL, 40),
(114, 'GILD', NULL, NULL, NULL, '269753', NULL, 40),
(115, 'GMCR', NULL, NULL, NULL, '4812348', NULL, 40),
(116, 'HSIC', NULL, NULL, NULL, '3655640', NULL, 40),
(117, 'ILMN', NULL, NULL, NULL, '9869443', NULL, 40),
(118, 'INFY', NULL, NULL, NULL, '4813460', NULL, 40),
(119, 'INTU', NULL, NULL, NULL, '270662', NULL, 40),
(120, 'ISRG', NULL, NULL, NULL, '9063285', NULL, 40),
(122, 'KLAC', NULL, NULL, NULL, '270957', NULL, 40),
(123, 'LRCX', NULL, NULL, NULL, '271308', NULL, 40),
(124, 'LINTA', NULL, NULL, NULL, '39095938', NULL, 40),
(125, 'LIFE', NULL, NULL, NULL, '55997443', NULL, 40),
(126, 'LLTC', NULL, NULL, NULL, '271245', NULL, 40),
(127, 'MRVL', NULL, NULL, NULL, '9541678', NULL, 40),
(128, 'MAT', NULL, NULL, NULL, '9365', NULL, 40),
(129, 'MXIM', NULL, NULL, NULL, '272207', NULL, 40),
(130, 'MCHP', NULL, NULL, NULL, '271568', NULL, 40),
(131, 'MU', NULL, NULL, NULL, '9939', NULL, 40),
(132, 'MYL', NULL, NULL, NULL, '10041', NULL, 40),
(133, 'NTAP', NULL, NULL, NULL, '49921110', NULL, 40),
(134, 'NFLX', NULL, NULL, NULL, '15124833', NULL, 40),
(135, 'NWSA', NULL, NULL, NULL, '129348126', NULL, 40),
(136, 'NIHD', NULL, NULL, NULL, '17321975', NULL, 40),
(137, 'NVDA', NULL, NULL, NULL, '4815747', NULL, 40),
(138, 'ORLY', NULL, NULL, NULL, '82457808', NULL, 40),
(139, 'ORCL', NULL, NULL, NULL, '272800', NULL, 40),
(140, 'PCAR', NULL, NULL, NULL, '272992', NULL, 40),
(141, 'PAYX', NULL, NULL, NULL, '272942', NULL, 40),
(142, 'PCLN', NULL, NULL, NULL, '4651842', NULL, 40),
(143, 'QGEN', NULL, NULL, NULL, '7498692', NULL, 40),
(144, 'QCOM', NULL, NULL, NULL, '273544', NULL, 40),
(146, 'ROST', NULL, NULL, NULL, '273939', NULL, 40),
(147, 'SNDK', NULL, NULL, NULL, '2025886', NULL, 40),
(148, 'STX', NULL, NULL, NULL, '76915240', NULL, 40),
(149, 'SHLD', NULL, NULL, NULL, '18396910', NULL, 40),
(150, 'SIAL', NULL, NULL, NULL, '274345', NULL, 40),
(151, 'SIRI', NULL, NULL, NULL, '53069174', NULL, 40),
(152, 'SPLS', NULL, NULL, NULL, '274599', NULL, 40),
(153, 'SBUX', NULL, NULL, NULL, '274105', NULL, 40),
(154, 'SRCL', NULL, NULL, NULL, '6478100', NULL, 40),
(155, 'SYMC', NULL, NULL, NULL, '274925', NULL, 40),
(156, 'TEVA', NULL, NULL, NULL, '275085', NULL, 40),
(157, 'URBN', NULL, NULL, NULL, '275527', NULL, 40),
(158, 'VRSN', NULL, NULL, NULL, '4173050', NULL, 40),
(159, 'VRTX', NULL, NULL, NULL, '275850', NULL, 40),
(161, 'VOD', NULL, NULL, NULL, '40301814', NULL, 40),
(162, 'WCRX', NULL, NULL, NULL, '67558862', NULL, 40),
(163, 'WFM', NULL, NULL, NULL, '276024', NULL, 40),
(164, 'WYNN', NULL, NULL, NULL, '16454492', NULL, 40),
(165, 'XLNX', NULL, NULL, NULL, '276222', NULL, 40);
INSERT INTO PUBLIC."security"(ID, SYMBOL, ISIN, BBGID, RIC, CONID, UNDERLYING_FK, SECURITY_FAMILY_FK) VALUES
(166, 'YHOO', NULL, NULL, NULL, '3312890', NULL, 40);
CREATE CACHED TABLE PUBLIC."stock"(
    ID INTEGER NOT NULL,
    GICS VARCHAR(255)
);
ALTER TABLE PUBLIC."stock" ADD CONSTRAINT PUBLIC.CONSTRAINT_68 PRIMARY KEY(ID);
-- 121 +/- SELECT COUNT(*) FROM PUBLIC."stock";
INSERT INTO PUBLIC."stock"(ID, GICS) VALUES
(40, NULL),
(41, NULL),
(42, NULL),
(43, NULL),
(44, NULL),
(45, NULL),
(46, NULL),
(47, NULL),
(48, NULL),
(49, NULL),
(50, NULL),
(51, NULL),
(52, NULL),
(53, NULL),
(54, NULL),
(55, NULL),
(56, NULL),
(57, NULL),
(58, NULL),
(59, NULL),
(61, NULL),
(62, NULL),
(63, NULL),
(64, NULL),
(65, NULL),
(66, NULL),
(67, NULL),
(68, NULL),
(69, NULL),
(70, NULL),
(71, NULL),
(72, NULL),
(73, NULL),
(74, NULL),
(75, NULL),
(76, NULL),
(77, NULL),
(78, NULL),
(79, NULL),
(80, NULL),
(81, NULL),
(82, NULL),
(83, NULL),
(84, NULL),
(85, NULL),
(87, NULL),
(88, NULL),
(89, NULL),
(90, NULL),
(91, NULL),
(92, NULL),
(93, NULL),
(94, NULL),
(95, NULL),
(96, NULL),
(97, NULL),
(98, NULL),
(99, NULL),
(100, NULL),
(101, NULL),
(102, NULL),
(104, NULL),
(105, NULL),
(106, NULL),
(107, NULL),
(108, NULL),
(109, NULL),
(110, NULL),
(111, NULL),
(112, NULL),
(113, NULL),
(114, NULL),
(115, NULL),
(116, NULL),
(117, NULL),
(118, NULL),
(119, NULL),
(120, NULL),
(122, NULL),
(123, NULL),
(124, NULL),
(125, NULL),
(126, NULL),
(127, NULL),
(128, NULL),
(129, NULL),
(130, NULL),
(131, NULL),
(132, NULL),
(133, NULL),
(134, NULL),
(135, NULL),
(136, NULL),
(137, NULL),
(138, NULL),
(139, NULL),
(140, NULL),
(141, NULL),
(142, NULL),
(143, NULL),
(144, NULL),
(146, NULL),
(147, NULL),
(148, NULL),
(149, NULL),
(150, NULL),
(151, NULL),
(152, NULL),
(153, NULL),
(154, NULL),
(155, NULL),
(156, NULL),
(157, NULL),
(158, NULL),
(159, NULL),
(161, NULL),
(162, NULL),
(163, NULL),
(164, NULL),
(165, NULL),
(166, NULL);
CREATE CACHED TABLE PUBLIC."strategy"(
    ID INTEGER NOT NULL,
    VERSION INTEGER NOT NULL,
    NAME VARCHAR(255) NOT NULL,
    AUTO_ACTIVATE TINYINT NOT NULL,
    ALLOCATION DOUBLE NOT NULL,
    INIT_MODULES VARCHAR(255),
    RUN_MODULES VARCHAR(255)
);
ALTER TABLE PUBLIC."strategy" ADD CONSTRAINT PUBLIC.CONSTRAINT_6A8 PRIMARY KEY(ID);
-- 1 +/- SELECT COUNT(*) FROM PUBLIC."strategy";
INSERT INTO PUBLIC."strategy"(ID, VERSION, NAME, AUTO_ACTIVATE, ALLOCATION, INIT_MODULES, RUN_MODULES) VALUES
(1, 0, 'BASE', 1, 0.0, 'market-data,combination,current-values,market-data-simulation,trades,portfolio,performance,algo-slicing,market-data-ib', NULL);
CREATE CACHED TABLE PUBLIC."subscription"(
    ID INTEGER NOT NULL,
    VERSION INTEGER NOT NULL,
    PERSISTENT TINYINT NOT NULL,
    STRATEGY_FK INTEGER NOT NULL,
    SECURITY_FK INTEGER NOT NULL
);
ALTER TABLE PUBLIC."subscription" ADD CONSTRAINT PUBLIC.CONSTRAINT_14 PRIMARY KEY(ID);
-- 1 +/- SELECT COUNT(*) FROM PUBLIC."subscription";
INSERT INTO PUBLIC."subscription"(ID, VERSION, PERSISTENT, STRATEGY_FK, SECURITY_FK) VALUES
(101, 0, 1, 1, 10);
CREATE CACHED TABLE PUBLIC."tick"(
    ID INTEGER NOT NULL,
    DATE_TIME DATETIME NOT NULL,
    VOL INTEGER NOT NULL,
    SECURITY_FK INTEGER NOT NULL,
    LAST DECIMAL(15, 6),
    LAST_DATE_TIME DATETIME,
    BID DECIMAL(15, 6),
    ASK DECIMAL(15, 6),
    VOL_BID INTEGER NOT NULL,
    VOL_ASK INTEGER NOT NULL
);
ALTER TABLE PUBLIC."tick" ADD CONSTRAINT PUBLIC.CONSTRAINT_36 PRIMARY KEY(ID);
-- 3 +/- SELECT COUNT(*) FROM PUBLIC."tick";
INSERT INTO PUBLIC."tick"(ID, DATE_TIME, VOL, SECURITY_FK, LAST, LAST_DATE_TIME, BID, ASK, VOL_BID, VOL_ASK) VALUES
(1, TIMESTAMP '2000-01-01 00:00:00.0', 0, 8, NULL, NULL, 1.000000, 1.000000, 0, 0),
(2, TIMESTAMP '2000-01-01 00:00:00.0', 0, 9, NULL, NULL, 1.000000, 1.000000, 0, 0),
(3, TIMESTAMP '2000-01-01 00:00:00.0', 0, 10, NULL, NULL, 1.000000, 1.000000, 0, 0);
CREATE CACHED TABLE PUBLIC."transaction"(
    ID INTEGER DEFAULT (NEXT VALUE FOR PUBLIC.SYSTEM_SEQUENCE_4BB3DCE8_7388_452F_B8A3_CAC7D946145D) NOT NULL NULL_TO_DEFAULT SEQUENCE PUBLIC.SYSTEM_SEQUENCE_4BB3DCE8_7388_452F_B8A3_CAC7D946145D,
    DATE_TIME DATETIME NOT NULL,
    SETTLEMENT_DATE DATETIME,
    EXT_ID VARCHAR(255),
    QUANTITY BIGINT NOT NULL,
    PRICE DECIMAL(15, 6) NOT NULL,
    EXECUTION_COMMISSION DECIMAL(15, 6),
    CLEARING_COMMISSION DECIMAL(15, 6),
    CURRENCY VARCHAR(255) NOT NULL,
    TYPE VARCHAR(255) NOT NULL,
    DESCRIPTION VARCHAR(255),
    ACCOUNT_FK INTEGER,
    POSITION_FK INTEGER,
    SECURITY_FK INTEGER,
    STRATEGY_FK INTEGER NOT NULL
);
ALTER TABLE PUBLIC."transaction" ADD CONSTRAINT PUBLIC.CONSTRAINT_7F PRIMARY KEY(ID);
-- 1 +/- SELECT COUNT(*) FROM PUBLIC."transaction";
INSERT INTO PUBLIC."transaction"(ID, DATE_TIME, SETTLEMENT_DATE, EXT_ID, QUANTITY, PRICE, EXECUTION_COMMISSION, CLEARING_COMMISSION, CURRENCY, TYPE, DESCRIPTION, ACCOUNT_FK, POSITION_FK, SECURITY_FK, STRATEGY_FK) VALUES
(1, TIMESTAMP '2012-08-16 00:00:00.0', NULL, NULL, 1, 1000000.000000, NULL, NULL, 'USD', 'CREDIT', NULL, NULL, NULL, NULL, 1);
ALTER TABLE PUBLIC."security" ADD CONSTRAINT PUBLIC.CONSTRAINT_389277 UNIQUE(RIC);
ALTER TABLE PUBLIC."account" ADD CONSTRAINT PUBLIC.CONSTRAINT_B9D3 UNIQUE(EXT_ACCOUNT_GROUP);
ALTER TABLE PUBLIC."security" ADD CONSTRAINT PUBLIC.CONSTRAINT_389 UNIQUE(SYMBOL);
ALTER TABLE PUBLIC."security" ADD CONSTRAINT PUBLIC.CONSTRAINT_38927 UNIQUE(BBGID);
ALTER TABLE PUBLIC."transaction" ADD CONSTRAINT PUBLIC.CONSTRAINT_7FA UNIQUE(EXT_ID);
ALTER TABLE PUBLIC."strategy" ADD CONSTRAINT PUBLIC.CONSTRAINT_6A UNIQUE(NAME);
ALTER TABLE PUBLIC."account" ADD CONSTRAINT PUBLIC.CONSTRAINT_B9D UNIQUE(EXT_ACCOUNT);
ALTER TABLE PUBLIC."security" ADD CONSTRAINT PUBLIC.CONSTRAINT_3892 UNIQUE(ISIN);
ALTER TABLE PUBLIC."security" ADD CONSTRAINT PUBLIC.CONSTRAINT_3892774 UNIQUE(CONID);
ALTER TABLE PUBLIC."account" ADD CONSTRAINT PUBLIC.CONSTRAINT_B9D38A UNIQUE(EXT_CLEARING_ACCOUNT);
ALTER TABLE PUBLIC."account" ADD CONSTRAINT PUBLIC.CONSTRAINT_B9D38 UNIQUE(EXT_ALLOCATION_PROFILE);
ALTER TABLE PUBLIC."commodity" ADD CONSTRAINT PUBLIC.CONSTRAINT_A UNIQUE(TYPE);
ALTER TABLE PUBLIC."bond" ADD CONSTRAINT PUBLIC.CONSTRAINT_2 UNIQUE(COUPON);
ALTER TABLE PUBLIC."account" ADD CONSTRAINT PUBLIC.CONSTRAINT_B9 UNIQUE(NAME);
ALTER TABLE PUBLIC."order_preference" ADD CONSTRAINT PUBLIC.CONSTRAINT_7 UNIQUE(NAME);
ALTER TABLE PUBLIC."bar" ADD CONSTRAINT PUBLIC.CONSTRAINT_1 UNIQUE(BAR_SIZE);
ALTER TABLE PUBLIC."transaction" ADD CONSTRAINT PUBLIC.TRANSACTION_STRATEGY_FKC FOREIGN KEY(STRATEGY_FK) REFERENCES PUBLIC."strategy"(ID) NOCHECK;
ALTER TABLE PUBLIC."position" ADD CONSTRAINT PUBLIC.POSITION_STRATEGY_FKC FOREIGN KEY(STRATEGY_FK) REFERENCES PUBLIC."strategy"(ID) NOCHECK;
ALTER TABLE PUBLIC."order_preference" ADD CONSTRAINT PUBLIC.ORDER_PREFERENCE_DEFAULT_ACCOC FOREIGN KEY(DEFAULT_ACCOUNT_FK) REFERENCES PUBLIC."account"(ID) NOCHECK;
ALTER TABLE PUBLIC."allocation" ADD CONSTRAINT PUBLIC.ALLOCATION_ACCOUNT_FKC FOREIGN KEY(ACCOUNT_FK) REFERENCES PUBLIC."account"(ID) NOCHECK;
ALTER TABLE PUBLIC."generic_future_family" ADD CONSTRAINT PUBLIC.GENERIC_FUTURE_FAMILYIFKC FOREIGN KEY(ID) REFERENCES PUBLIC."security_family"(ID) NOCHECK;
ALTER TABLE PUBLIC."default_order_preference" ADD CONSTRAINT PUBLIC.DEFAULT_ORDER_PREFERENCE_SECUC FOREIGN KEY(SECURITY_FAMILY_FK) REFERENCES PUBLIC."security_family"(ID) NOCHECK;
ALTER TABLE PUBLIC."index" ADD CONSTRAINT PUBLIC.INDEXIFKC FOREIGN KEY(ID) REFERENCES PUBLIC."security"(ID) NOCHECK;
ALTER TABLE PUBLIC."future_family" ADD CONSTRAINT PUBLIC.FUTURE_FAMILYIFKC FOREIGN KEY(ID) REFERENCES PUBLIC."security_family"(ID) NOCHECK;
ALTER TABLE PUBLIC."implied_volatility" ADD CONSTRAINT PUBLIC.IMPLIED_VOLATILITYIFKC FOREIGN KEY(ID) REFERENCES PUBLIC."security"(ID) NOCHECK;
ALTER TABLE PUBLIC."stock" ADD CONSTRAINT PUBLIC.STOCKIFKC FOREIGN KEY(ID) REFERENCES PUBLIC."security"(ID) NOCHECK;
ALTER TABLE PUBLIC."portfolio_value" ADD CONSTRAINT PUBLIC.PORTFOLIO_VALUE_STRATEGY_FKC FOREIGN KEY(STRATEGY_FK) REFERENCES PUBLIC."strategy"(ID) NOCHECK;
ALTER TABLE PUBLIC."security_family" ADD CONSTRAINT PUBLIC.SECURITY_FAMILY_UNDERLYING_FKC FOREIGN KEY(UNDERLYING_FK) REFERENCES PUBLIC."security"(ID) NOCHECK;
ALTER TABLE PUBLIC."position" ADD CONSTRAINT PUBLIC.POSITION_SECURITY_FKC FOREIGN KEY(SECURITY_FK) REFERENCES PUBLIC."security"(ID) NOCHECK;
ALTER TABLE PUBLIC."option_family" ADD CONSTRAINT PUBLIC.OPTION_FAMILYIFKC FOREIGN KEY(ID) REFERENCES PUBLIC."security_family"(ID) NOCHECK;
ALTER TABLE PUBLIC."generic_future" ADD CONSTRAINT PUBLIC.GENERIC_FUTUREIFKC FOREIGN KEY(ID) REFERENCES PUBLIC."security"(ID) NOCHECK;
ALTER TABLE PUBLIC."intrest_rate" ADD CONSTRAINT PUBLIC.INTREST_RATEIFKC FOREIGN KEY(ID) REFERENCES PUBLIC."security"(ID) NOCHECK;
ALTER TABLE PUBLIC."forex" ADD CONSTRAINT PUBLIC.FOREXIFKC FOREIGN KEY(ID) REFERENCES PUBLIC."security"(ID) NOCHECK;
ALTER TABLE PUBLIC."cash_balance" ADD CONSTRAINT PUBLIC.CASH_BALANCE_STRATEGY_FKC FOREIGN KEY(STRATEGY_FK) REFERENCES PUBLIC."strategy"(ID) NOCHECK;
ALTER TABLE PUBLIC."future" ADD CONSTRAINT PUBLIC.FUTUREIFKC FOREIGN KEY(ID) REFERENCES PUBLIC."security"(ID) NOCHECK;
ALTER TABLE PUBLIC."measurement" ADD CONSTRAINT PUBLIC.MEASUREMENT_STRATEGY_FKC FOREIGN KEY(STRATEGY_FK) REFERENCES PUBLIC."strategy"(ID) NOCHECK;
ALTER TABLE PUBLIC."transaction" ADD CONSTRAINT PUBLIC.TRANSACTION_POSITION_FKC FOREIGN KEY(POSITION_FK) REFERENCES PUBLIC."position"(ID) NOCHECK;
ALTER TABLE PUBLIC."component" ADD CONSTRAINT PUBLIC.COMPONENT_SECURITY_FKC FOREIGN KEY(SECURITY_FK) REFERENCES PUBLIC."security"(ID) NOCHECK;
ALTER TABLE PUBLIC."transaction" ADD CONSTRAINT PUBLIC.TRANSACTION_SECURITY_FKC FOREIGN KEY(SECURITY_FK) REFERENCES PUBLIC."security"(ID) NOCHECK;
ALTER TABLE PUBLIC."fund" ADD CONSTRAINT PUBLIC.FUNDIFKC FOREIGN KEY(ID) REFERENCES PUBLIC."security"(ID) NOCHECK;
ALTER TABLE PUBLIC."security" ADD CONSTRAINT PUBLIC.SECURITY_UNDERLYING_FKC FOREIGN KEY(UNDERLYING_FK) REFERENCES PUBLIC."security"(ID) NOCHECK;
ALTER TABLE PUBLIC."bond_family" ADD CONSTRAINT PUBLIC.BOND_FAMILYIFKC FOREIGN KEY(ID) REFERENCES PUBLIC."security_family"(ID) NOCHECK;
ALTER TABLE PUBLIC."tick" ADD CONSTRAINT PUBLIC.MARKET_DATA_EVENT_SECURITY_FKC36519D FOREIGN KEY(SECURITY_FK) REFERENCES PUBLIC."security"(ID) NOCHECK;
ALTER TABLE PUBLIC."default_order_preference" ADD CONSTRAINT PUBLIC.DEFAULT_ORDER_PREFERENCE_STRAC FOREIGN KEY(STRATEGY_FK) REFERENCES PUBLIC."strategy"(ID) NOCHECK;
ALTER TABLE PUBLIC."subscription" ADD CONSTRAINT PUBLIC.SUBSCRIPTION_STRATEGY_FKC FOREIGN KEY(STRATEGY_FK) REFERENCES PUBLIC."strategy"(ID) NOCHECK;
ALTER TABLE PUBLIC."combination" ADD CONSTRAINT PUBLIC.COMBINATIONIFKC FOREIGN KEY(ID) REFERENCES PUBLIC."security"(ID) NOCHECK;
ALTER TABLE PUBLIC."subscription" ADD CONSTRAINT PUBLIC.SUBSCRIPTION_SECURITY_FKC FOREIGN KEY(SECURITY_FK) REFERENCES PUBLIC."security"(ID) NOCHECK;
ALTER TABLE PUBLIC."security" ADD CONSTRAINT PUBLIC.SECURITY_SECURITY_FAMILY_FKC FOREIGN KEY(SECURITY_FAMILY_FK) REFERENCES PUBLIC."security_family"(ID) NOCHECK;
ALTER TABLE PUBLIC."option" ADD CONSTRAINT PUBLIC.OPTIONIFKC FOREIGN KEY(ID) REFERENCES PUBLIC."security"(ID) NOCHECK;
ALTER TABLE PUBLIC."bond" ADD CONSTRAINT PUBLIC.BONDIFKC FOREIGN KEY(ID) REFERENCES PUBLIC."security"(ID) NOCHECK;
ALTER TABLE PUBLIC."transaction" ADD CONSTRAINT PUBLIC.TRANSACTION_ACCOUNT_FKC FOREIGN KEY(ACCOUNT_FK) REFERENCES PUBLIC."account"(ID) NOCHECK;
ALTER TABLE PUBLIC."broker_parameters" ADD CONSTRAINT PUBLIC.BROKER_PARAMETERS_SECURITY_FAC FOREIGN KEY(SECURITY_FAMILY_FK) REFERENCES PUBLIC."security_family"(ID) NOCHECK;
ALTER TABLE PUBLIC."bar" ADD CONSTRAINT PUBLIC.MARKET_DATA_EVENT_SECURITY_FKC17C13 FOREIGN KEY(SECURITY_FK) REFERENCES PUBLIC."security"(ID) NOCHECK;
ALTER TABLE PUBLIC."commodity" ADD CONSTRAINT PUBLIC.COMMODITYIFKC FOREIGN KEY(ID) REFERENCES PUBLIC."security"(ID) NOCHECK;
ALTER TABLE PUBLIC."allocation" ADD CONSTRAINT PUBLIC.ALLOCATION_ORDER_PREFERENCE_FC FOREIGN KEY(ORDER_PREFERENCE_FK) REFERENCES PUBLIC."order_preference"(ID) NOCHECK;
ALTER TABLE PUBLIC."component" ADD CONSTRAINT PUBLIC.COMPONENT_COMBINATION_FKC FOREIGN KEY(COMBINATION_FK) REFERENCES PUBLIC."combination"(ID) NOCHECK;
ALTER TABLE PUBLIC."default_order_preference" ADD CONSTRAINT PUBLIC.DEFAULT_ORDER_PREFERENCE_ORDEC FOREIGN KEY(ORDER_PREFERENCE_FK) REFERENCES PUBLIC."order_preference"(ID) NOCHECK;
