INSERT INTO `account` (`ID`, `NAME`, `ACTIVE`, `BROKER`, `ORDER_SERVICE_TYPE`, `SESSION_QUALIFIER`, `EXT_ACCOUNT`, `EXT_ACCOUNT_GROUP`, `EXT_ALLOCATION_PROFILE`, `EXT_CLEARING_ACCOUNT`) VALUES
  (100,'IB_NATIVE_TEST',0,'IB','IB_NATIVE',NULL,'DU127027',NULL,NULL,NULL),
  (101,'IB_FIX_TEST',0,'IB','IB_FIX','IBFT',NULL,NULL,NULL,NULL),
  (103,'DC_TEST',0,'DC','DC_FIX','DCT',NULL,NULL,NULL,NULL),
  (104,'JPM_TEST',0,'JPM','JPM_FIX','JPMT',NULL,NULL,NULL,NULL),
  (105,'RT_TEST',0,'RT','RT_FIX','RTT',NULL,NULL,NULL,NULL),
  (106,'LMAX_TEST',0,'LMAX','LMAX_FIX','LMAXT',NULL,NULL,NULL,NULL),
  (107,'FXCM_TEST',0,'FXCM','FXCM_FIX','FXCM','01727399',NULL,NULL,NULL),
  (108,'CNX_TEST',0,'CNX','CNX_FIX','CNXT',NULL,NULL,NULL,NULL);

INSERT INTO `exchange` (`ID`, `NAME`, `IB_CODE`, `TIME_ZONE`) VALUES 
  (1,'IDEALPRO','IDEALPRO','US/Eastern'),
  (2,'SMART','SMART','US/Eastern'),
  (100,'GLOBEX','GLOBEX','America/Chicago'),
  (101,'ECBOT','ECBOT','America/Chicago'),
  (102,'NYMEX','NYMEX','America/New_York'),
  (103,'ICEUS','ICEUS','America/New_York'),
  (104,'FTA','FTA','Europe/Amsterdam'),
  (105,'MONEP','MONEP','Europe/Paris'),
  (106,'DTB','DTB','Europe/Berlin'),
  (107,'MEFFRV','MEFFRV','Europe/Madrid'),
  (108,'IDEM','IDEM','Europe/Rome'),
  (109,'ICEEU','ICEEU','Europe/London'),
  (110,'OMS','OMS','Europe/Stockholm'),
  (111,'SOFFEX','SOFFEX','Europe/Zurich'),
  (112,'SGX','SGX','Asia/Singapor'),
  (113,'CDE','CDE','America/Montreal'),
  (114,'HKFE','HKFE','Asia/Hong_Kong'),
  (115,'OSE.JPN','OSE.JPN','Asia/Tokyo'),
  (116,'SNFE','SNFE','Australia/Sydney'),
  (117,'IPE','IPE','America/New_York'),
  (118,'NYBOT','NYBOT','America/New_York'),
  (119,'MATIF','MATIF','Europe/Paris');

INSERT INTO `order_preference` (`ID`, `NAME`, `ORDER_TYPE`, `DEFAULT_ACCOUNT_FK`, `VERSION`) VALUES
  (201,'SLICING','SLICING',100,0),
  (202,'DEFAULT','MARKET',100,0);

INSERT INTO `property` (`ID`, `NAME`, `PERSISTENT`, `INT_VALUE`, `DOUBLE_VALUE`, `MONEY_VALUE`, `TEXT_VALUE`, `DATE_TIME_VALUE`, `BOOLEAN_VALUE`, `PROPERTY_HOLDER_FK`, `VERSION`) VALUES 
  (37,'minVolPct',1,NULL,0.2,NULL,NULL,NULL,NULL,201,0),
  (39,'maxVolPct',1,NULL,1,NULL,NULL,NULL,NULL,201,0),
  (40,'maxQuantity',1,20,NULL,NULL,NULL,NULL,NULL,201,0),
  (41,'minDuration',1,NULL,1,NULL,NULL,NULL,NULL,201,0),
  (42,'maxDuration',1,NULL,2,NULL,NULL,NULL,NULL,201,0),
  (43,'minDelay',1,NULL,2,NULL,NULL,NULL,NULL,201,0),
  (44,'maxDelay',1,NULL,3,NULL,NULL,NULL,NULL,201,0);

INSERT INTO `security_family` (`ID`, `CLASS`, `NAME`, `SYMBOL_ROOT`, `ISIN_ROOT`, `RIC_ROOT`, `CURRENCY`, `CONTRACT_SIZE`, `SCALE`, `TICK_SIZE_PATTERN`, `EXECUTION_COMMISSION`, `CLEARING_COMMISSION`, `FEE`, `TRADEABLE`, `SYNTHETIC`, `PERIODICITY`, `MAX_GAP`, `UNDERLYING_FK`, `EXCHANGE_FK`, `INTREST`, `DIVIDEND`, `EXPIRATION_TYPE`, `EXPIRATION_DISTANCE`, `STRIKE_DISTANCE`, `WEEKLY`, `MATURITY_DISTANCE`, `LENGTH`, `QUOTATION_STYLE`) VALUES
  (1,'SecurityFamilyImpl','CAD FX',NULL,NULL,NULL,'CAD',1,5,'0<0.00001',0.00,NULL,NULL,'','\0',NULL,NULL,NULL,1,NULL,NULL,NULL,NULL,NULL,NULL,NULL,NULL,NULL),
  (2,'SecurityFamilyImpl','CHF FX',NULL,NULL,NULL,'CHF',1,5,'0<0.00001',0.00,NULL,NULL,'','\0',NULL,NULL,NULL,1,NULL,NULL,NULL,NULL,NULL,NULL,NULL,NULL,NULL),
  (3,'SecurityFamilyImpl','JPY FX',NULL,NULL,NULL,'JPY',1,5,'0<0.001',0.00,NULL,NULL,'','\0',NULL,NULL,NULL,1,NULL,NULL,NULL,NULL,NULL,NULL,NULL,NULL,NULL),
  (4,'SecurityFamilyImpl','NZD FX',NULL,NULL,NULL,'NZD',1,5,'0<0.00001',0.00,NULL,NULL,'','\0',NULL,NULL,NULL,1,NULL,NULL,NULL,NULL,NULL,NULL,NULL,NULL,NULL),
  (5,'SecurityFamilyImpl','USD FX',NULL,NULL,NULL,'USD',1,5,'0<0.00001',0.00,NULL,NULL,'','\0',NULL,NULL,NULL,1,NULL,NULL,NULL,NULL,NULL,NULL,NULL,NULL,NULL),
  (6,'SecurityFamilyImpl','AUD FX',NULL,NULL,NULL,'AUD',1,5,'0<0.00001',0.00,NULL,NULL,'','\0',NULL,NULL,NULL,1,NULL,NULL,NULL,NULL,NULL,NULL,NULL,NULL,NULL),
  (7,'SecurityFamilyImpl','GBP FX',NULL,NULL,NULL,'GBP',1,5,'0<0.00001',0.00,NULL,NULL,'','\0',NULL,NULL,NULL,1,NULL,NULL,NULL,NULL,NULL,NULL,NULL,NULL,NULL),
  (8,'SecurityFamilyImpl','PLN FX',NULL,NULL,NULL,'PLN',1,5,'0<0.00001',0.00,NULL,NULL,'','\0',NULL,NULL,NULL,1,NULL,NULL,NULL,NULL,NULL,NULL,NULL,NULL,NULL),
  (9,'SecurityFamilyImpl','RUB FX',NULL,NULL,NULL,'RUB',1,5,'0<0.00001',0.00,NULL,NULL,'','\0',NULL,NULL,NULL,1,NULL,NULL,NULL,NULL,NULL,NULL,NULL,NULL,NULL),
  (10,'SecurityFamilyImpl','HKD FX',NULL,NULL,NULL,'HKD',1,5,'0<0.00001',0.00,NULL,NULL,'','\0',NULL,NULL,NULL,1,NULL,NULL,NULL,NULL,NULL,NULL,NULL,NULL,NULL),
  (40,'SecurityFamilyImpl','S&P 500 Stocks',NULL,NULL,NULL,'USD',1,2,'0<0.01',0.00,NULL,NULL,'','\0','MIN',NULL,NULL,2,NULL,NULL,NULL,NULL,NULL,NULL,NULL,NULL,NULL),
  (100,'FutureFamilyImpl','BRLUSD','BRE',NULL,NULL,'USD',100000,5,'0<0.00005',0.00,0.00,NULL,'','\0',NULL,NULL,NULL,100,0,0,'NEXT_3_RD_FRIDAY','MONTH_1',NULL,NULL,NULL,1,NULL),
  (101,'FutureFamilyImpl','CZKEUR','ECK',NULL,NULL,'EUR',4000000,6,'0<0.000002',0.00,0.00,NULL,'','\0',NULL,NULL,NULL,100,0,0,'NEXT_3_RD_FRIDAY','MONTH_1',NULL,NULL,NULL,1,NULL),
  (102,'FutureFamilyImpl','HUFEUR','EHF',NULL,NULL,'EUR',30000000,7,'0<0.0000002',0.00,0.00,NULL,'','\0',NULL,NULL,NULL,100,0,0,'NEXT_3_RD_FRIDAY','MONTH_1',NULL,NULL,NULL,1,NULL),
  (103,'FutureFamilyImpl','ILSUSD','ILS',NULL,NULL,'USD',1000000,5,'0<0.00001',0.00,0.00,NULL,'','\0',NULL,NULL,NULL,100,0,0,'NEXT_3_RD_FRIDAY','MONTH_1',NULL,NULL,NULL,1,NULL),
  (104,'FutureFamilyImpl','KRWUSD','KRW',NULL,NULL,'USD',125000000,7,'0<0.0000001',0.00,0.00,NULL,'','\0',NULL,NULL,NULL,100,0,0,'NEXT_3_RD_FRIDAY','MONTH_1',NULL,NULL,NULL,1,NULL),
  (105,'FutureFamilyImpl','MXNUSD','MXP',NULL,NULL,'USD',500000,5,'0<0.00001',0.00,0.00,NULL,'','\0',NULL,NULL,NULL,100,0,0,'NEXT_3_RD_FRIDAY','MONTH_1',NULL,NULL,NULL,1,NULL),
  (106,'FutureFamilyImpl','PLNEUR','EPZ',NULL,NULL,'EUR',500000,5,'0<0.00002',0.00,0.00,NULL,'','\0',NULL,NULL,NULL,100,0,0,'NEXT_3_RD_FRIDAY','MONTH_1',NULL,NULL,NULL,1,NULL),
  (107,'FutureFamilyImpl','RUBUSD','RUR',NULL,NULL,'USD',2500000,6,'0<0.000005',0.00,0.00,NULL,'','\0',NULL,NULL,NULL,100,0,0,'NEXT_3_RD_FRIDAY','MONTH_1',NULL,NULL,NULL,1,NULL),
  (108,'FutureFamilyImpl','ZARUSD','ZAR',NULL,NULL,'USD',500000,6,'0<0.000025',0.00,0.00,NULL,'','\0',NULL,NULL,NULL,100,0,0,'NEXT_3_RD_FRIDAY','MONTH_1',NULL,NULL,NULL,1,NULL),
  (109,'FutureFamilyImpl','AUDCAD','ACD',NULL,NULL,'CAD',200000,4,'0<0.0001',0.00,0.00,NULL,'','\0',NULL,NULL,NULL,100,0,0,'NEXT_3_RD_FRIDAY','MONTH_1',NULL,NULL,NULL,1,NULL),
  (110,'FutureFamilyImpl','AUDJPY','AJY',NULL,NULL,'JPY',200000,3,'0<0.005',0.00,0.00,NULL,'','\0',NULL,NULL,NULL,100,0,0,'NEXT_3_RD_FRIDAY','MONTH_1',NULL,NULL,NULL,1,NULL),
  (111,'FutureFamilyImpl','AUDUSD','AUD',NULL,NULL,'USD',100000,4,'0<0.0001',0.00,0.00,NULL,'','\0',NULL,NULL,NULL,100,0,0,'NEXT_3_RD_FRIDAY','MONTH_1',NULL,NULL,NULL,1,NULL),
  (112,'FutureFamilyImpl','CADUSD','CAD',NULL,NULL,'USD',100000,4,'0<0.0001',0.00,0.00,NULL,'','\0',NULL,NULL,NULL,100,0,0,'NEXT_3_RD_FRIDAY','MONTH_1',NULL,NULL,NULL,1,NULL),
  (113,'FutureFamilyImpl','CADJPY','CJY',NULL,NULL,'JPY',200000,2,'0<0.01',0.00,0.00,NULL,'','\0',NULL,NULL,NULL,100,0,0,'NEXT_3_RD_FRIDAY','MONTH_1',NULL,NULL,NULL,1,NULL),
  (114,'FutureFamilyImpl','CHFJPY','SJY',NULL,NULL,'JPY',250000,3,'0<0.005',0.00,0.00,NULL,'','\0',NULL,NULL,NULL,100,0,0,'NEXT_3_RD_FRIDAY','MONTH_1',NULL,NULL,NULL,1,NULL),
  (115,'FutureFamilyImpl','CHFUSD','CHF',NULL,NULL,'USD',125000,4,'0<0.0001',0.00,0.00,NULL,'','\0',NULL,NULL,NULL,100,0,0,'NEXT_3_RD_FRIDAY','MONTH_1',NULL,NULL,NULL,1,NULL),
  (116,'FutureFamilyImpl','EURAUD','EAD',NULL,NULL,'AUD',125000,4,'0<0.0001',0.00,0.00,NULL,'','\0',NULL,NULL,NULL,100,0,0,'NEXT_3_RD_FRIDAY','MONTH_1',NULL,NULL,NULL,1,NULL),
  (117,'FutureFamilyImpl','EURCAD','ECD',NULL,NULL,'CAD',125000,5,'0<0.0001',0.00,0.00,NULL,'','\0',NULL,NULL,NULL,100,0,0,'NEXT_3_RD_FRIDAY','MONTH_1',NULL,NULL,NULL,1,NULL),
  (118,'FutureFamilyImpl','EURCHF','RF',NULL,NULL,'CHF',125000,4,'0<0.0001',0.00,0.00,NULL,'','\0',NULL,NULL,NULL,100,0,0,'NEXT_3_RD_FRIDAY','MONTH_1',NULL,NULL,NULL,1,NULL),
  (119,'FutureFamilyImpl','EURGBP','RP',NULL,NULL,'GBP',125000,5,'0<0.00005',0.00,0.00,NULL,'','\0',NULL,NULL,NULL,100,0,0,'NEXT_3_RD_FRIDAY','MONTH_1',NULL,NULL,NULL,1,NULL),
  (120,'FutureFamilyImpl','EURJPY','RY',NULL,NULL,'JPY',125000,2,'0<0.01',0.00,0.00,NULL,'','\0',NULL,NULL,NULL,100,0,0,'NEXT_3_RD_FRIDAY','MONTH_1',NULL,NULL,NULL,1,NULL),
  (121,'FutureFamilyImpl','EURSEK','ESK',NULL,NULL,'SEK',125000,5,'0<0.00025',0.00,0.00,NULL,'','\0',NULL,NULL,NULL,100,0,0,'NEXT_3_RD_FRIDAY','MONTH_1',NULL,NULL,NULL,1,NULL),
  (122,'FutureFamilyImpl','EURUSD','EUR',NULL,NULL,'USD',125000,4,'0<0.0001',0.00,0.00,NULL,'','\0',NULL,NULL,NULL,100,0,0,'NEXT_3_RD_FRIDAY','MONTH_1',NULL,NULL,NULL,1,NULL),
  (123,'FutureFamilyImpl','GBPCHF','PSF',NULL,NULL,'CHF',125000,4,'0<0.0001',0.00,0.00,NULL,'','\0',NULL,NULL,NULL,100,0,0,'NEXT_3_RD_FRIDAY','MONTH_1',NULL,NULL,NULL,1,NULL),
  (124,'FutureFamilyImpl','GBPJPY','PJY',NULL,NULL,'JPY',125000,2,'0<0.01',0.00,0.00,NULL,'','\0',NULL,NULL,NULL,100,0,0,'NEXT_3_RD_FRIDAY','MONTH_1',NULL,NULL,NULL,1,NULL),
  (125,'FutureFamilyImpl','GBPUSD','GBP',NULL,NULL,'USD',62500,4,'0<0.0001',0.00,0.00,NULL,'','\0',NULL,NULL,NULL,100,0,0,'NEXT_3_RD_FRIDAY','MONTH_1',NULL,NULL,NULL,1,NULL),
  (126,'FutureFamilyImpl','JPYUSD','JPY',NULL,NULL,'USD',12500000,6,'0<0.000001',0.00,0.00,NULL,'','\0',NULL,NULL,NULL,100,0,0,'NEXT_3_RD_FRIDAY','MONTH_1',NULL,NULL,NULL,1,NULL),
  (127,'FutureFamilyImpl','NOKUSD','NOK',NULL,NULL,'USD',2000000,5,'0<0.00001',0.00,0.00,NULL,'','\0',NULL,NULL,NULL,100,0,0,'NEXT_3_RD_FRIDAY','MONTH_1',NULL,NULL,NULL,1,NULL),
  (128,'FutureFamilyImpl','NZDUSD','NZD',NULL,NULL,'USD',100000,4,'0<0.0001',0.00,0.00,NULL,'','\0',NULL,NULL,NULL,100,0,0,'NEXT_3_RD_FRIDAY','MONTH_1',NULL,NULL,NULL,1,NULL),
  (129,'FutureFamilyImpl','SEKUSD','SEK',NULL,NULL,'USD',2000000,5,'0<0.00001',0.00,0.00,NULL,'','\0',NULL,NULL,NULL,100,0,0,'NEXT_3_RD_FRIDAY','MONTH_1',NULL,NULL,NULL,1,NULL),
  (130,'FutureFamilyImpl','AEX','EOE',NULL,NULL,'EUR',20,2,'0<0.05',0.00,0.00,NULL,'','\0',NULL,NULL,NULL,104,0,0,'NEXT_3_RD_FRIDAY','MONTH_1',NULL,NULL,NULL,1,NULL),
  (131,'FutureFamilyImpl','CAC40','CAC40',NULL,NULL,'EUR',1,1,'0<0.5',0.00,0.00,NULL,'','\0',NULL,NULL,NULL,105,0,0,'NEXT_3_RD_FRIDAY','MONTH_1',NULL,NULL,NULL,1,NULL),
  (132,'FutureFamilyImpl','DAX','DAX',NULL,NULL,'EUR',25,1,'0<0.5',0.00,0.00,NULL,'','\0',NULL,NULL,NULL,106,0,0,'NEXT_3_RD_FRIDAY','MONTH_1',NULL,NULL,NULL,1,NULL),
  (133,'FutureFamilyImpl','IBEX 35','IBEX35',NULL,NULL,'EUR',10,0,'0<1',0.00,0.00,NULL,'','\0',NULL,NULL,NULL,107,0,0,'NEXT_3_RD_FRIDAY','MONTH_1',NULL,NULL,NULL,1,NULL),
  (134,'FutureFamilyImpl','EURO STOXX 50','ESTX50',NULL,NULL,'EUR',10,0,'0<1',0.00,0.00,NULL,'','\0',NULL,NULL,NULL,106,0,0,'NEXT_3_RD_FRIDAY','MONTH_1',NULL,NULL,NULL,1,NULL),
  (135,'FutureFamilyImpl','FTSE / MIB','FTMIB',NULL,NULL,'EUR',5,0,'0<5',0.00,0.00,NULL,'','\0',NULL,NULL,NULL,108,0,0,'NEXT_3_RD_FRIDAY','MONTH_1',NULL,NULL,NULL,1,NULL),
  (136,'FutureFamilyImpl','FTSE 100','Z',NULL,NULL,'GBP',1000,3,'0<0.005',0.00,0.00,NULL,'','\0',NULL,NULL,NULL,109,0,0,'NEXT_3_RD_FRIDAY','MONTH_1',NULL,NULL,NULL,1,NULL),
  (137,'FutureFamilyImpl','OMXS30','OMXS30',NULL,NULL,'SEK',100,0,'0',0.00,0.00,NULL,'','\0',NULL,NULL,NULL,110,0,0,'NEXT_3_RD_FRIDAY','MONTH_1',NULL,NULL,NULL,1,NULL),
  (138,'FutureFamilyImpl','SMI','SMI',NULL,NULL,'CHF',10,0,'0<1',0.00,0.00,NULL,'','\0',NULL,NULL,NULL,111,0,0,'NEXT_3_RD_FRIDAY','MONTH_1',NULL,NULL,NULL,1,NULL),
  (139,'FutureFamilyImpl','DJIA','YM',NULL,NULL,'USD',5,0,'0<1',0.00,0.00,NULL,'','\0',NULL,NULL,NULL,101,0,0,'NEXT_3_RD_FRIDAY','MONTH_1',NULL,NULL,NULL,1,NULL),
  (140,'FutureFamilyImpl','MSCI Taiwan','STW',NULL,NULL,'USD',100,1,'0<0.1',0.00,0.00,NULL,'','\0',NULL,NULL,NULL,112,0,0,'NEXT_3_RD_FRIDAY','MONTH_1',NULL,NULL,NULL,1,NULL),
  (141,'SecurityFamilyImpl','NASDAQ 100','NQ',NULL,NULL,'USD',20,2,'0<0.25',0.00,0.00,NULL,'','\0',NULL,NULL,NULL,100,NULL,NULL,NULL,NULL,NULL,NULL,NULL,NULL,NULL),
  (142,'FutureFamilyImpl','S&P / TSX 60 IX','TSE60',NULL,NULL,'CAD',50,1,'0<0.1',0.00,0.00,NULL,'','\0',NULL,NULL,NULL,113,0,0,'NEXT_3_RD_FRIDAY','MONTH_1',NULL,NULL,NULL,1,NULL),
  (143,'FutureFamilyImpl','S&P 500','ES',NULL,NULL,'USD',50,2,'0<0.25',0.00,0.00,NULL,'','\0',NULL,NULL,NULL,100,0,0,'NEXT_3_RD_FRIDAY','MONTH_1',NULL,NULL,NULL,1,NULL),
  (144,'FutureFamilyImpl','S&P MID 400','EMD',NULL,NULL,'USD',100,1,'0<0.1',0.00,0.00,NULL,'','\0',NULL,NULL,NULL,100,0,0,'NEXT_3_RD_FRIDAY','MONTH_1',NULL,NULL,NULL,1,NULL),
  (145,'FutureFamilyImpl','H-SHARES','HHI.HK',NULL,NULL,'HKD',50,0,'0<1',0.00,0.00,NULL,'','\0',NULL,NULL,NULL,114,0,0,'NEXT_3_RD_FRIDAY','MONTH_1',NULL,NULL,NULL,1,NULL),
  (146,'FutureFamilyImpl','HANG SENG','HSI',NULL,NULL,'HKD',50,0,'0<1',0.00,0.00,NULL,'','\0',NULL,NULL,NULL,114,0,0,'NEXT_3_RD_FRIDAY','MONTH_1',NULL,NULL,NULL,1,NULL),
  (147,'FutureFamilyImpl','Nikkei 225','N225M',NULL,NULL,'JPY',100,0,'0<5',0.00,0.00,NULL,'','\0',NULL,NULL,NULL,115,0,0,'NEXT_3_RD_FRIDAY','MONTH_1',NULL,NULL,NULL,1,NULL),
  (148,'FutureFamilyImpl','TOPIX','MNTPX',NULL,NULL,'JPY',1000,2,'0<0.25',0.00,0.00,NULL,'','\0',NULL,NULL,NULL,115,0,0,'NEXT_3_RD_FRIDAY','MONTH_1',NULL,NULL,NULL,1,NULL),
  (149,'FutureFamilyImpl','EURO 10Yr BUND','GBL',NULL,NULL,'EUR',1000,2,'0<0.01',0.00,0.00,NULL,'','\0',NULL,NULL,NULL,106,0,0,'NEXT_3_RD_FRIDAY','MONTH_1',NULL,NULL,NULL,1,NULL),
  (150,'FutureFamilyImpl','EURO 2Yr Schatz','GBS',NULL,NULL,'EUR',1000,3,'0<0.005',0.00,0.00,NULL,'','\0',NULL,NULL,NULL,106,0,0,'NEXT_3_RD_FRIDAY','MONTH_1',NULL,NULL,NULL,1,NULL),
  (151,'FutureFamilyImpl','EURO 30Yr BUXL','GBX',NULL,NULL,'EUR',1000,2,'0<0.02',0.00,0.00,NULL,'','\0',NULL,NULL,NULL,106,0,0,'NEXT_3_RD_FRIDAY','MONTH_1',NULL,NULL,NULL,1,NULL),
  (152,'FutureFamilyImpl','EURO 5Yr BOBL','GBM',NULL,NULL,'EUR',1000,2,'0<0.01',0.00,0.00,NULL,'','\0',NULL,NULL,NULL,106,0,0,'NEXT_3_RD_FRIDAY','MONTH_1',NULL,NULL,NULL,1,NULL),
  (153,'FutureFamilyImpl','GB 10Yr Long Gilt','R',NULL,NULL,'GBP',1000,2,'0<0.01',0.00,0.00,NULL,'','\0',NULL,NULL,NULL,109,0,0,'NEXT_3_RD_FRIDAY','MONTH_1',NULL,NULL,NULL,1,NULL),
  (154,'FutureFamilyImpl','US 10Yr Note','ZN',NULL,NULL,'USD',1000,6,'0<0.015625',0.00,0.00,NULL,'','\0',NULL,NULL,NULL,101,0,0,'NEXT_3_RD_FRIDAY','MONTH_1',NULL,NULL,NULL,1,NULL),
  (155,'FutureFamilyImpl','US 2Yr Note','ZT',NULL,NULL,'USD',2000,7,'0<0.0078125',0.00,0.00,NULL,'','\0',NULL,NULL,NULL,101,0,0,'NEXT_3_RD_FRIDAY','MONTH_1',NULL,NULL,NULL,1,NULL),
  (156,'FutureFamilyImpl','US 30Yr Long Bond','ZB',NULL,NULL,'USD',1000,5,'0<0.03125',0.00,0.00,NULL,'','\0',NULL,NULL,NULL,101,0,0,'NEXT_3_RD_FRIDAY','MONTH_1',NULL,NULL,NULL,1,NULL),
  (157,'FutureFamilyImpl','US 5Yr Note','ZF',NULL,NULL,'USD',1000,7,'0<0.0078125',0.00,0.00,NULL,'','\0',NULL,NULL,NULL,101,0,0,'NEXT_3_RD_FRIDAY','MONTH_1',NULL,NULL,NULL,1,NULL),
  (158,'FutureFamilyImpl','CAN 10Yr Bond','CGB',NULL,NULL,'CAD',1000,2,'0<0.01',0.00,0.00,NULL,'','\0',NULL,NULL,NULL,113,0,0,'NEXT_3_RD_FRIDAY','MONTH_1',NULL,NULL,NULL,1,NULL),
  (159,'FutureFamilyImpl','JPY 10Yr Bond','JGB',NULL,NULL,'JPY',1000000,2,'0<0.01',0.00,0.00,NULL,'','\0',NULL,NULL,NULL,115,0,0,'NEXT_3_RD_FRIDAY','MONTH_1',NULL,NULL,NULL,1,NULL),
  (160,'FutureFamilyImpl','AUD 90Day Bank Bill','IR',NULL,NULL,'AUD',2438,2,'0<0.01',0.00,0.00,NULL,'','\0',NULL,NULL,NULL,116,0,0,'NEXT_3_RD_FRIDAY','MONTH_1',NULL,NULL,NULL,1,NULL),
  (161,'FutureFamilyImpl','CAD 90Day Bank Acpt','BAX',NULL,NULL,'CAD',2500,3,'0<0.005',0.00,0.00,NULL,'','\0',NULL,NULL,NULL,113,0,0,'NEXT_3_RD_FRIDAY','MONTH_1',NULL,NULL,NULL,1,NULL),
  (162,'FutureFamilyImpl','EURIBOR 90Day','EU3',NULL,NULL,'EUR',2500,3,'0<0.005',0.00,0.00,NULL,'','\0',NULL,NULL,NULL,106,0,0,'NEXT_3_RD_FRIDAY','MONTH_1',NULL,NULL,NULL,1,NULL),
  (163,'FutureFamilyImpl','EuroChf 90Day','S',NULL,NULL,'CHF',2500,2,'0<0.01',0.00,0.00,NULL,'','\0',NULL,NULL,NULL,109,0,0,'NEXT_3_RD_FRIDAY','MONTH_1',NULL,NULL,NULL,1,NULL),
  (164,'FutureFamilyImpl','EuroDollar 90Day','GE',NULL,NULL,'USD',2500,4,'0<0.0025',0.00,0.00,NULL,'','\0',NULL,NULL,NULL,100,0,0,'NEXT_3_RD_FRIDAY','MONTH_1',NULL,NULL,NULL,1,NULL),
  (165,'FutureFamilyImpl','EuroYen 90Day','SEY',NULL,NULL,'JPY',250000,3,'0<0.005',0.00,0.00,NULL,'','\0',NULL,NULL,NULL,112,0,0,'NEXT_3_RD_FRIDAY','MONTH_1',NULL,NULL,NULL,1,NULL),
  (166,'FutureFamilyImpl','Fed Fund 30Day','ZQ',NULL,NULL,'USD',4167,3,'0<0.005',0.00,0.00,NULL,'','\0',NULL,NULL,NULL,101,0,0,'NEXT_3_RD_FRIDAY','MONTH_1',NULL,NULL,NULL,1,NULL),
  (167,'FutureFamilyImpl','GB 90Day Sterling','L',NULL,NULL,'GBP',1250,2,'0<0.01',0.00,0.00,NULL,'','\0',NULL,NULL,NULL,109,0,0,'NEXT_3_RD_FRIDAY','MONTH_1',NULL,NULL,NULL,1,NULL),
  (168,'FutureFamilyImpl','Brent Crude','COIL',NULL,NULL,'USD',1000,2,'0<0.01',0.00,0.00,NULL,'','\0',NULL,NULL,NULL,117,0,0,'NEXT_3_RD_FRIDAY','MONTH_1',NULL,NULL,NULL,1,NULL),
  (169,'FutureFamilyImpl','Gas Oil','GOIL',NULL,NULL,'USD',100,2,'0<0.25',0.00,0.00,NULL,'','\0',NULL,NULL,NULL,117,0,0,'NEXT_3_RD_FRIDAY','MONTH_1',NULL,NULL,NULL,1,NULL),
  (170,'FutureFamilyImpl','Gasoline','RB',NULL,NULL,'USD',42000,4,'0<0.0001',0.00,0.00,NULL,'','\0',NULL,NULL,NULL,102,0,0,'NEXT_3_RD_FRIDAY','MONTH_1',NULL,NULL,NULL,1,NULL),
  (171,'FutureFamilyImpl','Heating Oil','HO',NULL,NULL,'USD',42000,4,'0<0.0001',0.00,0.00,NULL,'','\0',NULL,NULL,NULL,102,0,0,'NEXT_3_RD_FRIDAY','MONTH_1',NULL,NULL,NULL,1,NULL),
  (172,'FutureFamilyImpl','Natural Gas','NG',NULL,NULL,'USD',10000,3,'0<0.001',0.00,0.00,NULL,'','\0',NULL,NULL,NULL,102,0,0,'NEXT_3_RD_FRIDAY','MONTH_1',NULL,NULL,NULL,1,NULL),
  (173,'FutureFamilyImpl','Natural Gas ICE','NGF',NULL,NULL,'GBP',30000,4,'0<0.0001',0.00,0.00,NULL,'','\0',NULL,NULL,NULL,117,0,0,'NEXT_3_RD_FRIDAY','MONTH_1',NULL,NULL,NULL,1,NULL),
  (174,'FutureFamilyImpl','WTI Crude','CL',NULL,NULL,'USD',1000,2,'0<0.01',0.00,0.00,NULL,'','\0',NULL,NULL,NULL,102,0,0,'NEXT_3_RD_FRIDAY','MONTH_1',NULL,NULL,NULL,1,NULL),
  (175,'FutureFamilyImpl','Cattle Feeder','GF',NULL,NULL,'USD',50000,5,'0<0.00025',0.00,0.00,NULL,'','\0',NULL,NULL,NULL,100,0,0,'NEXT_3_RD_FRIDAY','MONTH_1',NULL,NULL,NULL,1,NULL),
  (176,'FutureFamilyImpl','Lean Hogs','HE',NULL,NULL,'USD',40000,5,'0<0.00025',0.00,0.00,NULL,'','\0',NULL,NULL,NULL,100,0,0,'NEXT_3_RD_FRIDAY','MONTH_1',NULL,NULL,NULL,1,NULL),
  (177,'FutureFamilyImpl','Live Cattle','LE',NULL,NULL,'USD',40000,5,'0<0.00025',0.00,0.00,NULL,'','\0',NULL,NULL,NULL,100,0,0,'NEXT_3_RD_FRIDAY','MONTH_1',NULL,NULL,NULL,1,NULL),
  (178,'FutureFamilyImpl','Copper','HG',NULL,NULL,'USD',25000,4,'0<0.0005',0.00,0.00,NULL,'','\0',NULL,NULL,NULL,102,0,0,'NEXT_3_RD_FRIDAY','MONTH_1',NULL,NULL,NULL,1,NULL),
  (179,'FutureFamilyImpl','Gold','GC',NULL,NULL,'USD',100,1,'0<0.1',0.00,0.00,NULL,'','\0',NULL,NULL,NULL,102,0,0,'NEXT_3_RD_FRIDAY','MONTH_1',NULL,NULL,NULL,1,NULL),
  (180,'FutureFamilyImpl','Palladium','PA',NULL,NULL,'USD',100,2,'0<0.05',0.00,0.00,NULL,'','\0',NULL,NULL,NULL,102,0,0,'NEXT_3_RD_FRIDAY','MONTH_1',NULL,NULL,NULL,1,NULL),
  (181,'FutureFamilyImpl','Platinum','PL',NULL,NULL,'USD',50,1,'0<0.1',0.00,0.00,NULL,'','\0',NULL,NULL,NULL,102,0,0,'NEXT_3_RD_FRIDAY','MONTH_1',NULL,NULL,NULL,1,NULL),
  (182,'FutureFamilyImpl','Silver','SI',NULL,NULL,'USD',5000,3,'0<0.005',0.00,0.00,NULL,'','\0',NULL,NULL,NULL,102,0,0,'NEXT_3_RD_FRIDAY','MONTH_1',NULL,NULL,NULL,1,NULL),
  (183,'FutureFamilyImpl','Cocoa','CC',NULL,NULL,'USD',10,0,'0<1',0.00,0.00,NULL,'','\0',NULL,NULL,NULL,118,0,0,'NEXT_3_RD_FRIDAY','MONTH_1',NULL,NULL,NULL,1,NULL),
  (184,'FutureFamilyImpl','Coffee C','KC',NULL,NULL,'USD',37500,4,'0<0.0005',0.00,0.00,NULL,'','\0',NULL,NULL,NULL,118,0,0,'NEXT_3_RD_FRIDAY','MONTH_1',NULL,NULL,NULL,1,NULL),
  (185,'FutureFamilyImpl','Corn','ZC',NULL,NULL,'USD',5000,4,'0<0.0025',0.00,0.00,NULL,'','\0',NULL,NULL,NULL,101,0,0,'NEXT_3_RD_FRIDAY','MONTH_1',NULL,NULL,NULL,1,NULL),
  (186,'FutureFamilyImpl','Cotton No 2','CT',NULL,NULL,'USD',50000,4,'0<0.0001',0.00,0.00,NULL,'','\0',NULL,NULL,NULL,118,0,0,'NEXT_3_RD_FRIDAY','MONTH_1',NULL,NULL,NULL,1,NULL),
  (187,'FutureFamilyImpl','Rapeseed','ECO',NULL,NULL,'EUR',50,2,'0<0.25',0.00,0.00,NULL,'','\0',NULL,NULL,NULL,119,0,0,'NEXT_3_RD_FRIDAY','MONTH_1',NULL,NULL,NULL,1,NULL),
  (188,'FutureFamilyImpl','Soybean','ZS',NULL,NULL,'USD',5000,4,'0<0.0025',0.00,0.00,NULL,'','\0',NULL,NULL,NULL,101,0,0,'NEXT_3_RD_FRIDAY','MONTH_1',NULL,NULL,NULL,1,NULL),
  (189,'FutureFamilyImpl','Soybean Meal','ZM',NULL,NULL,'USD',100,1,'0<0.1',0.00,0.00,NULL,'','\0',NULL,NULL,NULL,101,0,0,'NEXT_3_RD_FRIDAY','MONTH_1',NULL,NULL,NULL,1,NULL),
  (190,'FutureFamilyImpl','Soybean Oil','ZL',NULL,NULL,'USD',60000,4,'0<0.0001',0.00,0.00,NULL,'','\0',NULL,NULL,NULL,101,0,0,'NEXT_3_RD_FRIDAY','MONTH_1',NULL,NULL,NULL,1,NULL),
  (191,'FutureFamilyImpl','Sugar No 11','SB',NULL,NULL,'USD',112000,4,'0<0.0001',0.00,0.00,NULL,'','\0',NULL,NULL,NULL,102,0,0,'NEXT_3_RD_FRIDAY','MONTH_1',NULL,NULL,NULL,1,NULL),
  (192,'FutureFamilyImpl','Wheat CBT','ZW',NULL,NULL,'USD',5000,4,'0<0.0025',0.00,0.00,NULL,'','\0',NULL,NULL,NULL,101,0,0,'NEXT_3_RD_FRIDAY','MONTH_1',NULL,NULL,NULL,1,NULL),
  (193,'FutureFamilyImpl','Wheat LIFFE','EBM',NULL,NULL,'EUR',50,2,'0<0.25',0.00,0.00,NULL,'','\0',NULL,NULL,NULL,119,0,0,'NEXT_3_RD_FRIDAY','MONTH_1',NULL,NULL,NULL,1,NULL);

INSERT INTO `security` (`ID`, `CLASS`, `SYMBOL`, `DESCRIPTION`, `ISIN`, `BBGID`, `RIC`, `CONID`, `LMAXID`, `TTID`, `UNDERLYING_FK`, `SECURITY_FAMILY_FK`, `MATURITY`, `COUPON`, `COMMODITY_TYPE`, `BASE_CURRENCY`, `EXPIRATION`, `MONTH_YEAR`, `FIRST_NOTICE`, `DURATION`, `ASSET_CLASS`, `STRIKE`, `OPTION_TYPE`, `GICS`, `UUID`, `COMBINATION_TYPE`, `PERSISTENT`) VALUES
  (1,'ForexImpl','AUD.CAD',NULL,NULL,NULL,NULL,'15016138','100667',NULL,NULL,1,NULL,NULL,NULL,'AUD',NULL,NULL,NULL,NULL,NULL,NULL,NULL,NULL,NULL,NULL,NULL),
  (2,'ForexImpl','AUD.CHF',NULL,NULL,NULL,NULL,'15016125','100619',NULL,NULL,2,NULL,NULL,NULL,'AUD',NULL,NULL,NULL,NULL,NULL,NULL,NULL,NULL,NULL,NULL,NULL),
  (3,'ForexImpl','AUD.JPY',NULL,NULL,NULL,NULL,'15016133','4008',NULL,NULL,3,NULL,NULL,NULL,'AUD',NULL,NULL,NULL,NULL,NULL,NULL,NULL,NULL,NULL,NULL,NULL),
  (4,'ForexImpl','AUD.NZD',NULL,NULL,NULL,NULL,'39453424','100615',NULL,NULL,4,NULL,NULL,NULL,'AUD',NULL,NULL,NULL,NULL,NULL,NULL,NULL,NULL,NULL,NULL,NULL),
  (5,'ForexImpl','AUD.USD',NULL,NULL,NULL,NULL,'14433401','4007',NULL,NULL,5,NULL,NULL,NULL,'AUD',NULL,NULL,NULL,NULL,NULL,NULL,NULL,NULL,NULL,NULL,NULL),
  (6,'ForexImpl','CAD.CHF',NULL,NULL,NULL,NULL,'15016234','100671',NULL,NULL,2,NULL,NULL,NULL,'CAD',NULL,NULL,NULL,NULL,NULL,NULL,NULL,NULL,NULL,NULL,NULL),
  (7,'ForexImpl','CAD.JPY',NULL,NULL,NULL,NULL,'15016241','100669',NULL,NULL,3,NULL,NULL,NULL,'CAD',NULL,NULL,NULL,NULL,NULL,NULL,NULL,NULL,NULL,NULL,NULL),
  (8,'ForexImpl','CHF.JPY',NULL,NULL,NULL,NULL,'14321010','4009',NULL,NULL,3,NULL,NULL,NULL,'CHF',NULL,NULL,NULL,NULL,NULL,NULL,NULL,NULL,NULL,NULL,NULL),
  (9,'ForexImpl','EUR.AUD',NULL,NULL,NULL,NULL,'15016065','4016',NULL,NULL,6,NULL,NULL,NULL,'EUR',NULL,NULL,NULL,NULL,NULL,NULL,NULL,NULL,NULL,NULL,NULL),
  (10,'ForexImpl','EUR.CAD',NULL,NULL,NULL,NULL,'15016068','4015',NULL,NULL,1,NULL,NULL,NULL,'EUR',NULL,NULL,NULL,NULL,NULL,NULL,NULL,NULL,NULL,NULL,NULL),
  (11,'ForexImpl','EUR.CHF',NULL,NULL,NULL,NULL,'12087817','4011',NULL,NULL,2,NULL,NULL,NULL,'EUR',NULL,NULL,NULL,NULL,NULL,NULL,NULL,NULL,NULL,NULL,NULL),
  (12,'ForexImpl','EUR.GBP',NULL,NULL,NULL,NULL,'12087807','4003',NULL,NULL,7,NULL,NULL,NULL,'EUR',NULL,NULL,NULL,NULL,NULL,NULL,NULL,NULL,NULL,NULL,NULL),
  (13,'ForexImpl','EUR.JPY',NULL,NULL,NULL,NULL,'14321016','4006',NULL,NULL,3,NULL,NULL,NULL,'EUR',NULL,NULL,NULL,NULL,NULL,NULL,NULL,NULL,NULL,NULL,NULL),
  (14,'ForexImpl','EUR.NZD',NULL,NULL,NULL,NULL,'47101302','100515',NULL,NULL,4,NULL,NULL,NULL,'EUR',NULL,NULL,NULL,NULL,NULL,NULL,NULL,NULL,NULL,NULL,NULL),
  (15,'ForexImpl','EUR.PLN',NULL,NULL,NULL,NULL,'75015682','100519',NULL,NULL,8,NULL,NULL,NULL,'EUR',NULL,NULL,NULL,NULL,NULL,NULL,NULL,NULL,NULL,NULL,NULL),
  (16,'ForexImpl','EUR.RUB',NULL,NULL,NULL,NULL,'92620186','100679',NULL,NULL,9,NULL,NULL,NULL,'EUR',NULL,NULL,NULL,NULL,NULL,NULL,NULL,NULL,NULL,NULL,NULL),
  (17,'ForexImpl','EUR.USD',NULL,NULL,NULL,NULL,'12087792','4001',NULL,NULL,5,NULL,NULL,NULL,'EUR',NULL,NULL,NULL,NULL,NULL,NULL,NULL,NULL,NULL,NULL,NULL),
  (18,'ForexImpl','GBP.AUD',NULL,NULL,NULL,NULL,'15016075','4017',NULL,NULL,6,NULL,NULL,NULL,'GBP',NULL,NULL,NULL,NULL,NULL,NULL,NULL,NULL,NULL,NULL,NULL),
  (19,'ForexImpl','GBP.CAD',NULL,NULL,NULL,NULL,'15016078','4014',NULL,NULL,1,NULL,NULL,NULL,'GBP',NULL,NULL,NULL,NULL,NULL,NULL,NULL,NULL,NULL,NULL,NULL),
  (20,'ForexImpl','GBP.CHF',NULL,NULL,NULL,NULL,'12087826','4012',NULL,NULL,2,NULL,NULL,NULL,'GBP',NULL,NULL,NULL,NULL,NULL,NULL,NULL,NULL,NULL,NULL,NULL),
  (21,'ForexImpl','GBP.JPY',NULL,NULL,NULL,NULL,'14321015','4005',NULL,NULL,3,NULL,NULL,NULL,'GBP',NULL,NULL,NULL,NULL,NULL,NULL,NULL,NULL,NULL,NULL,NULL),
  (22,'ForexImpl','GBP.NZD',NULL,NULL,NULL,NULL,'47101305','100517',NULL,NULL,4,NULL,NULL,NULL,'GBP',NULL,NULL,NULL,NULL,NULL,NULL,NULL,NULL,NULL,NULL,NULL),
  (23,'ForexImpl','GBP.USD',NULL,NULL,NULL,NULL,'12087797','4002',NULL,NULL,5,NULL,NULL,NULL,'GBP',NULL,NULL,NULL,NULL,NULL,NULL,NULL,NULL,NULL,NULL,NULL),
  (24,'ForexImpl','NZD.CAD',NULL,NULL,NULL,NULL,'46189223','100673',NULL,NULL,1,NULL,NULL,NULL,'NZD',NULL,NULL,NULL,NULL,NULL,NULL,NULL,NULL,NULL,NULL,NULL),
  (25,'ForexImpl','NZD.JPY',NULL,NULL,NULL,NULL,'39453444','100617',NULL,NULL,3,NULL,NULL,NULL,'NZD',NULL,NULL,NULL,NULL,NULL,NULL,NULL,NULL,NULL,NULL,NULL),
  (26,'ForexImpl','NZD.USD',NULL,NULL,NULL,NULL,'39453441','100613',NULL,NULL,5,NULL,NULL,NULL,'NZD',NULL,NULL,NULL,NULL,NULL,NULL,NULL,NULL,NULL,NULL,NULL),
  (27,'ForexImpl','USD.CAD',NULL,NULL,NULL,NULL,'15016062','4013',NULL,NULL,1,NULL,NULL,NULL,'USD',NULL,NULL,NULL,NULL,NULL,NULL,NULL,NULL,NULL,NULL,NULL),
  (28,'ForexImpl','USD.CHF',NULL,NULL,NULL,NULL,'12087820','4010',NULL,NULL,2,NULL,NULL,NULL,'USD',NULL,NULL,NULL,NULL,NULL,NULL,NULL,NULL,NULL,NULL,NULL),
  (29,'ForexImpl','USD.HKD',NULL,NULL,NULL,NULL,'12345777','100495',NULL,NULL,10,NULL,NULL,NULL,'USD',NULL,NULL,NULL,NULL,NULL,NULL,NULL,NULL,NULL,NULL,NULL),
  (30,'ForexImpl','USD.JPY',NULL,NULL,NULL,NULL,'15016059','4004',NULL,NULL,3,NULL,NULL,NULL,'USD',NULL,NULL,NULL,NULL,NULL,NULL,NULL,NULL,NULL,NULL,NULL),
  (31,'ForexImpl','USD.PLN',NULL,NULL,NULL,NULL,'34831481','100523',NULL,NULL,8,NULL,NULL,NULL,'USD',NULL,NULL,NULL,NULL,NULL,NULL,NULL,NULL,NULL,NULL,NULL),
  (32,'ForexImpl','USD.RUB',NULL,NULL,NULL,NULL,'28454968','100681',NULL,NULL,9,NULL,NULL,NULL,'USD',NULL,NULL,NULL,NULL,NULL,NULL,NULL,NULL,NULL,NULL,NULL),
  (100,'StockImpl','MMM','3M CO',NULL,NULL,NULL,'9720',NULL,NULL,NULL,40,NULL,NULL,NULL,NULL,NULL,NULL,NULL,NULL,NULL,NULL,NULL,NULL,NULL,NULL,NULL),
  (101,'StockImpl','ACE','ACE LTD',NULL,NULL,NULL,'52614600',NULL,NULL,NULL,40,NULL,NULL,NULL,NULL,NULL,NULL,NULL,NULL,NULL,NULL,NULL,NULL,NULL,NULL,NULL),
  (102,'StockImpl','AES','AES CORP',NULL,NULL,NULL,'2560358',NULL,NULL,NULL,40,NULL,NULL,NULL,NULL,NULL,NULL,NULL,NULL,NULL,NULL,NULL,NULL,NULL,NULL,NULL),
  (103,'StockImpl','AFL','AFLAC INC',NULL,NULL,NULL,'4227',NULL,NULL,NULL,40,NULL,NULL,NULL,NULL,NULL,NULL,NULL,NULL,NULL,NULL,NULL,NULL,NULL,NULL,NULL),
  (104,'StockImpl','GAS','AGL RESOURCES INC',NULL,NULL,NULL,'4631',NULL,NULL,NULL,40,NULL,NULL,NULL,NULL,NULL,NULL,NULL,NULL,NULL,NULL,NULL,NULL,NULL,NULL,NULL),
  (105,'StockImpl','AME','AMETEK INC',NULL,NULL,NULL,'4392',NULL,NULL,NULL,40,NULL,NULL,NULL,NULL,NULL,NULL,NULL,NULL,NULL,NULL,NULL,NULL,NULL,NULL,NULL),
  (106,'StockImpl','T','AT&T INC',NULL,NULL,NULL,'37018770',NULL,NULL,NULL,40,NULL,NULL,NULL,NULL,NULL,NULL,NULL,NULL,NULL,NULL,NULL,NULL,NULL,NULL,NULL),
  (107,'StockImpl','ABBV','ABBVIE INC',NULL,NULL,NULL,'118089500',NULL,NULL,NULL,40,NULL,NULL,NULL,NULL,NULL,NULL,NULL,NULL,NULL,NULL,NULL,NULL,NULL,NULL,NULL),
  (108,'StockImpl','ABT','ABBOTT LABORATORIES .',NULL,NULL,NULL,'4065',NULL,NULL,NULL,40,NULL,NULL,NULL,NULL,NULL,NULL,NULL,NULL,NULL,NULL,NULL,NULL,NULL,NULL,NULL),
  (109,'StockImpl','ACN','ACCENTURE PLC-CL A',NULL,NULL,NULL,'67889930',NULL,NULL,NULL,40,NULL,NULL,NULL,NULL,NULL,NULL,NULL,NULL,NULL,NULL,NULL,NULL,NULL,NULL,NULL),
  (110,'StockImpl','ADBE','ADOBE SYSTEMS INC',NULL,NULL,NULL,'265768',NULL,NULL,NULL,40,NULL,NULL,NULL,NULL,NULL,NULL,NULL,NULL,NULL,NULL,NULL,NULL,NULL,NULL,NULL),
  (111,'StockImpl','AET','AETNA INC',NULL,NULL,NULL,'11070844',NULL,NULL,NULL,40,NULL,NULL,NULL,NULL,NULL,NULL,NULL,NULL,NULL,NULL,NULL,NULL,NULL,NULL,NULL),
  (112,'StockImpl','AMG','AFFILIATED MANAGERS GROUP',NULL,NULL,NULL,'6607470',NULL,NULL,NULL,40,NULL,NULL,NULL,NULL,NULL,NULL,NULL,NULL,NULL,NULL,NULL,NULL,NULL,NULL,NULL),
  (113,'StockImpl','A','AGILENT TECHNOLOGIES INC',NULL,NULL,NULL,'1715006',NULL,NULL,NULL,40,NULL,NULL,NULL,NULL,NULL,NULL,NULL,NULL,NULL,NULL,NULL,NULL,NULL,NULL,NULL),
  (114,'StockImpl','APD','AIR PRODUCTS & CHEMICALS INC',NULL,NULL,NULL,'4487',NULL,NULL,NULL,40,NULL,NULL,NULL,NULL,NULL,NULL,NULL,NULL,NULL,NULL,NULL,NULL,NULL,NULL,NULL),
  (115,'StockImpl','ARG','AIRGAS INC',NULL,NULL,NULL,'4553',NULL,NULL,NULL,40,NULL,NULL,NULL,NULL,NULL,NULL,NULL,NULL,NULL,NULL,NULL,NULL,NULL,NULL,NULL),
  (116,'StockImpl','AKAM','AKAMAI TECHNOLOGIES INC',NULL,NULL,NULL,'6220356',NULL,NULL,NULL,40,NULL,NULL,NULL,NULL,NULL,NULL,NULL,NULL,NULL,NULL,NULL,NULL,NULL,NULL,NULL),
  (117,'StockImpl','AA','ALCOA INC',NULL,NULL,NULL,'4005',NULL,NULL,NULL,40,NULL,NULL,NULL,NULL,NULL,NULL,NULL,NULL,NULL,NULL,NULL,NULL,NULL,NULL,NULL),
  (118,'StockImpl','ALXN','ALEXION PHARMACEUTICALS INC',NULL,NULL,NULL,'4726176',NULL,NULL,NULL,40,NULL,NULL,NULL,NULL,NULL,NULL,NULL,NULL,NULL,NULL,NULL,NULL,NULL,NULL,NULL),
  (119,'StockImpl','ATI','ALLEGHENY TECHNOLOGIES INC',NULL,NULL,NULL,'1946967',NULL,NULL,NULL,40,NULL,NULL,NULL,NULL,NULL,NULL,NULL,NULL,NULL,NULL,NULL,NULL,NULL,NULL,NULL),
  (120,'StockImpl','ALLE','ALLEGION PLC',NULL,NULL,NULL,'138438437',NULL,NULL,NULL,40,NULL,NULL,NULL,NULL,NULL,NULL,NULL,NULL,NULL,NULL,NULL,NULL,NULL,NULL,NULL),
  (121,'StockImpl','AGN','ALLERGAN PLC',NULL,NULL,NULL,'196610642',NULL,NULL,NULL,40,NULL,NULL,NULL,NULL,NULL,NULL,NULL,NULL,NULL,NULL,NULL,NULL,NULL,NULL,NULL),
  (122,'StockImpl','ADS','ALLIANCE DATA SYSTEMS CORP',NULL,NULL,NULL,'12362013',NULL,NULL,NULL,40,NULL,NULL,NULL,NULL,NULL,NULL,NULL,NULL,NULL,NULL,NULL,NULL,NULL,NULL,NULL),
  (123,'StockImpl','ALL','ALLSTATE CORP',NULL,NULL,NULL,'4357',NULL,NULL,NULL,40,NULL,NULL,NULL,NULL,NULL,NULL,NULL,NULL,NULL,NULL,NULL,NULL,NULL,NULL,NULL),
  (124,'StockImpl','ALTR','ALTERA CORP',NULL,NULL,NULL,'266088',NULL,NULL,NULL,40,NULL,NULL,NULL,NULL,NULL,NULL,NULL,NULL,NULL,NULL,NULL,NULL,NULL,NULL,NULL),
  (125,'StockImpl','MO','ALTRIA GROUP INC',NULL,NULL,NULL,'9769',NULL,NULL,NULL,40,NULL,NULL,NULL,NULL,NULL,NULL,NULL,NULL,NULL,NULL,NULL,NULL,NULL,NULL,NULL),
  (126,'StockImpl','AMZN','AMAZON.COM INC',NULL,NULL,NULL,'3691937',NULL,NULL,NULL,40,NULL,NULL,NULL,NULL,NULL,NULL,NULL,NULL,NULL,NULL,NULL,NULL,NULL,NULL,NULL),
  (127,'StockImpl','AEE','AMEREN CORP',NULL,NULL,NULL,'13181',NULL,NULL,NULL,40,NULL,NULL,NULL,NULL,NULL,NULL,NULL,NULL,NULL,NULL,NULL,NULL,NULL,NULL,NULL),
  (128,'StockImpl','AAL','AMERICAN AIRLINES GROUP INC',NULL,NULL,NULL,'139673266',NULL,NULL,NULL,40,NULL,NULL,NULL,NULL,NULL,NULL,NULL,NULL,NULL,NULL,NULL,NULL,NULL,NULL,NULL),
  (129,'StockImpl','AEP','AMERICAN ELECTRIC POWER',NULL,NULL,NULL,'4211',NULL,NULL,NULL,40,NULL,NULL,NULL,NULL,NULL,NULL,NULL,NULL,NULL,NULL,NULL,NULL,NULL,NULL,NULL),
  (130,'StockImpl','AXP','AMERICAN EXPRESS CO',NULL,NULL,NULL,'4721',NULL,NULL,NULL,40,NULL,NULL,NULL,NULL,NULL,NULL,NULL,NULL,NULL,NULL,NULL,NULL,NULL,NULL,NULL),
  (131,'StockImpl','AIG','AMERICAN INTERNATIONAL GROUP',NULL,NULL,NULL,'61319701',NULL,NULL,NULL,40,NULL,NULL,NULL,NULL,NULL,NULL,NULL,NULL,NULL,NULL,NULL,NULL,NULL,NULL,NULL),
  (132,'StockImpl','AMT','AMERICAN TOWER CORP',NULL,NULL,NULL,'99831145',NULL,NULL,NULL,40,NULL,NULL,NULL,NULL,NULL,NULL,NULL,NULL,NULL,NULL,NULL,NULL,NULL,NULL,NULL),
  (133,'StockImpl','AMP','AMERIPRISE FINANCIAL INC.',NULL,NULL,NULL,'35970258',NULL,NULL,NULL,40,NULL,NULL,NULL,NULL,NULL,NULL,NULL,NULL,NULL,NULL,NULL,NULL,NULL,NULL,NULL),
  (134,'StockImpl','ABC','AMERISOURCEBERGEN CORP.',NULL,NULL,NULL,'1714996',NULL,NULL,NULL,40,NULL,NULL,NULL,NULL,NULL,NULL,NULL,NULL,NULL,NULL,NULL,NULL,NULL,NULL,NULL),
  (135,'StockImpl','AMGN','AMGEN INC',NULL,NULL,NULL,'266145',NULL,NULL,NULL,40,NULL,NULL,NULL,NULL,NULL,NULL,NULL,NULL,NULL,NULL,NULL,NULL,NULL,NULL,NULL),
  (136,'StockImpl','APH','AMPHENOL CORP-CL A',NULL,NULL,NULL,'4493',NULL,NULL,NULL,40,NULL,NULL,NULL,NULL,NULL,NULL,NULL,NULL,NULL,NULL,NULL,NULL,NULL,NULL,NULL),
  (137,'StockImpl','APC','ANADARKO PETROLEUM CORP',NULL,NULL,NULL,'4482',NULL,NULL,NULL,40,NULL,NULL,NULL,NULL,NULL,NULL,NULL,NULL,NULL,NULL,NULL,NULL,NULL,NULL,NULL),
  (138,'StockImpl','ADI','ANALOG DEVICES INC',NULL,NULL,NULL,'4157',NULL,NULL,NULL,40,NULL,NULL,NULL,NULL,NULL,NULL,NULL,NULL,NULL,NULL,NULL,NULL,NULL,NULL,NULL),
  (139,'StockImpl','ANTM','ANTHEM INC',NULL,NULL,NULL,'173962302',NULL,NULL,NULL,40,NULL,NULL,NULL,NULL,NULL,NULL,NULL,NULL,NULL,NULL,NULL,NULL,NULL,NULL,NULL),
  (140,'StockImpl','AON','AON PLC',NULL,NULL,NULL,'105316759',NULL,NULL,NULL,40,NULL,NULL,NULL,NULL,NULL,NULL,NULL,NULL,NULL,NULL,NULL,NULL,NULL,NULL,NULL),
  (141,'StockImpl','APA','APACHE CORP',NULL,NULL,NULL,'4472',NULL,NULL,NULL,40,NULL,NULL,NULL,NULL,NULL,NULL,NULL,NULL,NULL,NULL,NULL,NULL,NULL,NULL,NULL),
  (142,'StockImpl','AIV','APARTMENT INVT & MGMT CO -A',NULL,NULL,NULL,'4316',NULL,NULL,NULL,40,NULL,NULL,NULL,NULL,NULL,NULL,NULL,NULL,NULL,NULL,NULL,NULL,NULL,NULL,NULL),
  (143,'StockImpl','AAPL','APPLE INC',NULL,NULL,NULL,'265598',NULL,NULL,NULL,40,NULL,NULL,NULL,NULL,NULL,NULL,NULL,NULL,NULL,NULL,NULL,NULL,NULL,NULL,NULL),
  (144,'StockImpl','AMAT','APPLIED MATERIALS INC',NULL,NULL,NULL,'266093',NULL,NULL,NULL,40,NULL,NULL,NULL,NULL,NULL,NULL,NULL,NULL,NULL,NULL,NULL,NULL,NULL,NULL,NULL),
  (145,'StockImpl','ADM','ARCHER-DANIELS-MIDLAND CO',NULL,NULL,NULL,'4165',NULL,NULL,NULL,40,NULL,NULL,NULL,NULL,NULL,NULL,NULL,NULL,NULL,NULL,NULL,NULL,NULL,NULL,NULL),
  (146,'StockImpl','AIZ','ASSURANT INC',NULL,NULL,NULL,'27727424',NULL,NULL,NULL,40,NULL,NULL,NULL,NULL,NULL,NULL,NULL,NULL,NULL,NULL,NULL,NULL,NULL,NULL,NULL),
  (147,'StockImpl','AN','AUTONATION INC',NULL,NULL,NULL,'4528615',NULL,NULL,NULL,40,NULL,NULL,NULL,NULL,NULL,NULL,NULL,NULL,NULL,NULL,NULL,NULL,NULL,NULL,NULL),
  (148,'StockImpl','AZO','AUTOZONE INC',NULL,NULL,NULL,'4750',NULL,NULL,NULL,40,NULL,NULL,NULL,NULL,NULL,NULL,NULL,NULL,NULL,NULL,NULL,NULL,NULL,NULL,NULL),
  (149,'StockImpl','ADSK','AUTODESK INC',NULL,NULL,NULL,'265681',NULL,NULL,NULL,40,NULL,NULL,NULL,NULL,NULL,NULL,NULL,NULL,NULL,NULL,NULL,NULL,NULL,NULL,NULL),
  (150,'StockImpl','ADP','AUTOMATIC DATA PROCESSING',NULL,NULL,NULL,'4661',NULL,NULL,NULL,40,NULL,NULL,NULL,NULL,NULL,NULL,NULL,NULL,NULL,NULL,NULL,NULL,NULL,NULL,NULL),
  (151,'StockImpl','AVGO','AVAGO TECHNOLOGIES LTD',NULL,NULL,NULL,'64947230',NULL,NULL,NULL,40,NULL,NULL,NULL,NULL,NULL,NULL,NULL,NULL,NULL,NULL,NULL,NULL,NULL,NULL,NULL),
  (152,'StockImpl','AVB','AVALONBAY COMMUNITIES INC',NULL,NULL,NULL,'5026974',NULL,NULL,NULL,40,NULL,NULL,NULL,NULL,NULL,NULL,NULL,NULL,NULL,NULL,NULL,NULL,NULL,NULL,NULL),
  (153,'StockImpl','AVY','AVERY DENNISON CORP',NULL,NULL,NULL,'4694',NULL,NULL,NULL,40,NULL,NULL,NULL,NULL,NULL,NULL,NULL,NULL,NULL,NULL,NULL,NULL,NULL,NULL,NULL),
  (154,'StockImpl','BBT','BB&T CORPORATION',NULL,NULL,NULL,'2806100',NULL,NULL,NULL,40,NULL,NULL,NULL,NULL,NULL,NULL,NULL,NULL,NULL,NULL,NULL,NULL,NULL,NULL,NULL),
  (155,'StockImpl','BHI','BAKER HUGHES INC',NULL,NULL,NULL,'4981',NULL,NULL,NULL,40,NULL,NULL,NULL,NULL,NULL,NULL,NULL,NULL,NULL,NULL,NULL,NULL,NULL,NULL,NULL),
  (156,'StockImpl','BLL','BALL CORP',NULL,NULL,NULL,'5052',NULL,NULL,NULL,40,NULL,NULL,NULL,NULL,NULL,NULL,NULL,NULL,NULL,NULL,NULL,NULL,NULL,NULL,NULL),
  (157,'StockImpl','BAC','BANK OF AMERICA CORP',NULL,NULL,NULL,'10098',NULL,NULL,NULL,40,NULL,NULL,NULL,NULL,NULL,NULL,NULL,NULL,NULL,NULL,NULL,NULL,NULL,NULL,NULL),
  (158,'StockImpl','BCR','CR BARD INC',NULL,NULL,NULL,'4851',NULL,NULL,NULL,40,NULL,NULL,NULL,NULL,NULL,NULL,NULL,NULL,NULL,NULL,NULL,NULL,NULL,NULL,NULL),
  (159,'StockImpl','BAX','BAXTER INTERNATIONAL INC.',NULL,NULL,NULL,'8111188',NULL,NULL,NULL,40,NULL,NULL,NULL,NULL,NULL,NULL,NULL,NULL,NULL,NULL,NULL,NULL,NULL,NULL,NULL),
  (160,'StockImpl','BDX','BECTON DICKINSON AND CO',NULL,NULL,NULL,'4886',NULL,NULL,NULL,40,NULL,NULL,NULL,NULL,NULL,NULL,NULL,NULL,NULL,NULL,NULL,NULL,NULL,NULL,NULL),
  (161,'StockImpl','BBBY','BED BATH & BEYOND INC',NULL,NULL,NULL,'266630',NULL,NULL,NULL,40,NULL,NULL,NULL,NULL,NULL,NULL,NULL,NULL,NULL,NULL,NULL,NULL,NULL,NULL,NULL),
  (162,'StockImpl','BBY','BEST BUY CO INC',NULL,NULL,NULL,'4817',NULL,NULL,NULL,40,NULL,NULL,NULL,NULL,NULL,NULL,NULL,NULL,NULL,NULL,NULL,NULL,NULL,NULL,NULL),
  (163,'StockImpl','BIIB','BIOGEN INC',NULL,NULL,NULL,'26734397',NULL,NULL,NULL,40,NULL,NULL,NULL,NULL,NULL,NULL,NULL,NULL,NULL,NULL,NULL,NULL,NULL,NULL,NULL),
  (164,'StockImpl','BLK','BLACKROCK INC',NULL,NULL,NULL,'5049',NULL,NULL,NULL,40,NULL,NULL,NULL,NULL,NULL,NULL,NULL,NULL,NULL,NULL,NULL,NULL,NULL,NULL,NULL),
  (165,'StockImpl','HRB','H&R BLOCK INC',NULL,NULL,NULL,'8130',NULL,NULL,NULL,40,NULL,NULL,NULL,NULL,NULL,NULL,NULL,NULL,NULL,NULL,NULL,NULL,NULL,NULL,NULL),
  (166,'StockImpl','BA','BOEING CO/THE',NULL,NULL,NULL,'4762',NULL,NULL,NULL,40,NULL,NULL,NULL,NULL,NULL,NULL,NULL,NULL,NULL,NULL,NULL,NULL,NULL,NULL,NULL),
  (167,'StockImpl','BWA','BORGWARNER INC',NULL,NULL,NULL,'5336',NULL,NULL,NULL,40,NULL,NULL,NULL,NULL,NULL,NULL,NULL,NULL,NULL,NULL,NULL,NULL,NULL,NULL,NULL),
  (168,'StockImpl','BXP','BOSTON PROPERTIES INC',NULL,NULL,NULL,'5021340',NULL,NULL,NULL,40,NULL,NULL,NULL,NULL,NULL,NULL,NULL,NULL,NULL,NULL,NULL,NULL,NULL,NULL,NULL),
  (169,'StockImpl','BSX','BOSTON SCIENTIFIC CORP',NULL,NULL,NULL,'5270',NULL,NULL,NULL,40,NULL,NULL,NULL,NULL,NULL,NULL,NULL,NULL,NULL,NULL,NULL,NULL,NULL,NULL,NULL),
  (170,'StockImpl','BMY','BRISTOL-MYERS SQUIBB CO',NULL,NULL,NULL,'5111',NULL,NULL,NULL,40,NULL,NULL,NULL,NULL,NULL,NULL,NULL,NULL,NULL,NULL,NULL,NULL,NULL,NULL,NULL),
  (171,'StockImpl','BRCM','BROADCOM CORP-CL A',NULL,NULL,NULL,'4457302',NULL,NULL,NULL,40,NULL,NULL,NULL,NULL,NULL,NULL,NULL,NULL,NULL,NULL,NULL,NULL,NULL,NULL,NULL),
  (172,'StockImpl','CA','CA INC',NULL,NULL,NULL,'37875225',NULL,NULL,NULL,40,NULL,NULL,NULL,NULL,NULL,NULL,NULL,NULL,NULL,NULL,NULL,NULL,NULL,NULL,NULL),
  (173,'StockImpl','CBG','CBRE GROUP INC - A',NULL,NULL,NULL,'95514904',NULL,NULL,NULL,40,NULL,NULL,NULL,NULL,NULL,NULL,NULL,NULL,NULL,NULL,NULL,NULL,NULL,NULL,NULL),
  (174,'StockImpl','CBS','CBS CORP-CLASS B NON VOTING',NULL,NULL,NULL,'37083548',NULL,NULL,NULL,40,NULL,NULL,NULL,NULL,NULL,NULL,NULL,NULL,NULL,NULL,NULL,NULL,NULL,NULL,NULL),
  (175,'StockImpl','CF','CF INDUSTRIES HOLDINGS INC',NULL,NULL,NULL,'35447205',NULL,NULL,NULL,40,NULL,NULL,NULL,NULL,NULL,NULL,NULL,NULL,NULL,NULL,NULL,NULL,NULL,NULL,NULL),
  (176,'StockImpl','CHRW','C.H. ROBINSON WORLDWIDE INC',NULL,NULL,NULL,'36320731',NULL,NULL,NULL,40,NULL,NULL,NULL,NULL,NULL,NULL,NULL,NULL,NULL,NULL,NULL,NULL,NULL,NULL,NULL),
  (177,'StockImpl','CME','CME GROUP INC',NULL,NULL,NULL,'45127739',NULL,NULL,NULL,40,NULL,NULL,NULL,NULL,NULL,NULL,NULL,NULL,NULL,NULL,NULL,NULL,NULL,NULL,NULL),
  (178,'StockImpl','CMS','CMS ENERGY CORP',NULL,NULL,NULL,'5840',NULL,NULL,NULL,40,NULL,NULL,NULL,NULL,NULL,NULL,NULL,NULL,NULL,NULL,NULL,NULL,NULL,NULL,NULL),
  (179,'StockImpl','CNX','CONSOL ENERGY INC.',NULL,NULL,NULL,'5103007',NULL,NULL,NULL,40,NULL,NULL,NULL,NULL,NULL,NULL,NULL,NULL,NULL,NULL,NULL,NULL,NULL,NULL,NULL),
  (180,'StockImpl','CSX','CSX CORP',NULL,NULL,NULL,'6150',NULL,NULL,NULL,40,NULL,NULL,NULL,NULL,NULL,NULL,NULL,NULL,NULL,NULL,NULL,NULL,NULL,NULL,NULL),
  (181,'StockImpl','CVS','CVS HEALTH CORP',NULL,NULL,NULL,'2585769',NULL,NULL,NULL,40,NULL,NULL,NULL,NULL,NULL,NULL,NULL,NULL,NULL,NULL,NULL,NULL,NULL,NULL,NULL),
  (182,'StockImpl','CVC','CABLEVISION SYSTEMS-NY GRP-A',NULL,NULL,NULL,'754274',NULL,NULL,NULL,40,NULL,NULL,NULL,NULL,NULL,NULL,NULL,NULL,NULL,NULL,NULL,NULL,NULL,NULL,NULL),
  (183,'StockImpl','COG','CABOT OIL & GAS CORP',NULL,NULL,NULL,'5946',NULL,NULL,NULL,40,NULL,NULL,NULL,NULL,NULL,NULL,NULL,NULL,NULL,NULL,NULL,NULL,NULL,NULL,NULL),
  (184,'StockImpl','CAM','CAMERON INTERNATIONAL CORP',NULL,NULL,NULL,'39110089',NULL,NULL,NULL,40,NULL,NULL,NULL,NULL,NULL,NULL,NULL,NULL,NULL,NULL,NULL,NULL,NULL,NULL,NULL),
  (185,'StockImpl','CPB','CAMPBELL SOUP CO',NULL,NULL,NULL,'5980',NULL,NULL,NULL,40,NULL,NULL,NULL,NULL,NULL,NULL,NULL,NULL,NULL,NULL,NULL,NULL,NULL,NULL,NULL),
  (186,'StockImpl','COF','CAPITAL ONE FINANCIAL CORP',NULL,NULL,NULL,'5941',NULL,NULL,NULL,40,NULL,NULL,NULL,NULL,NULL,NULL,NULL,NULL,NULL,NULL,NULL,NULL,NULL,NULL,NULL),
  (187,'StockImpl','CAH','CARDINAL HEALTH INC',NULL,NULL,NULL,'5407',NULL,NULL,NULL,40,NULL,NULL,NULL,NULL,NULL,NULL,NULL,NULL,NULL,NULL,NULL,NULL,NULL,NULL,NULL),
  (188,'StockImpl','KMX','CARMAX INC',NULL,NULL,NULL,'2586156',NULL,NULL,NULL,40,NULL,NULL,NULL,NULL,NULL,NULL,NULL,NULL,NULL,NULL,NULL,NULL,NULL,NULL,NULL),
  (189,'StockImpl','CCL','CARNIVAL CORP',NULL,NULL,NULL,'5516',NULL,NULL,NULL,40,NULL,NULL,NULL,NULL,NULL,NULL,NULL,NULL,NULL,NULL,NULL,NULL,NULL,NULL,NULL),
  (190,'StockImpl','CAT','CATERPILLAR INC',NULL,NULL,NULL,'5437',NULL,NULL,NULL,40,NULL,NULL,NULL,NULL,NULL,NULL,NULL,NULL,NULL,NULL,NULL,NULL,NULL,NULL,NULL),
  (191,'StockImpl','CELG','CELGENE CORP',NULL,NULL,NULL,'267455',NULL,NULL,NULL,40,NULL,NULL,NULL,NULL,NULL,NULL,NULL,NULL,NULL,NULL,NULL,NULL,NULL,NULL,NULL),
  (192,'StockImpl','CNP','CENTERPOINT ENERGY INC',NULL,NULL,NULL,'8093',NULL,NULL,NULL,40,NULL,NULL,NULL,NULL,NULL,NULL,NULL,NULL,NULL,NULL,NULL,NULL,NULL,NULL,NULL),
  (193,'StockImpl','CTL','CENTURYLINK INC',NULL,NULL,NULL,'6180',NULL,NULL,NULL,40,NULL,NULL,NULL,NULL,NULL,NULL,NULL,NULL,NULL,NULL,NULL,NULL,NULL,NULL,NULL),
  (194,'StockImpl','CERN','CERNER CORP',NULL,NULL,NULL,'267475',NULL,NULL,NULL,40,NULL,NULL,NULL,NULL,NULL,NULL,NULL,NULL,NULL,NULL,NULL,NULL,NULL,NULL,NULL),
  (195,'StockImpl','CHK','CHESAPEAKE ENERGY CORP',NULL,NULL,NULL,'661417',NULL,NULL,NULL,40,NULL,NULL,NULL,NULL,NULL,NULL,NULL,NULL,NULL,NULL,NULL,NULL,NULL,NULL,NULL),
  (196,'StockImpl','CVX','CHEVRON CORP',NULL,NULL,NULL,'5684',NULL,NULL,NULL,40,NULL,NULL,NULL,NULL,NULL,NULL,NULL,NULL,NULL,NULL,NULL,NULL,NULL,NULL,NULL),
  (197,'StockImpl','CMG','CHIPOTLE MEXICAN GRILL INC',NULL,NULL,NULL,'37655664',NULL,NULL,NULL,40,NULL,NULL,NULL,NULL,NULL,NULL,NULL,NULL,NULL,NULL,NULL,NULL,NULL,NULL,NULL),
  (198,'StockImpl','CB','CHUBB CORP',NULL,NULL,NULL,'5450',NULL,NULL,NULL,40,NULL,NULL,NULL,NULL,NULL,NULL,NULL,NULL,NULL,NULL,NULL,NULL,NULL,NULL,NULL),
  (199,'StockImpl','CI','CIGNA CORP',NULL,NULL,NULL,'5702',NULL,NULL,NULL,40,NULL,NULL,NULL,NULL,NULL,NULL,NULL,NULL,NULL,NULL,NULL,NULL,NULL,NULL,NULL),
  (200,'StockImpl','XEC','CIMAREX ENERGY CO',NULL,NULL,NULL,'16191746',NULL,NULL,NULL,40,NULL,NULL,NULL,NULL,NULL,NULL,NULL,NULL,NULL,NULL,NULL,NULL,NULL,NULL,NULL),
  (201,'StockImpl','CINF','CINCINNATI FINANCIAL CORP',NULL,NULL,NULL,'267661',NULL,NULL,NULL,40,NULL,NULL,NULL,NULL,NULL,NULL,NULL,NULL,NULL,NULL,NULL,NULL,NULL,NULL,NULL),
  (202,'StockImpl','CTAS','CINTAS CORP',NULL,NULL,NULL,'268149',NULL,NULL,NULL,40,NULL,NULL,NULL,NULL,NULL,NULL,NULL,NULL,NULL,NULL,NULL,NULL,NULL,NULL,NULL),
  (203,'StockImpl','CSCO','CISCO SYSTEMS INC',NULL,NULL,NULL,'268084',NULL,NULL,NULL,40,NULL,NULL,NULL,NULL,NULL,NULL,NULL,NULL,NULL,NULL,NULL,NULL,NULL,NULL,NULL),
  (204,'StockImpl','C','CITIGROUP INC',NULL,NULL,NULL,'87335484',NULL,NULL,NULL,40,NULL,NULL,NULL,NULL,NULL,NULL,NULL,NULL,NULL,NULL,NULL,NULL,NULL,NULL,NULL),
  (205,'StockImpl','CTXS','CITRIX SYSTEMS INC',NULL,NULL,NULL,'1767080',NULL,NULL,NULL,40,NULL,NULL,NULL,NULL,NULL,NULL,NULL,NULL,NULL,NULL,NULL,NULL,NULL,NULL,NULL),
  (206,'StockImpl','CLX','CLOROX COMPANY',NULL,NULL,NULL,'5794',NULL,NULL,NULL,40,NULL,NULL,NULL,NULL,NULL,NULL,NULL,NULL,NULL,NULL,NULL,NULL,NULL,NULL,NULL),
  (207,'StockImpl','COH','COACH INC',NULL,NULL,NULL,'10413985',NULL,NULL,NULL,40,NULL,NULL,NULL,NULL,NULL,NULL,NULL,NULL,NULL,NULL,NULL,NULL,NULL,NULL,NULL),
  (208,'StockImpl','KO','COCA-COLA CO/THE',NULL,NULL,NULL,'8894',NULL,NULL,NULL,40,NULL,NULL,NULL,NULL,NULL,NULL,NULL,NULL,NULL,NULL,NULL,NULL,NULL,NULL,NULL),
  (209,'StockImpl','CCE','COCA-COLA ENTERPRISES',NULL,NULL,NULL,'79595977',NULL,NULL,NULL,40,NULL,NULL,NULL,NULL,NULL,NULL,NULL,NULL,NULL,NULL,NULL,NULL,NULL,NULL,NULL),
  (210,'StockImpl','CTSH','COGNIZANT TECH SOLUTIONS-A',NULL,NULL,NULL,'4728759',NULL,NULL,NULL,40,NULL,NULL,NULL,NULL,NULL,NULL,NULL,NULL,NULL,NULL,NULL,NULL,NULL,NULL,NULL),
  (211,'StockImpl','CL','COLGATE-PALMOLIVE CO',NULL,NULL,NULL,'5749',NULL,NULL,NULL,40,NULL,NULL,NULL,NULL,NULL,NULL,NULL,NULL,NULL,NULL,NULL,NULL,NULL,NULL,NULL),
  (212,'StockImpl','CMCSA','COMCAST CORP-CLASS A',NULL,NULL,NULL,'267748',NULL,NULL,NULL,40,NULL,NULL,NULL,NULL,NULL,NULL,NULL,NULL,NULL,NULL,NULL,NULL,NULL,NULL,NULL),
  (213,'StockImpl','CMA','COMERICA INC',NULL,NULL,NULL,'5800',NULL,NULL,NULL,40,NULL,NULL,NULL,NULL,NULL,NULL,NULL,NULL,NULL,NULL,NULL,NULL,NULL,NULL,NULL),
  (214,'StockImpl','CSC','COMPUTER SCIENCES CORP',NULL,NULL,NULL,'6100',NULL,NULL,NULL,40,NULL,NULL,NULL,NULL,NULL,NULL,NULL,NULL,NULL,NULL,NULL,NULL,NULL,NULL,NULL),
  (215,'StockImpl','CAG','CONAGRA FOODS INC',NULL,NULL,NULL,'5402',NULL,NULL,NULL,40,NULL,NULL,NULL,NULL,NULL,NULL,NULL,NULL,NULL,NULL,NULL,NULL,NULL,NULL,NULL),
  (216,'StockImpl','COP','CONOCOPHILLIPS',NULL,NULL,NULL,'10885',NULL,NULL,NULL,40,NULL,NULL,NULL,NULL,NULL,NULL,NULL,NULL,NULL,NULL,NULL,NULL,NULL,NULL,NULL),
  (217,'StockImpl','ED','CONSOLIDATED EDISON INC',NULL,NULL,NULL,'6691',NULL,NULL,NULL,40,NULL,NULL,NULL,NULL,NULL,NULL,NULL,NULL,NULL,NULL,NULL,NULL,NULL,NULL,NULL),
  (218,'StockImpl','STZ','CONSTELLATION BRANDS INC-A',NULL,NULL,NULL,'276066',NULL,NULL,NULL,40,NULL,NULL,NULL,NULL,NULL,NULL,NULL,NULL,NULL,NULL,NULL,NULL,NULL,NULL,NULL),
  (219,'StockImpl','GLW','CORNING INC',NULL,NULL,NULL,'7655',NULL,NULL,NULL,40,NULL,NULL,NULL,NULL,NULL,NULL,NULL,NULL,NULL,NULL,NULL,NULL,NULL,NULL,NULL),
  (220,'StockImpl','COST','COSTCO WHOLESALE CORP',NULL,NULL,NULL,'272997',NULL,NULL,NULL,40,NULL,NULL,NULL,NULL,NULL,NULL,NULL,NULL,NULL,NULL,NULL,NULL,NULL,NULL,NULL),
  (221,'StockImpl','CCI','CROWN CASTLE INTL CORP',NULL,NULL,NULL,'176571182',NULL,NULL,NULL,40,NULL,NULL,NULL,NULL,NULL,NULL,NULL,NULL,NULL,NULL,NULL,NULL,NULL,NULL,NULL),
  (222,'StockImpl','CMI','CUMMINS INC',NULL,NULL,NULL,'6207',NULL,NULL,NULL,40,NULL,NULL,NULL,NULL,NULL,NULL,NULL,NULL,NULL,NULL,NULL,NULL,NULL,NULL,NULL),
  (223,'StockImpl','DTV','DIRECTV',NULL,NULL,NULL,'112929551',NULL,NULL,NULL,40,NULL,NULL,NULL,NULL,NULL,NULL,NULL,NULL,NULL,NULL,NULL,NULL,NULL,NULL,NULL),
  (224,'StockImpl','DTE','DTE ENERGY COMPANY',NULL,NULL,NULL,'6585',NULL,NULL,NULL,40,NULL,NULL,NULL,NULL,NULL,NULL,NULL,NULL,NULL,NULL,NULL,NULL,NULL,NULL,NULL),
  (225,'StockImpl','DVA','DAVITA HEALTHCARE PARTNERS I',NULL,NULL,NULL,'1035459',NULL,NULL,NULL,40,NULL,NULL,NULL,NULL,NULL,NULL,NULL,NULL,NULL,NULL,NULL,NULL,NULL,NULL,NULL),
  (226,'StockImpl','DHR','DANAHER CORP',NULL,NULL,NULL,'6442',NULL,NULL,NULL,40,NULL,NULL,NULL,NULL,NULL,NULL,NULL,NULL,NULL,NULL,NULL,NULL,NULL,NULL,NULL),
  (227,'StockImpl','DRI','DARDEN RESTAURANTS INC',NULL,NULL,NULL,'661440',NULL,NULL,NULL,40,NULL,NULL,NULL,NULL,NULL,NULL,NULL,NULL,NULL,NULL,NULL,NULL,NULL,NULL,NULL),
  (228,'StockImpl','DE','DEERE & CO',NULL,NULL,NULL,'6393',NULL,NULL,NULL,40,NULL,NULL,NULL,NULL,NULL,NULL,NULL,NULL,NULL,NULL,NULL,NULL,NULL,NULL,NULL),
  (229,'StockImpl','DLPH','DELPHI AUTOMOTIVE PLC',NULL,NULL,NULL,'97478493',NULL,NULL,NULL,40,NULL,NULL,NULL,NULL,NULL,NULL,NULL,NULL,NULL,NULL,NULL,NULL,NULL,NULL,NULL),
  (230,'StockImpl','DAL','DELTA AIR LINES INC.',NULL,NULL,NULL,'44001820',NULL,NULL,NULL,40,NULL,NULL,NULL,NULL,NULL,NULL,NULL,NULL,NULL,NULL,NULL,NULL,NULL,NULL,NULL),
  (231,'StockImpl','XRAY','DENTSPLY INTL INC',NULL,NULL,NULL,'276229',NULL,NULL,NULL,40,NULL,NULL,NULL,NULL,NULL,NULL,NULL,NULL,NULL,NULL,NULL,NULL,NULL,NULL,NULL),
  (232,'StockImpl','DVN','DEVON ENERGY CORP',NULL,NULL,NULL,'754442',NULL,NULL,NULL,40,NULL,NULL,NULL,NULL,NULL,NULL,NULL,NULL,NULL,NULL,NULL,NULL,NULL,NULL,NULL),
  (233,'StockImpl','DO','DIAMOND OFFSHORE DRILLING',NULL,NULL,NULL,'1311127',NULL,NULL,NULL,40,NULL,NULL,NULL,NULL,NULL,NULL,NULL,NULL,NULL,NULL,NULL,NULL,NULL,NULL,NULL),
  (234,'StockImpl','DFS','DISCOVER FINANCIAL SERVICES',NULL,NULL,NULL,'44652220',NULL,NULL,NULL,40,NULL,NULL,NULL,NULL,NULL,NULL,NULL,NULL,NULL,NULL,NULL,NULL,NULL,NULL,NULL),
  (235,'StockImpl','DISCA','DISCOVERY COMMUNICATIONS-A',NULL,NULL,NULL,'53855036',NULL,NULL,NULL,40,NULL,NULL,NULL,NULL,NULL,NULL,NULL,NULL,NULL,NULL,NULL,NULL,NULL,NULL,NULL),
  (236,'StockImpl','DISCK','DISCOVERY COMMUNICATIONS-C',NULL,NULL,NULL,'53855095',NULL,NULL,NULL,40,NULL,NULL,NULL,NULL,NULL,NULL,NULL,NULL,NULL,NULL,NULL,NULL,NULL,NULL,NULL),
  (237,'StockImpl','DG','DOLLAR GENERAL CORP',NULL,NULL,NULL,'70212228',NULL,NULL,NULL,40,NULL,NULL,NULL,NULL,NULL,NULL,NULL,NULL,NULL,NULL,NULL,NULL,NULL,NULL,NULL),
  (238,'StockImpl','DLTR','DOLLAR TREE INC',NULL,NULL,NULL,'49388062',NULL,NULL,NULL,40,NULL,NULL,NULL,NULL,NULL,NULL,NULL,NULL,NULL,NULL,NULL,NULL,NULL,NULL,NULL),
  (239,'StockImpl','D','DOMINION RESOURCES INC/VA',NULL,NULL,NULL,'6327',NULL,NULL,NULL,40,NULL,NULL,NULL,NULL,NULL,NULL,NULL,NULL,NULL,NULL,NULL,NULL,NULL,NULL,NULL),
  (240,'StockImpl','DOV','DOVER CORP',NULL,NULL,NULL,'6517',NULL,NULL,NULL,40,NULL,NULL,NULL,NULL,NULL,NULL,NULL,NULL,NULL,NULL,NULL,NULL,NULL,NULL,NULL),
  (241,'StockImpl','DOW','DOW CHEMICAL CO/THE',NULL,NULL,NULL,'6522',NULL,NULL,NULL,40,NULL,NULL,NULL,NULL,NULL,NULL,NULL,NULL,NULL,NULL,NULL,NULL,NULL,NULL,NULL),
  (242,'StockImpl','DPS','DR PEPPER SNAPPLE GROUP INC',NULL,NULL,NULL,'50860546',NULL,NULL,NULL,40,NULL,NULL,NULL,NULL,NULL,NULL,NULL,NULL,NULL,NULL,NULL,NULL,NULL,NULL,NULL),
  (243,'StockImpl','DUK','DUKE ENERGY CORP',NULL,NULL,NULL,'110176011',NULL,NULL,NULL,40,NULL,NULL,NULL,NULL,NULL,NULL,NULL,NULL,NULL,NULL,NULL,NULL,NULL,NULL,NULL),
  (244,'StockImpl','DNB','DUN & BRADSTREET CORPORATION',NULL,NULL,NULL,'1715032',NULL,NULL,NULL,40,NULL,NULL,NULL,NULL,NULL,NULL,NULL,NULL,NULL,NULL,NULL,NULL,NULL,NULL,NULL),
  (245,'StockImpl','ETFC','E*TRADE FINANCIAL CORPORATION',NULL,NULL,NULL,'75961319',NULL,NULL,NULL,40,NULL,NULL,NULL,NULL,NULL,NULL,NULL,NULL,NULL,NULL,NULL,NULL,NULL,NULL,NULL),
  (246,'StockImpl','DD','DU PONT (E.I.) DE NEMOURS',NULL,NULL,NULL,'6366',NULL,NULL,NULL,40,NULL,NULL,NULL,NULL,NULL,NULL,NULL,NULL,NULL,NULL,NULL,NULL,NULL,NULL,NULL),
  (247,'StockImpl','EMC','EMC CORP/MA',NULL,NULL,NULL,'6813',NULL,NULL,NULL,40,NULL,NULL,NULL,NULL,NULL,NULL,NULL,NULL,NULL,NULL,NULL,NULL,NULL,NULL,NULL),
  (248,'StockImpl','EOG','EOG RESOURCES INC',NULL,NULL,NULL,'6890',NULL,NULL,NULL,40,NULL,NULL,NULL,NULL,NULL,NULL,NULL,NULL,NULL,NULL,NULL,NULL,NULL,NULL,NULL),
  (249,'StockImpl','EQT','EQT CORP',NULL,NULL,NULL,'57698865',NULL,NULL,NULL,40,NULL,NULL,NULL,NULL,NULL,NULL,NULL,NULL,NULL,NULL,NULL,NULL,NULL,NULL,NULL),
  (250,'StockImpl','EMN','EASTMAN CHEMICAL CO',NULL,NULL,NULL,'6832',NULL,NULL,NULL,40,NULL,NULL,NULL,NULL,NULL,NULL,NULL,NULL,NULL,NULL,NULL,NULL,NULL,NULL,NULL),
  (251,'StockImpl','ETN','EATON CORP PLC',NULL,NULL,NULL,'118017869',NULL,NULL,NULL,40,NULL,NULL,NULL,NULL,NULL,NULL,NULL,NULL,NULL,NULL,NULL,NULL,NULL,NULL,NULL),
  (252,'StockImpl','ECL','ECOLAB INC',NULL,NULL,NULL,'6682',NULL,NULL,NULL,40,NULL,NULL,NULL,NULL,NULL,NULL,NULL,NULL,NULL,NULL,NULL,NULL,NULL,NULL,NULL),
  (253,'StockImpl','EIX','EDISON INTL',NULL,NULL,NULL,'11899',NULL,NULL,NULL,40,NULL,NULL,NULL,NULL,NULL,NULL,NULL,NULL,NULL,NULL,NULL,NULL,NULL,NULL,NULL),
  (254,'StockImpl','EW','EDWARDS LIFESCIENCES CORP',NULL,NULL,NULL,'8101142',NULL,NULL,NULL,40,NULL,NULL,NULL,NULL,NULL,NULL,NULL,NULL,NULL,NULL,NULL,NULL,NULL,NULL,NULL),
  (255,'StockImpl','EA','ELECTRONIC ARTS INC',NULL,NULL,NULL,'268995',NULL,NULL,NULL,40,NULL,NULL,NULL,NULL,NULL,NULL,NULL,NULL,NULL,NULL,NULL,NULL,NULL,NULL,NULL),
  (256,'StockImpl','EMR','EMERSON ELECTRIC CO',NULL,NULL,NULL,'6842',NULL,NULL,NULL,40,NULL,NULL,NULL,NULL,NULL,NULL,NULL,NULL,NULL,NULL,NULL,NULL,NULL,NULL,NULL),
  (257,'StockImpl','ENDP','ENDO INTERNATIONAL PLC',NULL,NULL,NULL,'145588883',NULL,NULL,NULL,40,NULL,NULL,NULL,NULL,NULL,NULL,NULL,NULL,NULL,NULL,NULL,NULL,NULL,NULL,NULL),
  (258,'StockImpl','ESV','ENSCO PLC-CL A',NULL,NULL,NULL,'107375361',NULL,NULL,NULL,40,NULL,NULL,NULL,NULL,NULL,NULL,NULL,NULL,NULL,NULL,NULL,NULL,NULL,NULL,NULL),
  (259,'StockImpl','ETR','ENTERGY CORP',NULL,NULL,NULL,'6969',NULL,NULL,NULL,40,NULL,NULL,NULL,NULL,NULL,NULL,NULL,NULL,NULL,NULL,NULL,NULL,NULL,NULL,NULL),
  (260,'StockImpl','EFX','EQUIFAX INC',NULL,NULL,NULL,'6735',NULL,NULL,NULL,40,NULL,NULL,NULL,NULL,NULL,NULL,NULL,NULL,NULL,NULL,NULL,NULL,NULL,NULL,NULL),
  (261,'StockImpl','EQIX','EQUINIX INC',NULL,NULL,NULL,'181764593',NULL,NULL,NULL,40,NULL,NULL,NULL,NULL,NULL,NULL,NULL,NULL,NULL,NULL,NULL,NULL,NULL,NULL,NULL),
  (262,'StockImpl','EQR','EQUITY RESIDENTIAL',NULL,NULL,NULL,'6917',NULL,NULL,NULL,40,NULL,NULL,NULL,NULL,NULL,NULL,NULL,NULL,NULL,NULL,NULL,NULL,NULL,NULL,NULL),
  (263,'StockImpl','ESS','ESSEX PROPERTY TRUST INC',NULL,NULL,NULL,'6946',NULL,NULL,NULL,40,NULL,NULL,NULL,NULL,NULL,NULL,NULL,NULL,NULL,NULL,NULL,NULL,NULL,NULL,NULL),
  (264,'StockImpl','EL','ESTEE LAUDER COMPANIES-CL A',NULL,NULL,NULL,'1448477',NULL,NULL,NULL,40,NULL,NULL,NULL,NULL,NULL,NULL,NULL,NULL,NULL,NULL,NULL,NULL,NULL,NULL,NULL),
  (265,'StockImpl','ES','EVERSOURCE ENERGY',NULL,NULL,NULL,'182880167',NULL,NULL,NULL,40,NULL,NULL,NULL,NULL,NULL,NULL,NULL,NULL,NULL,NULL,NULL,NULL,NULL,NULL,NULL),
  (266,'StockImpl','EXC','EXELON CORP',NULL,NULL,NULL,'11000',NULL,NULL,NULL,40,NULL,NULL,NULL,NULL,NULL,NULL,NULL,NULL,NULL,NULL,NULL,NULL,NULL,NULL,NULL),
  (267,'StockImpl','EXPE','EXPEDIA INC',NULL,NULL,NULL,'98542021',NULL,NULL,NULL,40,NULL,NULL,NULL,NULL,NULL,NULL,NULL,NULL,NULL,NULL,NULL,NULL,NULL,NULL,NULL),
  (268,'StockImpl','EXPD','EXPEDITORS INTL WASH INC',NULL,NULL,NULL,'269082',NULL,NULL,NULL,40,NULL,NULL,NULL,NULL,NULL,NULL,NULL,NULL,NULL,NULL,NULL,NULL,NULL,NULL,NULL),
  (269,'StockImpl','ESRX','EXPRESS SCRIPTS HOLDING CO',NULL,NULL,NULL,'105430010',NULL,NULL,NULL,40,NULL,NULL,NULL,NULL,NULL,NULL,NULL,NULL,NULL,NULL,NULL,NULL,NULL,NULL,NULL),
  (270,'StockImpl','XOM','EXXON MOBIL CORP',NULL,NULL,NULL,'13977',NULL,NULL,NULL,40,NULL,NULL,NULL,NULL,NULL,NULL,NULL,NULL,NULL,NULL,NULL,NULL,NULL,NULL,NULL),
  (271,'StockImpl','FFIV','F5 NETWORKS INC',NULL,NULL,NULL,'6248713',NULL,NULL,NULL,40,NULL,NULL,NULL,NULL,NULL,NULL,NULL,NULL,NULL,NULL,NULL,NULL,NULL,NULL,NULL),
  (272,'StockImpl','FLIR','FLIR SYSTEMS INC',NULL,NULL,NULL,'269345',NULL,NULL,NULL,40,NULL,NULL,NULL,NULL,NULL,NULL,NULL,NULL,NULL,NULL,NULL,NULL,NULL,NULL,NULL),
  (273,'StockImpl','FMC','FMC CORP',NULL,NULL,NULL,'7238',NULL,NULL,NULL,40,NULL,NULL,NULL,NULL,NULL,NULL,NULL,NULL,NULL,NULL,NULL,NULL,NULL,NULL,NULL),
  (274,'StockImpl','FTI','FMC TECHNOLOGIES INC',NULL,NULL,NULL,'12379601',NULL,NULL,NULL,40,NULL,NULL,NULL,NULL,NULL,NULL,NULL,NULL,NULL,NULL,NULL,NULL,NULL,NULL,NULL),
  (275,'StockImpl','FB','FACEBOOK INC-A',NULL,NULL,NULL,'107113386',NULL,NULL,NULL,40,NULL,NULL,NULL,NULL,NULL,NULL,NULL,NULL,NULL,NULL,NULL,NULL,NULL,NULL,NULL),
  (276,'StockImpl','FAST','FASTENAL CO',NULL,NULL,NULL,'269120',NULL,NULL,NULL,40,NULL,NULL,NULL,NULL,NULL,NULL,NULL,NULL,NULL,NULL,NULL,NULL,NULL,NULL,NULL),
  (277,'StockImpl','FDX','FEDEX CORPORATION',NULL,NULL,NULL,'5100583',NULL,NULL,NULL,40,NULL,NULL,NULL,NULL,NULL,NULL,NULL,NULL,NULL,NULL,NULL,NULL,NULL,NULL,NULL),
  (278,'StockImpl','FIS','FIDELITY NATIONAL INFO SERV',NULL,NULL,NULL,'37866641',NULL,NULL,NULL,40,NULL,NULL,NULL,NULL,NULL,NULL,NULL,NULL,NULL,NULL,NULL,NULL,NULL,NULL,NULL),
  (279,'StockImpl','FITB','FIFTH THIRD BANCORP',NULL,NULL,NULL,'269318',NULL,NULL,NULL,40,NULL,NULL,NULL,NULL,NULL,NULL,NULL,NULL,NULL,NULL,NULL,NULL,NULL,NULL,NULL),
  (280,'StockImpl','FSLR','FIRST SOLAR INC',NULL,NULL,NULL,'41622169',NULL,NULL,NULL,40,NULL,NULL,NULL,NULL,NULL,NULL,NULL,NULL,NULL,NULL,NULL,NULL,NULL,NULL,NULL),
  (281,'StockImpl','FE','FIRSTENERGY CORP',NULL,NULL,NULL,'3265376',NULL,NULL,NULL,40,NULL,NULL,NULL,NULL,NULL,NULL,NULL,NULL,NULL,NULL,NULL,NULL,NULL,NULL,NULL),
  (282,'StockImpl','FISV','FISERV INC',NULL,NULL,NULL,'269315',NULL,NULL,NULL,40,NULL,NULL,NULL,NULL,NULL,NULL,NULL,NULL,NULL,NULL,NULL,NULL,NULL,NULL,NULL),
  (283,'StockImpl','FLS','FLOWSERVE CORP',NULL,NULL,NULL,'6477749',NULL,NULL,NULL,40,NULL,NULL,NULL,NULL,NULL,NULL,NULL,NULL,NULL,NULL,NULL,NULL,NULL,NULL,NULL),
  (284,'StockImpl','FLR','FLUOR CORP',NULL,NULL,NULL,'11218575',NULL,NULL,NULL,40,NULL,NULL,NULL,NULL,NULL,NULL,NULL,NULL,NULL,NULL,NULL,NULL,NULL,NULL,NULL),
  (285,'StockImpl','F','FORD MOTOR CO',NULL,NULL,NULL,'9599491',NULL,NULL,NULL,40,NULL,NULL,NULL,NULL,NULL,NULL,NULL,NULL,NULL,NULL,NULL,NULL,NULL,NULL,NULL),
  (286,'StockImpl','FOSL','FOSSIL GROUP INC',NULL,NULL,NULL,'128937778',NULL,NULL,NULL,40,NULL,NULL,NULL,NULL,NULL,NULL,NULL,NULL,NULL,NULL,NULL,NULL,NULL,NULL,NULL),
  (287,'StockImpl','BEN','FRANKLIN RESOURCES INC',NULL,NULL,NULL,'4906',NULL,NULL,NULL,40,NULL,NULL,NULL,NULL,NULL,NULL,NULL,NULL,NULL,NULL,NULL,NULL,NULL,NULL,NULL),
  (288,'StockImpl','FCX','FREEPORT-MCMORAN INC',NULL,NULL,NULL,'7089',NULL,NULL,NULL,40,NULL,NULL,NULL,NULL,NULL,NULL,NULL,NULL,NULL,NULL,NULL,NULL,NULL,NULL,NULL),
  (289,'StockImpl','FTR','FRONTIER COMMUNICATIONS CORP',NULL,NULL,NULL,'51575076',NULL,NULL,NULL,40,NULL,NULL,NULL,NULL,NULL,NULL,NULL,NULL,NULL,NULL,NULL,NULL,NULL,NULL,NULL),
  (290,'StockImpl','GME','GAMESTOP CORP-CLASS A',NULL,NULL,NULL,'36285627',NULL,NULL,NULL,40,NULL,NULL,NULL,NULL,NULL,NULL,NULL,NULL,NULL,NULL,NULL,NULL,NULL,NULL,NULL),
  (291,'StockImpl','GPS','GAP INC/THE',NULL,NULL,NULL,'7765',NULL,NULL,NULL,40,NULL,NULL,NULL,NULL,NULL,NULL,NULL,NULL,NULL,NULL,NULL,NULL,NULL,NULL,NULL),
  (292,'StockImpl','GRMN','GARMIN LTD',NULL,NULL,NULL,'76791198',NULL,NULL,NULL,40,NULL,NULL,NULL,NULL,NULL,NULL,NULL,NULL,NULL,NULL,NULL,NULL,NULL,NULL,NULL),
  (293,'StockImpl','GD','GENERAL DYNAMICS CORP',NULL,NULL,NULL,'7496',NULL,NULL,NULL,40,NULL,NULL,NULL,NULL,NULL,NULL,NULL,NULL,NULL,NULL,NULL,NULL,NULL,NULL,NULL),
  (294,'StockImpl','GE','GENERAL ELECTRIC CO',NULL,NULL,NULL,'7516',NULL,NULL,NULL,40,NULL,NULL,NULL,NULL,NULL,NULL,NULL,NULL,NULL,NULL,NULL,NULL,NULL,NULL,NULL),
  (295,'StockImpl','GGP','GENERAL GROWTH PROPERTIES',NULL,NULL,NULL,'80664970',NULL,NULL,NULL,40,NULL,NULL,NULL,NULL,NULL,NULL,NULL,NULL,NULL,NULL,NULL,NULL,NULL,NULL,NULL),
  (296,'StockImpl','GIS','GENERAL MILLS INC',NULL,NULL,NULL,'7616',NULL,NULL,NULL,40,NULL,NULL,NULL,NULL,NULL,NULL,NULL,NULL,NULL,NULL,NULL,NULL,NULL,NULL,NULL),
  (297,'StockImpl','GM','GENERAL MOTORS CO',NULL,NULL,NULL,'80986742',NULL,NULL,NULL,40,NULL,NULL,NULL,NULL,NULL,NULL,NULL,NULL,NULL,NULL,NULL,NULL,NULL,NULL,NULL),
  (298,'StockImpl','GPC','GENUINE PARTS CO',NULL,NULL,NULL,'7745',NULL,NULL,NULL,40,NULL,NULL,NULL,NULL,NULL,NULL,NULL,NULL,NULL,NULL,NULL,NULL,NULL,NULL,NULL),
  (299,'StockImpl','GNW','GENWORTH FINANCIAL INC-CL A',NULL,NULL,NULL,'29110391',NULL,NULL,NULL,40,NULL,NULL,NULL,NULL,NULL,NULL,NULL,NULL,NULL,NULL,NULL,NULL,NULL,NULL,NULL),
  (300,'StockImpl','GILD','GILEAD SCIENCES INC',NULL,NULL,NULL,'269753',NULL,NULL,NULL,40,NULL,NULL,NULL,NULL,NULL,NULL,NULL,NULL,NULL,NULL,NULL,NULL,NULL,NULL,NULL),
  (301,'StockImpl','GS','GOLDMAN SACHS GROUP INC',NULL,NULL,NULL,'4627828',NULL,NULL,NULL,40,NULL,NULL,NULL,NULL,NULL,NULL,NULL,NULL,NULL,NULL,NULL,NULL,NULL,NULL,NULL),
  (302,'StockImpl','GT','GOODYEAR TIRE & RUBBER CO',NULL,NULL,NULL,'7830',NULL,NULL,NULL,40,NULL,NULL,NULL,NULL,NULL,NULL,NULL,NULL,NULL,NULL,NULL,NULL,NULL,NULL,NULL),
  (303,'StockImpl','GOOGL','GOOGLE INC-CL A',NULL,NULL,NULL,'30351181',NULL,NULL,NULL,40,NULL,NULL,NULL,NULL,NULL,NULL,NULL,NULL,NULL,NULL,NULL,NULL,NULL,NULL,NULL),
  (304,'StockImpl','GOOG','GOOGLE INC-CL C',NULL,NULL,NULL,'147346161',NULL,NULL,NULL,40,NULL,NULL,NULL,NULL,NULL,NULL,NULL,NULL,NULL,NULL,NULL,NULL,NULL,NULL,NULL),
  (305,'StockImpl','GWW','WW GRAINGER INC',NULL,NULL,NULL,'7867',NULL,NULL,NULL,40,NULL,NULL,NULL,NULL,NULL,NULL,NULL,NULL,NULL,NULL,NULL,NULL,NULL,NULL,NULL),
  (306,'StockImpl','HCA','HCA HOLDINGS INC',NULL,NULL,NULL,'85076790',NULL,NULL,NULL,40,NULL,NULL,NULL,NULL,NULL,NULL,NULL,NULL,NULL,NULL,NULL,NULL,NULL,NULL,NULL),
  (307,'StockImpl','HCP','HCP INC',NULL,NULL,NULL,'46126937',NULL,NULL,NULL,40,NULL,NULL,NULL,NULL,NULL,NULL,NULL,NULL,NULL,NULL,NULL,NULL,NULL,NULL,NULL),
  (308,'StockImpl','HAL','HALLIBURTON CO',NULL,NULL,NULL,'7890',NULL,NULL,NULL,40,NULL,NULL,NULL,NULL,NULL,NULL,NULL,NULL,NULL,NULL,NULL,NULL,NULL,NULL,NULL),
  (309,'StockImpl','HBI','HANESBRANDS INC.',NULL,NULL,NULL,'40369429',NULL,NULL,NULL,40,NULL,NULL,NULL,NULL,NULL,NULL,NULL,NULL,NULL,NULL,NULL,NULL,NULL,NULL,NULL),
  (310,'StockImpl','HOG','HARLEY-DAVIDSON INC',NULL,NULL,NULL,'7935',NULL,NULL,NULL,40,NULL,NULL,NULL,NULL,NULL,NULL,NULL,NULL,NULL,NULL,NULL,NULL,NULL,NULL,NULL),
  (311,'StockImpl','HAR','HARMAN INTERNATIONAL',NULL,NULL,NULL,'7896',NULL,NULL,NULL,40,NULL,NULL,NULL,NULL,NULL,NULL,NULL,NULL,NULL,NULL,NULL,NULL,NULL,NULL,NULL),
  (312,'StockImpl','HRS','HARRIS CORP',NULL,NULL,NULL,'8160',NULL,NULL,NULL,40,NULL,NULL,NULL,NULL,NULL,NULL,NULL,NULL,NULL,NULL,NULL,NULL,NULL,NULL,NULL),
  (313,'StockImpl','HIG','HARTFORD FINANCIAL SVCS GRP',NULL,NULL,NULL,'1217009',NULL,NULL,NULL,40,NULL,NULL,NULL,NULL,NULL,NULL,NULL,NULL,NULL,NULL,NULL,NULL,NULL,NULL,NULL),
  (314,'StockImpl','HAS','HASBRO INC',NULL,NULL,NULL,'754956',NULL,NULL,NULL,40,NULL,NULL,NULL,NULL,NULL,NULL,NULL,NULL,NULL,NULL,NULL,NULL,NULL,NULL,NULL),
  (315,'StockImpl','HCN','HEALTH CARE REIT INC',NULL,NULL,NULL,'7918',NULL,NULL,NULL,40,NULL,NULL,NULL,NULL,NULL,NULL,NULL,NULL,NULL,NULL,NULL,NULL,NULL,NULL,NULL),
  (316,'StockImpl','HP','HELMERICH & PAYNE',NULL,NULL,NULL,'8097',NULL,NULL,NULL,40,NULL,NULL,NULL,NULL,NULL,NULL,NULL,NULL,NULL,NULL,NULL,NULL,NULL,NULL,NULL),
  (317,'StockImpl','HSY','HERSHEY CO/THE',NULL,NULL,NULL,'8199',NULL,NULL,NULL,40,NULL,NULL,NULL,NULL,NULL,NULL,NULL,NULL,NULL,NULL,NULL,NULL,NULL,NULL,NULL),
  (318,'StockImpl','HES','HESS CORP',NULL,NULL,NULL,'39118796',NULL,NULL,NULL,40,NULL,NULL,NULL,NULL,NULL,NULL,NULL,NULL,NULL,NULL,NULL,NULL,NULL,NULL,NULL),
  (319,'StockImpl','HPQ','HEWLETT-PACKARD CO',NULL,NULL,NULL,'9042756',NULL,NULL,NULL,40,NULL,NULL,NULL,NULL,NULL,NULL,NULL,NULL,NULL,NULL,NULL,NULL,NULL,NULL,NULL),
  (320,'StockImpl','HD','HOME DEPOT INC',NULL,NULL,NULL,'7930',NULL,NULL,NULL,40,NULL,NULL,NULL,NULL,NULL,NULL,NULL,NULL,NULL,NULL,NULL,NULL,NULL,NULL,NULL),
  (321,'StockImpl','HON','HONEYWELL INTERNATIONAL INC',NULL,NULL,NULL,'4350',NULL,NULL,NULL,40,NULL,NULL,NULL,NULL,NULL,NULL,NULL,NULL,NULL,NULL,NULL,NULL,NULL,NULL,NULL),
  (322,'StockImpl','HRL','HORMEL FOODS CORP',NULL,NULL,NULL,'8153',NULL,NULL,NULL,40,NULL,NULL,NULL,NULL,NULL,NULL,NULL,NULL,NULL,NULL,NULL,NULL,NULL,NULL,NULL),
  (323,'StockImpl','DHI','DR HORTON INC',NULL,NULL,NULL,'268627',NULL,NULL,NULL,40,NULL,NULL,NULL,NULL,NULL,NULL,NULL,NULL,NULL,NULL,NULL,NULL,NULL,NULL,NULL),
  (324,'StockImpl','HSP','HOSPIRA INC',NULL,NULL,NULL,'28774539',NULL,NULL,NULL,40,NULL,NULL,NULL,NULL,NULL,NULL,NULL,NULL,NULL,NULL,NULL,NULL,NULL,NULL,NULL),
  (325,'StockImpl','HST','HOST HOTELS & RESORTS INC',NULL,NULL,NULL,'8057',NULL,NULL,NULL,40,NULL,NULL,NULL,NULL,NULL,NULL,NULL,NULL,NULL,NULL,NULL,NULL,NULL,NULL,NULL),
  (326,'StockImpl','HCBK','HUDSON CITY BANCORP INC',NULL,NULL,NULL,'6857620',NULL,NULL,NULL,40,NULL,NULL,NULL,NULL,NULL,NULL,NULL,NULL,NULL,NULL,NULL,NULL,NULL,NULL,NULL),
  (327,'StockImpl','HUM','HUMANA INC',NULL,NULL,NULL,'8251',NULL,NULL,NULL,40,NULL,NULL,NULL,NULL,NULL,NULL,NULL,NULL,NULL,NULL,NULL,NULL,NULL,NULL,NULL),
  (328,'StockImpl','HBAN','HUNTINGTON BANCSHARES INC',NULL,NULL,NULL,'270018',NULL,NULL,NULL,40,NULL,NULL,NULL,NULL,NULL,NULL,NULL,NULL,NULL,NULL,NULL,NULL,NULL,NULL,NULL),
  (329,'StockImpl','ITW','ILLINOIS TOOL WORKS',NULL,NULL,NULL,'8620',NULL,NULL,NULL,40,NULL,NULL,NULL,NULL,NULL,NULL,NULL,NULL,NULL,NULL,NULL,NULL,NULL,NULL,NULL),
  (330,'StockImpl','IR','INGERSOLL-RAND PLC',NULL,NULL,NULL,'61440265',NULL,NULL,NULL,40,NULL,NULL,NULL,NULL,NULL,NULL,NULL,NULL,NULL,NULL,NULL,NULL,NULL,NULL,NULL),
  (331,'StockImpl','INTC','INTEL CORP',NULL,NULL,NULL,'270639',NULL,NULL,NULL,40,NULL,NULL,NULL,NULL,NULL,NULL,NULL,NULL,NULL,NULL,NULL,NULL,NULL,NULL,NULL),
  (332,'StockImpl','ICE','INTERCONTINENTAL EXCHANGE IN',NULL,NULL,NULL,'136370275',NULL,NULL,NULL,40,NULL,NULL,NULL,NULL,NULL,NULL,NULL,NULL,NULL,NULL,NULL,NULL,NULL,NULL,NULL),
  (333,'StockImpl','IPG','INTERPUBLIC GROUP OF COS INC',NULL,NULL,NULL,'8514',NULL,NULL,NULL,40,NULL,NULL,NULL,NULL,NULL,NULL,NULL,NULL,NULL,NULL,NULL,NULL,NULL,NULL,NULL),
  (334,'StockImpl','IBM','INTL BUSINESS MACHINES CORP',NULL,NULL,NULL,'8314',NULL,NULL,NULL,40,NULL,NULL,NULL,NULL,NULL,NULL,NULL,NULL,NULL,NULL,NULL,NULL,NULL,NULL,NULL),
  (335,'StockImpl','IFF','INTL FLAVORS & FRAGRANCES',NULL,NULL,NULL,'8385',NULL,NULL,NULL,40,NULL,NULL,NULL,NULL,NULL,NULL,NULL,NULL,NULL,NULL,NULL,NULL,NULL,NULL,NULL),
  (336,'StockImpl','IP','INTERNATIONAL PAPER CO',NULL,NULL,NULL,'8511',NULL,NULL,NULL,40,NULL,NULL,NULL,NULL,NULL,NULL,NULL,NULL,NULL,NULL,NULL,NULL,NULL,NULL,NULL),
  (337,'StockImpl','INTU','INTUIT INC',NULL,NULL,NULL,'270662',NULL,NULL,NULL,40,NULL,NULL,NULL,NULL,NULL,NULL,NULL,NULL,NULL,NULL,NULL,NULL,NULL,NULL,NULL),
  (338,'StockImpl','ISRG','INTUITIVE SURGICAL INC',NULL,NULL,NULL,'9063285',NULL,NULL,NULL,40,NULL,NULL,NULL,NULL,NULL,NULL,NULL,NULL,NULL,NULL,NULL,NULL,NULL,NULL,NULL),
  (339,'StockImpl','IVZ','INVESCO LTD',NULL,NULL,NULL,'47550606',NULL,NULL,NULL,40,NULL,NULL,NULL,NULL,NULL,NULL,NULL,NULL,NULL,NULL,NULL,NULL,NULL,NULL,NULL),
  (340,'StockImpl','IRM','IRON MOUNTAIN INC',NULL,NULL,NULL,'180350774',NULL,NULL,NULL,40,NULL,NULL,NULL,NULL,NULL,NULL,NULL,NULL,NULL,NULL,NULL,NULL,NULL,NULL,NULL),
  (341,'StockImpl','JPM','JPMORGAN CHASE & CO',NULL,NULL,NULL,'1520593',NULL,NULL,NULL,40,NULL,NULL,NULL,NULL,NULL,NULL,NULL,NULL,NULL,NULL,NULL,NULL,NULL,NULL,NULL),
  (342,'StockImpl','JEC','JACOBS ENGINEERING GROUP INC',NULL,NULL,NULL,'8660',NULL,NULL,NULL,40,NULL,NULL,NULL,NULL,NULL,NULL,NULL,NULL,NULL,NULL,NULL,NULL,NULL,NULL,NULL),
  (343,'StockImpl','JNJ','JOHNSON & JOHNSON',NULL,NULL,NULL,'8719',NULL,NULL,NULL,40,NULL,NULL,NULL,NULL,NULL,NULL,NULL,NULL,NULL,NULL,NULL,NULL,NULL,NULL,NULL),
  (344,'StockImpl','JCI','JOHNSON CONTROLS INC',NULL,NULL,NULL,'8650',NULL,NULL,NULL,40,NULL,NULL,NULL,NULL,NULL,NULL,NULL,NULL,NULL,NULL,NULL,NULL,NULL,NULL,NULL),
  (345,'StockImpl','JOY','JOY GLOBAL INC',NULL,NULL,NULL,'13425863',NULL,NULL,NULL,40,NULL,NULL,NULL,NULL,NULL,NULL,NULL,NULL,NULL,NULL,NULL,NULL,NULL,NULL,NULL),
  (346,'StockImpl','JNPR','JUNIPER NETWORKS INC',NULL,NULL,NULL,'6248722',NULL,NULL,NULL,40,NULL,NULL,NULL,NULL,NULL,NULL,NULL,NULL,NULL,NULL,NULL,NULL,NULL,NULL,NULL),
  (347,'StockImpl','KLAC','KLA-TENCOR CORP',NULL,NULL,NULL,'270957',NULL,NULL,NULL,40,NULL,NULL,NULL,NULL,NULL,NULL,NULL,NULL,NULL,NULL,NULL,NULL,NULL,NULL,NULL),
  (348,'StockImpl','KSU','KANSAS CITY SOUTHERN',NULL,NULL,NULL,'8949',NULL,NULL,NULL,40,NULL,NULL,NULL,NULL,NULL,NULL,NULL,NULL,NULL,NULL,NULL,NULL,NULL,NULL,NULL),
  (349,'StockImpl','K','KELLOGG CO',NULL,NULL,NULL,'8758',NULL,NULL,NULL,40,NULL,NULL,NULL,NULL,NULL,NULL,NULL,NULL,NULL,NULL,NULL,NULL,NULL,NULL,NULL),
  (350,'StockImpl','GMCR','KEURIG GREEN MOUNTAIN INC',NULL,NULL,NULL,'145994372',NULL,NULL,NULL,40,NULL,NULL,NULL,NULL,NULL,NULL,NULL,NULL,NULL,NULL,NULL,NULL,NULL,NULL,NULL),
  (351,'StockImpl','KEY','KEYCORP',NULL,NULL,NULL,'8809',NULL,NULL,NULL,40,NULL,NULL,NULL,NULL,NULL,NULL,NULL,NULL,NULL,NULL,NULL,NULL,NULL,NULL,NULL),
  (352,'StockImpl','KMB','KIMBERLY-CLARK CORP',NULL,NULL,NULL,'8864',NULL,NULL,NULL,40,NULL,NULL,NULL,NULL,NULL,NULL,NULL,NULL,NULL,NULL,NULL,NULL,NULL,NULL,NULL),
  (353,'StockImpl','KIM','KIMCO REALTY CORP',NULL,NULL,NULL,'8845',NULL,NULL,NULL,40,NULL,NULL,NULL,NULL,NULL,NULL,NULL,NULL,NULL,NULL,NULL,NULL,NULL,NULL,NULL),
  (354,'StockImpl','KMI','KINDER MORGAN INC',NULL,NULL,NULL,'83975037',NULL,NULL,NULL,40,NULL,NULL,NULL,NULL,NULL,NULL,NULL,NULL,NULL,NULL,NULL,NULL,NULL,NULL,NULL),
  (355,'StockImpl','KSS','KOHLS CORP',NULL,NULL,NULL,'8942',NULL,NULL,NULL,40,NULL,NULL,NULL,NULL,NULL,NULL,NULL,NULL,NULL,NULL,NULL,NULL,NULL,NULL,NULL),
  (356,'StockImpl','KR','KROGER CO',NULL,NULL,NULL,'8908',NULL,NULL,NULL,40,NULL,NULL,NULL,NULL,NULL,NULL,NULL,NULL,NULL,NULL,NULL,NULL,NULL,NULL,NULL),
  (357,'StockImpl','LB','L BRANDS INC',NULL,NULL,NULL,'125005718',NULL,NULL,NULL,40,NULL,NULL,NULL,NULL,NULL,NULL,NULL,NULL,NULL,NULL,NULL,NULL,NULL,NULL,NULL),
  (358,'StockImpl','LLL','L-3 COMMUNICATIONS HOLDINGS',NULL,NULL,NULL,'6477855',NULL,NULL,NULL,40,NULL,NULL,NULL,NULL,NULL,NULL,NULL,NULL,NULL,NULL,NULL,NULL,NULL,NULL,NULL),
  (359,'StockImpl','LH','LABORATORY CRP OF AMER HLDGS',NULL,NULL,NULL,'661507',NULL,NULL,NULL,40,NULL,NULL,NULL,NULL,NULL,NULL,NULL,NULL,NULL,NULL,NULL,NULL,NULL,NULL,NULL),
  (360,'StockImpl','LRCX','LAM RESEARCH CORP',NULL,NULL,NULL,'271308',NULL,NULL,NULL,40,NULL,NULL,NULL,NULL,NULL,NULL,NULL,NULL,NULL,NULL,NULL,NULL,NULL,NULL,NULL),
  (361,'StockImpl','LM','LEGG MASON INC',NULL,NULL,NULL,'9165',NULL,NULL,NULL,40,NULL,NULL,NULL,NULL,NULL,NULL,NULL,NULL,NULL,NULL,NULL,NULL,NULL,NULL,NULL),
  (362,'StockImpl','LEG','LEGGETT & PLATT INC',NULL,NULL,NULL,'9081',NULL,NULL,NULL,40,NULL,NULL,NULL,NULL,NULL,NULL,NULL,NULL,NULL,NULL,NULL,NULL,NULL,NULL,NULL),
  (363,'StockImpl','LEN','LENNAR CORP-A',NULL,NULL,NULL,'9091',NULL,NULL,NULL,40,NULL,NULL,NULL,NULL,NULL,NULL,NULL,NULL,NULL,NULL,NULL,NULL,NULL,NULL,NULL),
  (364,'StockImpl','LUK','LEUCADIA NATIONAL CORP',NULL,NULL,NULL,'9274',NULL,NULL,NULL,40,NULL,NULL,NULL,NULL,NULL,NULL,NULL,NULL,NULL,NULL,NULL,NULL,NULL,NULL,NULL),
  (365,'StockImpl','LVLT','LEVEL 3 COMMUNICATIONS INC',NULL,NULL,NULL,'96079833',NULL,NULL,NULL,40,NULL,NULL,NULL,NULL,NULL,NULL,NULL,NULL,NULL,NULL,NULL,NULL,NULL,NULL,NULL),
  (366,'StockImpl','LLY','ELI LILLY & CO',NULL,NULL,NULL,'9160',NULL,NULL,NULL,40,NULL,NULL,NULL,NULL,NULL,NULL,NULL,NULL,NULL,NULL,NULL,NULL,NULL,NULL,NULL),
  (367,'StockImpl','LNC','LINCOLN NATIONAL CORP',NULL,NULL,NULL,'9174',NULL,NULL,NULL,40,NULL,NULL,NULL,NULL,NULL,NULL,NULL,NULL,NULL,NULL,NULL,NULL,NULL,NULL,NULL),
  (368,'StockImpl','LLTC','LINEAR TECHNOLOGY CORP',NULL,NULL,NULL,'271245',NULL,NULL,NULL,40,NULL,NULL,NULL,NULL,NULL,NULL,NULL,NULL,NULL,NULL,NULL,NULL,NULL,NULL,NULL),
  (369,'StockImpl','LMT','LOCKHEED MARTIN CORP',NULL,NULL,NULL,'611191',NULL,NULL,NULL,40,NULL,NULL,NULL,NULL,NULL,NULL,NULL,NULL,NULL,NULL,NULL,NULL,NULL,NULL,NULL),
  (370,'StockImpl','L','LOEWS CORP',NULL,NULL,NULL,'9252',NULL,NULL,NULL,40,NULL,NULL,NULL,NULL,NULL,NULL,NULL,NULL,NULL,NULL,NULL,NULL,NULL,NULL,NULL),
  (371,'StockImpl','LOW','LOWE\'S COS INC',NULL,NULL,NULL,'9199',NULL,NULL,NULL,40,NULL,NULL,NULL,NULL,NULL,NULL,NULL,NULL,NULL,NULL,NULL,NULL,NULL,NULL,NULL),
  (372,'StockImpl','LYB','LYONDELLBASELL INDU-CL A',NULL,NULL,NULL,'74866700',NULL,NULL,NULL,40,NULL,NULL,NULL,NULL,NULL,NULL,NULL,NULL,NULL,NULL,NULL,NULL,NULL,NULL,NULL),
  (373,'StockImpl','MTB','M & T BANK CORP',NULL,NULL,NULL,'2585323',NULL,NULL,NULL,40,NULL,NULL,NULL,NULL,NULL,NULL,NULL,NULL,NULL,NULL,NULL,NULL,NULL,NULL,NULL),
  (374,'StockImpl','MAC','MACERICH CO/THE',NULL,NULL,NULL,'9322',NULL,NULL,NULL,40,NULL,NULL,NULL,NULL,NULL,NULL,NULL,NULL,NULL,NULL,NULL,NULL,NULL,NULL,NULL),
  (375,'StockImpl','M','MACYS INC',NULL,NULL,NULL,'44475946',NULL,NULL,NULL,40,NULL,NULL,NULL,NULL,NULL,NULL,NULL,NULL,NULL,NULL,NULL,NULL,NULL,NULL,NULL),
  (376,'StockImpl','MNK','MALLINCKRODT PLC',NULL,NULL,NULL,'129166805',NULL,NULL,NULL,40,NULL,NULL,NULL,NULL,NULL,NULL,NULL,NULL,NULL,NULL,NULL,NULL,NULL,NULL,NULL),
  (377,'StockImpl','MRO','MARATHON OIL CORP',NULL,NULL,NULL,'9831',NULL,NULL,NULL,40,NULL,NULL,NULL,NULL,NULL,NULL,NULL,NULL,NULL,NULL,NULL,NULL,NULL,NULL,NULL),
  (378,'StockImpl','MPC','MARATHON PETROLEUM CORP',NULL,NULL,NULL,'89495776',NULL,NULL,NULL,40,NULL,NULL,NULL,NULL,NULL,NULL,NULL,NULL,NULL,NULL,NULL,NULL,NULL,NULL,NULL),
  (379,'StockImpl','MAR','MARRIOTT INTERNATIONAL -CL A',NULL,NULL,NULL,'9358',NULL,NULL,NULL,40,NULL,NULL,NULL,NULL,NULL,NULL,NULL,NULL,NULL,NULL,NULL,NULL,NULL,NULL,NULL),
  (380,'StockImpl','MMC','MARSH & MCLENNAN COS',NULL,NULL,NULL,'9705',NULL,NULL,NULL,40,NULL,NULL,NULL,NULL,NULL,NULL,NULL,NULL,NULL,NULL,NULL,NULL,NULL,NULL,NULL),
  (381,'StockImpl','MLM','MARTIN MARIETTA MATERIALS',NULL,NULL,NULL,'9690',NULL,NULL,NULL,40,NULL,NULL,NULL,NULL,NULL,NULL,NULL,NULL,NULL,NULL,NULL,NULL,NULL,NULL,NULL),
  (382,'StockImpl','MAS','MASCO CORP',NULL,NULL,NULL,'9360',NULL,NULL,NULL,40,NULL,NULL,NULL,NULL,NULL,NULL,NULL,NULL,NULL,NULL,NULL,NULL,NULL,NULL,NULL),
  (383,'StockImpl','MA','MASTERCARD INC-CLASS A',NULL,NULL,NULL,'38685693',NULL,NULL,NULL,40,NULL,NULL,NULL,NULL,NULL,NULL,NULL,NULL,NULL,NULL,NULL,NULL,NULL,NULL,NULL),
  (384,'StockImpl','MAT','MATTEL INC',NULL,NULL,NULL,'9365',NULL,NULL,NULL,40,NULL,NULL,NULL,NULL,NULL,NULL,NULL,NULL,NULL,NULL,NULL,NULL,NULL,NULL,NULL),
  (385,'StockImpl','MKC','MCCORMICK & CO-NON VTG SHRS',NULL,NULL,NULL,'271556',NULL,NULL,NULL,40,NULL,NULL,NULL,NULL,NULL,NULL,NULL,NULL,NULL,NULL,NULL,NULL,NULL,NULL,NULL),
  (386,'StockImpl','MCD','MC DONALD\'S-CORP',NULL,NULL,NULL,'9408',NULL,NULL,NULL,40,NULL,NULL,NULL,NULL,NULL,NULL,NULL,NULL,NULL,NULL,NULL,NULL,NULL,NULL,NULL),
  (387,'StockImpl','MHFI','MCGRAW HILL FINANCIAL INC',NULL,NULL,NULL,'9599',NULL,NULL,NULL,40,NULL,NULL,NULL,NULL,NULL,NULL,NULL,NULL,NULL,NULL,NULL,NULL,NULL,NULL,NULL),
  (388,'StockImpl','MCK','MCKESSON CORP',NULL,NULL,NULL,'9657',NULL,NULL,NULL,40,NULL,NULL,NULL,NULL,NULL,NULL,NULL,NULL,NULL,NULL,NULL,NULL,NULL,NULL,NULL),
  (389,'StockImpl','MJN','MEAD JOHNSON NUTRITION CO',NULL,NULL,NULL,'57755168',NULL,NULL,NULL,40,NULL,NULL,NULL,NULL,NULL,NULL,NULL,NULL,NULL,NULL,NULL,NULL,NULL,NULL,NULL),
  (390,'StockImpl','MDT','MEDTRONIC PLC',NULL,NULL,NULL,'181387075',NULL,NULL,NULL,40,NULL,NULL,NULL,NULL,NULL,NULL,NULL,NULL,NULL,NULL,NULL,NULL,NULL,NULL,NULL),
  (391,'StockImpl','MRK','MERCK & CO INC',NULL,NULL,NULL,'70101545',NULL,NULL,NULL,40,NULL,NULL,NULL,NULL,NULL,NULL,NULL,NULL,NULL,NULL,NULL,NULL,NULL,NULL,NULL),
  (392,'StockImpl','MET','METLIFE INC',NULL,NULL,NULL,'8093509',NULL,NULL,NULL,40,NULL,NULL,NULL,NULL,NULL,NULL,NULL,NULL,NULL,NULL,NULL,NULL,NULL,NULL,NULL),
  (393,'StockImpl','KORS','MICHAEL KORS HOLDINGS LTD',NULL,NULL,NULL,'98606948',NULL,NULL,NULL,40,NULL,NULL,NULL,NULL,NULL,NULL,NULL,NULL,NULL,NULL,NULL,NULL,NULL,NULL,NULL),
  (394,'StockImpl','MCHP','MICROCHIP TECHNOLOGY INC',NULL,NULL,NULL,'271568',NULL,NULL,NULL,40,NULL,NULL,NULL,NULL,NULL,NULL,NULL,NULL,NULL,NULL,NULL,NULL,NULL,NULL,NULL),
  (395,'StockImpl','MU','MICRON TECHNOLOGY INC',NULL,NULL,NULL,'9939',NULL,NULL,NULL,40,NULL,NULL,NULL,NULL,NULL,NULL,NULL,NULL,NULL,NULL,NULL,NULL,NULL,NULL,NULL),
  (396,'StockImpl','MSFT','MICROSOFT CORP',NULL,NULL,NULL,'272093',NULL,NULL,NULL,40,NULL,NULL,NULL,NULL,NULL,NULL,NULL,NULL,NULL,NULL,NULL,NULL,NULL,NULL,NULL),
  (397,'StockImpl','MHK','MOHAWK INDUSTRIES INC',NULL,NULL,NULL,'271967',NULL,NULL,NULL,40,NULL,NULL,NULL,NULL,NULL,NULL,NULL,NULL,NULL,NULL,NULL,NULL,NULL,NULL,NULL),
  (398,'StockImpl','TAP','MOLSON COORS BREWING CO -B',NULL,NULL,NULL,'33191300',NULL,NULL,NULL,40,NULL,NULL,NULL,NULL,NULL,NULL,NULL,NULL,NULL,NULL,NULL,NULL,NULL,NULL,NULL),
  (399,'StockImpl','MDLZ','MONDELEZ INTERNATIONAL INC-A',NULL,NULL,NULL,'113599091',NULL,NULL,NULL,40,NULL,NULL,NULL,NULL,NULL,NULL,NULL,NULL,NULL,NULL,NULL,NULL,NULL,NULL,NULL),
  (400,'StockImpl','MON','MONSANTO CO',NULL,NULL,NULL,'10523297',NULL,NULL,NULL,40,NULL,NULL,NULL,NULL,NULL,NULL,NULL,NULL,NULL,NULL,NULL,NULL,NULL,NULL,NULL),
  (401,'StockImpl','MNST','MONSTER BEVERAGE CORP',NULL,NULL,NULL,'196986496',NULL,NULL,NULL,40,NULL,NULL,NULL,NULL,NULL,NULL,NULL,NULL,NULL,NULL,NULL,NULL,NULL,NULL,NULL),
  (402,'StockImpl','MCO','MOODY\'S CORP',NULL,NULL,NULL,'6497',NULL,NULL,NULL,40,NULL,NULL,NULL,NULL,NULL,NULL,NULL,NULL,NULL,NULL,NULL,NULL,NULL,NULL,NULL),
  (403,'StockImpl','MS','MORGAN STANLEY',NULL,NULL,NULL,'2841574',NULL,NULL,NULL,40,NULL,NULL,NULL,NULL,NULL,NULL,NULL,NULL,NULL,NULL,NULL,NULL,NULL,NULL,NULL),
  (404,'StockImpl','MOS','MOSAIC CO/THE',NULL,NULL,NULL,'88292752',NULL,NULL,NULL,40,NULL,NULL,NULL,NULL,NULL,NULL,NULL,NULL,NULL,NULL,NULL,NULL,NULL,NULL,NULL),
  (405,'StockImpl','MSI','MOTOROLA SOLUTIONS INC',NULL,NULL,NULL,'81581011',NULL,NULL,NULL,40,NULL,NULL,NULL,NULL,NULL,NULL,NULL,NULL,NULL,NULL,NULL,NULL,NULL,NULL,NULL),
  (406,'StockImpl','MUR','MURPHY OIL CORP',NULL,NULL,NULL,'9952',NULL,NULL,NULL,40,NULL,NULL,NULL,NULL,NULL,NULL,NULL,NULL,NULL,NULL,NULL,NULL,NULL,NULL,NULL),
  (407,'StockImpl','MYL','MYLAN NV',NULL,NULL,NULL,'185731883',NULL,NULL,NULL,40,NULL,NULL,NULL,NULL,NULL,NULL,NULL,NULL,NULL,NULL,NULL,NULL,NULL,NULL,NULL),
  (408,'StockImpl','NKE','NIKE INC -CL B',NULL,NULL,NULL,'10291',NULL,NULL,NULL,40,NULL,NULL,NULL,NULL,NULL,NULL,NULL,NULL,NULL,NULL,NULL,NULL,NULL,NULL,NULL),
  (409,'StockImpl','NRG','NRG ENERGY INC',NULL,NULL,NULL,'10188791',NULL,NULL,NULL,40,NULL,NULL,NULL,NULL,NULL,NULL,NULL,NULL,NULL,NULL,NULL,NULL,NULL,NULL,NULL),
  (410,'StockImpl','NDAQ','NASDAQ OMX GROUP/THE',NULL,NULL,NULL,'29380756',NULL,NULL,NULL,40,NULL,NULL,NULL,NULL,NULL,NULL,NULL,NULL,NULL,NULL,NULL,NULL,NULL,NULL,NULL),
  (411,'StockImpl','NOV','NATIONAL OILWELL VARCO INC',NULL,NULL,NULL,'2585583',NULL,NULL,NULL,40,NULL,NULL,NULL,NULL,NULL,NULL,NULL,NULL,NULL,NULL,NULL,NULL,NULL,NULL,NULL),
  (412,'StockImpl','NAVI','NAVIENT CORP',NULL,NULL,NULL,'148782986',NULL,NULL,NULL,40,NULL,NULL,NULL,NULL,NULL,NULL,NULL,NULL,NULL,NULL,NULL,NULL,NULL,NULL,NULL),
  (413,'StockImpl','NTAP','NETAPP INC',NULL,NULL,NULL,'49921110',NULL,NULL,NULL,40,NULL,NULL,NULL,NULL,NULL,NULL,NULL,NULL,NULL,NULL,NULL,NULL,NULL,NULL,NULL),
  (414,'StockImpl','NFLX','NETFLIX INC',NULL,NULL,NULL,'15124833',NULL,NULL,NULL,40,NULL,NULL,NULL,NULL,NULL,NULL,NULL,NULL,NULL,NULL,NULL,NULL,NULL,NULL,NULL),
  (415,'StockImpl','NWL','NEWELL RUBBERMAID INC',NULL,NULL,NULL,'10627',NULL,NULL,NULL,40,NULL,NULL,NULL,NULL,NULL,NULL,NULL,NULL,NULL,NULL,NULL,NULL,NULL,NULL,NULL),
  (416,'StockImpl','NFX','NEWFIELD EXPLORATION CO',NULL,NULL,NULL,'10209',NULL,NULL,NULL,40,NULL,NULL,NULL,NULL,NULL,NULL,NULL,NULL,NULL,NULL,NULL,NULL,NULL,NULL,NULL),
  (417,'StockImpl','NEM','NEWMONT MINING CORP',NULL,NULL,NULL,'10174',NULL,NULL,NULL,40,NULL,NULL,NULL,NULL,NULL,NULL,NULL,NULL,NULL,NULL,NULL,NULL,NULL,NULL,NULL),
  (418,'StockImpl','NWSA','NEWS CORP - CLASS A',NULL,NULL,NULL,'129348126',NULL,NULL,NULL,40,NULL,NULL,NULL,NULL,NULL,NULL,NULL,NULL,NULL,NULL,NULL,NULL,NULL,NULL,NULL),
  (419,'StockImpl','NEE','NEXTERA ENERGY INC',NULL,NULL,NULL,'75960201',NULL,NULL,NULL,40,NULL,NULL,NULL,NULL,NULL,NULL,NULL,NULL,NULL,NULL,NULL,NULL,NULL,NULL,NULL),
  (420,'StockImpl','NLSN','NIELSEN NV',NULL,NULL,NULL,'83434923',NULL,NULL,NULL,40,NULL,NULL,NULL,NULL,NULL,NULL,NULL,NULL,NULL,NULL,NULL,NULL,NULL,NULL,NULL),
  (421,'StockImpl','NI','NISOURCE INC',NULL,NULL,NULL,'10260',NULL,NULL,NULL,40,NULL,NULL,NULL,NULL,NULL,NULL,NULL,NULL,NULL,NULL,NULL,NULL,NULL,NULL,NULL),
  (422,'StockImpl','NE','NOBLE CORP PLC',NULL,NULL,NULL,'138436183',NULL,NULL,NULL,40,NULL,NULL,NULL,NULL,NULL,NULL,NULL,NULL,NULL,NULL,NULL,NULL,NULL,NULL,NULL),
  (423,'StockImpl','NBL','NOBLE ENERGY INC',NULL,NULL,NULL,'10109',NULL,NULL,NULL,40,NULL,NULL,NULL,NULL,NULL,NULL,NULL,NULL,NULL,NULL,NULL,NULL,NULL,NULL,NULL),
  (424,'StockImpl','JWN','NORDSTROM INC',NULL,NULL,NULL,'272428',NULL,NULL,NULL,40,NULL,NULL,NULL,NULL,NULL,NULL,NULL,NULL,NULL,NULL,NULL,NULL,NULL,NULL,NULL),
  (425,'StockImpl','NSC','NORFOLK SOUTHERN CORP',NULL,NULL,NULL,'10497',NULL,NULL,NULL,40,NULL,NULL,NULL,NULL,NULL,NULL,NULL,NULL,NULL,NULL,NULL,NULL,NULL,NULL,NULL),
  (426,'StockImpl','NTRS','NORTHERN TRUST CORP',NULL,NULL,NULL,'272565',NULL,NULL,NULL,40,NULL,NULL,NULL,NULL,NULL,NULL,NULL,NULL,NULL,NULL,NULL,NULL,NULL,NULL,NULL),
  (427,'StockImpl','NOC','NORTHROP GRUMMAN CORP',NULL,NULL,NULL,'10376',NULL,NULL,NULL,40,NULL,NULL,NULL,NULL,NULL,NULL,NULL,NULL,NULL,NULL,NULL,NULL,NULL,NULL,NULL),
  (428,'StockImpl','NUE','NUCOR CORP',NULL,NULL,NULL,'10557',NULL,NULL,NULL,40,NULL,NULL,NULL,NULL,NULL,NULL,NULL,NULL,NULL,NULL,NULL,NULL,NULL,NULL,NULL),
  (429,'StockImpl','NVDA','NVIDIA CORP',NULL,NULL,NULL,'4815747',NULL,NULL,NULL,40,NULL,NULL,NULL,NULL,NULL,NULL,NULL,NULL,NULL,NULL,NULL,NULL,NULL,NULL,NULL),
  (430,'StockImpl','ORLY','O\'REILLY AUTOMOTIVE INC',NULL,NULL,NULL,'82457808',NULL,NULL,NULL,40,NULL,NULL,NULL,NULL,NULL,NULL,NULL,NULL,NULL,NULL,NULL,NULL,NULL,NULL,NULL),
  (431,'StockImpl','OKE','ONEOK INC',NULL,NULL,NULL,'10794',NULL,NULL,NULL,40,NULL,NULL,NULL,NULL,NULL,NULL,NULL,NULL,NULL,NULL,NULL,NULL,NULL,NULL,NULL),
  (432,'StockImpl','OXY','OCCIDENTAL PETROLEUM CORP',NULL,NULL,NULL,'10880',NULL,NULL,NULL,40,NULL,NULL,NULL,NULL,NULL,NULL,NULL,NULL,NULL,NULL,NULL,NULL,NULL,NULL,NULL),
  (433,'StockImpl','OMC','OMNICOM GROUP',NULL,NULL,NULL,'10811',NULL,NULL,NULL,40,NULL,NULL,NULL,NULL,NULL,NULL,NULL,NULL,NULL,NULL,NULL,NULL,NULL,NULL,NULL),
  (434,'StockImpl','ORCL','ORACLE CORP',NULL,NULL,NULL,'272800',NULL,NULL,NULL,40,NULL,NULL,NULL,NULL,NULL,NULL,NULL,NULL,NULL,NULL,NULL,NULL,NULL,NULL,NULL),
  (435,'StockImpl','OI','OWENS-ILLINOIS INC',NULL,NULL,NULL,'10760',NULL,NULL,NULL,40,NULL,NULL,NULL,NULL,NULL,NULL,NULL,NULL,NULL,NULL,NULL,NULL,NULL,NULL,NULL),
  (436,'StockImpl','PCAR','PACCAR INC',NULL,NULL,NULL,'272992',NULL,NULL,NULL,40,NULL,NULL,NULL,NULL,NULL,NULL,NULL,NULL,NULL,NULL,NULL,NULL,NULL,NULL,NULL),
  (437,'StockImpl','PCG','P G & E CORP',NULL,NULL,NULL,'2586035',NULL,NULL,NULL,40,NULL,NULL,NULL,NULL,NULL,NULL,NULL,NULL,NULL,NULL,NULL,NULL,NULL,NULL,NULL),
  (438,'StockImpl','PNC','PNC FINANCIAL SERVICES GROUP',NULL,NULL,NULL,'11240',NULL,NULL,NULL,40,NULL,NULL,NULL,NULL,NULL,NULL,NULL,NULL,NULL,NULL,NULL,NULL,NULL,NULL,NULL),
  (439,'StockImpl','PPG','PPG INDUSTRIES INC',NULL,NULL,NULL,'11295',NULL,NULL,NULL,40,NULL,NULL,NULL,NULL,NULL,NULL,NULL,NULL,NULL,NULL,NULL,NULL,NULL,NULL,NULL),
  (440,'StockImpl','PPL','PPL CORPORATION',NULL,NULL,NULL,'661547',NULL,NULL,NULL,40,NULL,NULL,NULL,NULL,NULL,NULL,NULL,NULL,NULL,NULL,NULL,NULL,NULL,NULL,NULL),
  (441,'StockImpl','PVH','PVH CORP',NULL,NULL,NULL,'90794895',NULL,NULL,NULL,40,NULL,NULL,NULL,NULL,NULL,NULL,NULL,NULL,NULL,NULL,NULL,NULL,NULL,NULL,NULL),
  (442,'StockImpl','PLL','PALL CORP',NULL,NULL,NULL,'11191',NULL,NULL,NULL,40,NULL,NULL,NULL,NULL,NULL,NULL,NULL,NULL,NULL,NULL,NULL,NULL,NULL,NULL,NULL),
  (443,'StockImpl','PH','PARKER HANNIFIN CORP',NULL,NULL,NULL,'11094',NULL,NULL,NULL,40,NULL,NULL,NULL,NULL,NULL,NULL,NULL,NULL,NULL,NULL,NULL,NULL,NULL,NULL,NULL),
  (444,'StockImpl','PDCO','PATTERSON COS INC',NULL,NULL,NULL,'273035',NULL,NULL,NULL,40,NULL,NULL,NULL,NULL,NULL,NULL,NULL,NULL,NULL,NULL,NULL,NULL,NULL,NULL,NULL),
  (445,'StockImpl','PAYX','PAYCHEX INC',NULL,NULL,NULL,'272942',NULL,NULL,NULL,40,NULL,NULL,NULL,NULL,NULL,NULL,NULL,NULL,NULL,NULL,NULL,NULL,NULL,NULL,NULL),
  (446,'StockImpl','PNR','PENTAIR PLC',NULL,NULL,NULL,'153068487',NULL,NULL,NULL,40,NULL,NULL,NULL,NULL,NULL,NULL,NULL,NULL,NULL,NULL,NULL,NULL,NULL,NULL,NULL),
  (447,'StockImpl','PBCT','PEOPLE\'S UNITED FINANCIAL',NULL,NULL,NULL,'43670008',NULL,NULL,NULL,40,NULL,NULL,NULL,NULL,NULL,NULL,NULL,NULL,NULL,NULL,NULL,NULL,NULL,NULL,NULL),
  (448,'StockImpl','POM','PEPCO HOLDINGS INC',NULL,NULL,NULL,'11265',NULL,NULL,NULL,40,NULL,NULL,NULL,NULL,NULL,NULL,NULL,NULL,NULL,NULL,NULL,NULL,NULL,NULL,NULL),
  (449,'StockImpl','PEP','PEPSICO INC',NULL,NULL,NULL,'11017',NULL,NULL,NULL,40,NULL,NULL,NULL,NULL,NULL,NULL,NULL,NULL,NULL,NULL,NULL,NULL,NULL,NULL,NULL),
  (450,'StockImpl','PKI','PERKINELMER INC',NULL,NULL,NULL,'6737',NULL,NULL,NULL,40,NULL,NULL,NULL,NULL,NULL,NULL,NULL,NULL,NULL,NULL,NULL,NULL,NULL,NULL,NULL),
  (451,'StockImpl','PRGO','PERRIGO CO PLC',NULL,NULL,NULL,'140067524',NULL,NULL,NULL,40,NULL,NULL,NULL,NULL,NULL,NULL,NULL,NULL,NULL,NULL,NULL,NULL,NULL,NULL,NULL),
  (452,'StockImpl','PFE','PFIZER INC',NULL,NULL,NULL,'11031',NULL,NULL,NULL,40,NULL,NULL,NULL,NULL,NULL,NULL,NULL,NULL,NULL,NULL,NULL,NULL,NULL,NULL,NULL),
  (453,'StockImpl','PM','PHILIP MORRIS INTERNATIONAL',NULL,NULL,NULL,'49588376',NULL,NULL,NULL,40,NULL,NULL,NULL,NULL,NULL,NULL,NULL,NULL,NULL,NULL,NULL,NULL,NULL,NULL,NULL),
  (454,'StockImpl','PSX','PHILLIPS 66',NULL,NULL,NULL,'105669270',NULL,NULL,NULL,40,NULL,NULL,NULL,NULL,NULL,NULL,NULL,NULL,NULL,NULL,NULL,NULL,NULL,NULL,NULL),
  (455,'StockImpl','PNW','PINNACLE WEST CAPITAL',NULL,NULL,NULL,'11257',NULL,NULL,NULL,40,NULL,NULL,NULL,NULL,NULL,NULL,NULL,NULL,NULL,NULL,NULL,NULL,NULL,NULL,NULL),
  (456,'StockImpl','PXD','PIONEER NATURAL RESOURCES CO',NULL,NULL,NULL,'3142097',NULL,NULL,NULL,40,NULL,NULL,NULL,NULL,NULL,NULL,NULL,NULL,NULL,NULL,NULL,NULL,NULL,NULL,NULL),
  (457,'StockImpl','PBI','PITNEY BOWES INC',NULL,NULL,NULL,'10920',NULL,NULL,NULL,40,NULL,NULL,NULL,NULL,NULL,NULL,NULL,NULL,NULL,NULL,NULL,NULL,NULL,NULL,NULL),
  (458,'StockImpl','PCL','PLUM CREEK TIMBER CO',NULL,NULL,NULL,'10948',NULL,NULL,NULL,40,NULL,NULL,NULL,NULL,NULL,NULL,NULL,NULL,NULL,NULL,NULL,NULL,NULL,NULL,NULL),
  (459,'StockImpl','PX','PRAXAIR INC',NULL,NULL,NULL,'11450',NULL,NULL,NULL,40,NULL,NULL,NULL,NULL,NULL,NULL,NULL,NULL,NULL,NULL,NULL,NULL,NULL,NULL,NULL),
  (460,'StockImpl','PCP','PRECISION CASTPARTS CORP',NULL,NULL,NULL,'10958',NULL,NULL,NULL,40,NULL,NULL,NULL,NULL,NULL,NULL,NULL,NULL,NULL,NULL,NULL,NULL,NULL,NULL,NULL),
  (461,'StockImpl','PFG','PRINCIPAL FINANCIAL GROUP',NULL,NULL,NULL,'11032',NULL,NULL,NULL,40,NULL,NULL,NULL,NULL,NULL,NULL,NULL,NULL,NULL,NULL,NULL,NULL,NULL,NULL,NULL),
  (462,'StockImpl','PLD','PROLOGIS INC',NULL,NULL,NULL,'88819288',NULL,NULL,NULL,40,NULL,NULL,NULL,NULL,NULL,NULL,NULL,NULL,NULL,NULL,NULL,NULL,NULL,NULL,NULL),
  (463,'StockImpl','PG','PROCTER & GAMBLE CO/THE',NULL,NULL,NULL,'11054',NULL,NULL,NULL,40,NULL,NULL,NULL,NULL,NULL,NULL,NULL,NULL,NULL,NULL,NULL,NULL,NULL,NULL,NULL),
  (464,'StockImpl','PGR','PROGRESSIVE CORP',NULL,NULL,NULL,'11080',NULL,NULL,NULL,40,NULL,NULL,NULL,NULL,NULL,NULL,NULL,NULL,NULL,NULL,NULL,NULL,NULL,NULL,NULL),
  (465,'StockImpl','PRU','PRUDENTIAL FINANCIAL INC',NULL,NULL,NULL,'13865082',NULL,NULL,NULL,40,NULL,NULL,NULL,NULL,NULL,NULL,NULL,NULL,NULL,NULL,NULL,NULL,NULL,NULL,NULL),
  (466,'StockImpl','PEG','PUBLIC SERVICE ENTERPRISE GP',NULL,NULL,NULL,'11005',NULL,NULL,NULL,40,NULL,NULL,NULL,NULL,NULL,NULL,NULL,NULL,NULL,NULL,NULL,NULL,NULL,NULL,NULL),
  (467,'StockImpl','PSA','PUBLIC STORAGE',NULL,NULL,NULL,'12002',NULL,NULL,NULL,40,NULL,NULL,NULL,NULL,NULL,NULL,NULL,NULL,NULL,NULL,NULL,NULL,NULL,NULL,NULL),
  (468,'StockImpl','PHM','PULTE GROUP INC',NULL,NULL,NULL,'11109',NULL,NULL,NULL,40,NULL,NULL,NULL,NULL,NULL,NULL,NULL,NULL,NULL,NULL,NULL,NULL,NULL,NULL,NULL),
  (469,'StockImpl','QEP','QEP RESOURCES INC',NULL,NULL,NULL,'76280981',NULL,NULL,NULL,40,NULL,NULL,NULL,NULL,NULL,NULL,NULL,NULL,NULL,NULL,NULL,NULL,NULL,NULL,NULL),
  (470,'StockImpl','QCOM','QUALCOMM INC',NULL,NULL,NULL,'273544',NULL,NULL,NULL,40,NULL,NULL,NULL,NULL,NULL,NULL,NULL,NULL,NULL,NULL,NULL,NULL,NULL,NULL,NULL),
  (471,'StockImpl','QRVO','QORVO INC',NULL,NULL,NULL,'179002152',NULL,NULL,NULL,40,NULL,NULL,NULL,NULL,NULL,NULL,NULL,NULL,NULL,NULL,NULL,NULL,NULL,NULL,NULL),
  (472,'StockImpl','PWR','QUANTA SERVICES INC',NULL,NULL,NULL,'6608432',NULL,NULL,NULL,40,NULL,NULL,NULL,NULL,NULL,NULL,NULL,NULL,NULL,NULL,NULL,NULL,NULL,NULL,NULL),
  (473,'StockImpl','DGX','QUEST DIAGNOSTICS INC',NULL,NULL,NULL,'2459465',NULL,NULL,NULL,40,NULL,NULL,NULL,NULL,NULL,NULL,NULL,NULL,NULL,NULL,NULL,NULL,NULL,NULL,NULL),
  (474,'StockImpl','RL','RALPH LAUREN CORP',NULL,NULL,NULL,'92306678',NULL,NULL,NULL,40,NULL,NULL,NULL,NULL,NULL,NULL,NULL,NULL,NULL,NULL,NULL,NULL,NULL,NULL,NULL),
  (475,'StockImpl','RRC','RANGE RESOURCES CORP',NULL,NULL,NULL,'6608450',NULL,NULL,NULL,40,NULL,NULL,NULL,NULL,NULL,NULL,NULL,NULL,NULL,NULL,NULL,NULL,NULL,NULL,NULL),
  (476,'StockImpl','RTN','RAYTHEON COMPANY',NULL,NULL,NULL,'11758',NULL,NULL,NULL,40,NULL,NULL,NULL,NULL,NULL,NULL,NULL,NULL,NULL,NULL,NULL,NULL,NULL,NULL,NULL),
  (477,'StockImpl','O','REALTY INCOME CORP',NULL,NULL,NULL,'10672',NULL,NULL,NULL,40,NULL,NULL,NULL,NULL,NULL,NULL,NULL,NULL,NULL,NULL,NULL,NULL,NULL,NULL,NULL),
  (478,'StockImpl','RHT','RED HAT INC',NULL,NULL,NULL,'5090107',NULL,NULL,NULL,40,NULL,NULL,NULL,NULL,NULL,NULL,NULL,NULL,NULL,NULL,NULL,NULL,NULL,NULL,NULL),
  (479,'StockImpl','REGN','REGENERON PHARMACEUTICALS',NULL,NULL,NULL,'273733',NULL,NULL,NULL,40,NULL,NULL,NULL,NULL,NULL,NULL,NULL,NULL,NULL,NULL,NULL,NULL,NULL,NULL,NULL),
  (480,'StockImpl','RF','REGIONS FINANCIAL CORP',NULL,NULL,NULL,'273815',NULL,NULL,NULL,40,NULL,NULL,NULL,NULL,NULL,NULL,NULL,NULL,NULL,NULL,NULL,NULL,NULL,NULL,NULL),
  (481,'StockImpl','RSG','REPUBLIC SERVICES INC',NULL,NULL,NULL,'6478024',NULL,NULL,NULL,40,NULL,NULL,NULL,NULL,NULL,NULL,NULL,NULL,NULL,NULL,NULL,NULL,NULL,NULL,NULL),
  (482,'StockImpl','RAI','REYNOLDS AMERICAN INC',NULL,NULL,NULL,'4740381',NULL,NULL,NULL,40,NULL,NULL,NULL,NULL,NULL,NULL,NULL,NULL,NULL,NULL,NULL,NULL,NULL,NULL,NULL),
  (483,'StockImpl','RHI','ROBERT HALF INTL INC',NULL,NULL,NULL,'11634',NULL,NULL,NULL,40,NULL,NULL,NULL,NULL,NULL,NULL,NULL,NULL,NULL,NULL,NULL,NULL,NULL,NULL,NULL),
  (484,'StockImpl','ROK','ROCKWELL AUTOMATION INC',NULL,NULL,NULL,'11697',NULL,NULL,NULL,40,NULL,NULL,NULL,NULL,NULL,NULL,NULL,NULL,NULL,NULL,NULL,NULL,NULL,NULL,NULL),
  (485,'StockImpl','COL','ROCKWELL COLLINS INC',NULL,NULL,NULL,'12588744',NULL,NULL,NULL,40,NULL,NULL,NULL,NULL,NULL,NULL,NULL,NULL,NULL,NULL,NULL,NULL,NULL,NULL,NULL),
  (486,'StockImpl','ROP','ROPER TECHNOLOGIES INC',NULL,NULL,NULL,'2585629',NULL,NULL,NULL,40,NULL,NULL,NULL,NULL,NULL,NULL,NULL,NULL,NULL,NULL,NULL,NULL,NULL,NULL,NULL),
  (487,'StockImpl','ROST','ROSS STORES INC',NULL,NULL,NULL,'273939',NULL,NULL,NULL,40,NULL,NULL,NULL,NULL,NULL,NULL,NULL,NULL,NULL,NULL,NULL,NULL,NULL,NULL,NULL),
  (488,'StockImpl','RCL','ROYAL CARIBBEAN CRUISES LTD',NULL,NULL,NULL,'11520',NULL,NULL,NULL,40,NULL,NULL,NULL,NULL,NULL,NULL,NULL,NULL,NULL,NULL,NULL,NULL,NULL,NULL,NULL),
  (489,'StockImpl','R','RYDER SYSTEM INC',NULL,NULL,NULL,'11478',NULL,NULL,NULL,40,NULL,NULL,NULL,NULL,NULL,NULL,NULL,NULL,NULL,NULL,NULL,NULL,NULL,NULL,NULL),
  (490,'StockImpl','SCG','SCANA CORP',NULL,NULL,NULL,'11902',NULL,NULL,NULL,40,NULL,NULL,NULL,NULL,NULL,NULL,NULL,NULL,NULL,NULL,NULL,NULL,NULL,NULL,NULL),
  (491,'StockImpl','SLG','SL GREEN REALTY CORP',NULL,NULL,NULL,'6608473',NULL,NULL,NULL,40,NULL,NULL,NULL,NULL,NULL,NULL,NULL,NULL,NULL,NULL,NULL,NULL,NULL,NULL,NULL),
  (492,'StockImpl','CRM','SALESFORCE.COM INC',NULL,NULL,NULL,'29624264',NULL,NULL,NULL,40,NULL,NULL,NULL,NULL,NULL,NULL,NULL,NULL,NULL,NULL,NULL,NULL,NULL,NULL,NULL),
  (493,'StockImpl','SNDK','SANDISK CORP',NULL,NULL,NULL,'2025886',NULL,NULL,NULL,40,NULL,NULL,NULL,NULL,NULL,NULL,NULL,NULL,NULL,NULL,NULL,NULL,NULL,NULL,NULL),
  (494,'StockImpl','HSIC','HENRY SCHEIN INC',NULL,NULL,NULL,'3655640',NULL,NULL,NULL,40,NULL,NULL,NULL,NULL,NULL,NULL,NULL,NULL,NULL,NULL,NULL,NULL,NULL,NULL,NULL),
  (495,'StockImpl','SLB','SCHLUMBERGER LTD',NULL,NULL,NULL,'12200',NULL,NULL,NULL,40,NULL,NULL,NULL,NULL,NULL,NULL,NULL,NULL,NULL,NULL,NULL,NULL,NULL,NULL,NULL),
  (496,'StockImpl','SCHW','SCHWAB (CHARLES) CORP',NULL,NULL,NULL,'11905',NULL,NULL,NULL,40,NULL,NULL,NULL,NULL,NULL,NULL,NULL,NULL,NULL,NULL,NULL,NULL,NULL,NULL,NULL),
  (497,'StockImpl','SNI','SCRIPPS NETWORKS INTER-CL A',NULL,NULL,NULL,'51782225',NULL,NULL,NULL,40,NULL,NULL,NULL,NULL,NULL,NULL,NULL,NULL,NULL,NULL,NULL,NULL,NULL,NULL,NULL),
  (498,'StockImpl','STX','SEAGATE TECHNOLOGY',NULL,NULL,NULL,'76915240',NULL,NULL,NULL,40,NULL,NULL,NULL,NULL,NULL,NULL,NULL,NULL,NULL,NULL,NULL,NULL,NULL,NULL,NULL),
  (499,'StockImpl','SEE','SEALED AIR CORP',NULL,NULL,NULL,'4082282',NULL,NULL,NULL,40,NULL,NULL,NULL,NULL,NULL,NULL,NULL,NULL,NULL,NULL,NULL,NULL,NULL,NULL,NULL),
  (500,'StockImpl','SRE','SEMPRA ENERGY',NULL,NULL,NULL,'11020',NULL,NULL,NULL,40,NULL,NULL,NULL,NULL,NULL,NULL,NULL,NULL,NULL,NULL,NULL,NULL,NULL,NULL,NULL),
  (501,'StockImpl','SHW','SHERWIN-WILLIAMS CO/THE',NULL,NULL,NULL,'12120',NULL,NULL,NULL,40,NULL,NULL,NULL,NULL,NULL,NULL,NULL,NULL,NULL,NULL,NULL,NULL,NULL,NULL,NULL),
  (502,'StockImpl','SIAL','SIGMA-ALDRICH',NULL,NULL,NULL,'274345',NULL,NULL,NULL,40,NULL,NULL,NULL,NULL,NULL,NULL,NULL,NULL,NULL,NULL,NULL,NULL,NULL,NULL,NULL),
  (503,'StockImpl','SPG','SIMON PROPERTY GROUP INC',NULL,NULL,NULL,'2009113',NULL,NULL,NULL,40,NULL,NULL,NULL,NULL,NULL,NULL,NULL,NULL,NULL,NULL,NULL,NULL,NULL,NULL,NULL),
  (504,'StockImpl','SWKS','SKYWORKS SOLUTIONS INC',NULL,NULL,NULL,'4726021',NULL,NULL,NULL,40,NULL,NULL,NULL,NULL,NULL,NULL,NULL,NULL,NULL,NULL,NULL,NULL,NULL,NULL,NULL),
  (505,'StockImpl','SJM','JM SMUCKER CO/THE',NULL,NULL,NULL,'15130038',NULL,NULL,NULL,40,NULL,NULL,NULL,NULL,NULL,NULL,NULL,NULL,NULL,NULL,NULL,NULL,NULL,NULL,NULL),
  (506,'StockImpl','SNA','SNAP-ON INC',NULL,NULL,NULL,'12259',NULL,NULL,NULL,40,NULL,NULL,NULL,NULL,NULL,NULL,NULL,NULL,NULL,NULL,NULL,NULL,NULL,NULL,NULL),
  (507,'StockImpl','SO','SOUTHERN CO/THE',NULL,NULL,NULL,'12300',NULL,NULL,NULL,40,NULL,NULL,NULL,NULL,NULL,NULL,NULL,NULL,NULL,NULL,NULL,NULL,NULL,NULL,NULL),
  (508,'StockImpl','LUV','SOUTHWEST AIRLINES CO',NULL,NULL,NULL,'9282',NULL,NULL,NULL,40,NULL,NULL,NULL,NULL,NULL,NULL,NULL,NULL,NULL,NULL,NULL,NULL,NULL,NULL,NULL),
  (509,'StockImpl','SWN','SOUTHWESTERN ENERGY CO',NULL,NULL,NULL,'12531',NULL,NULL,NULL,40,NULL,NULL,NULL,NULL,NULL,NULL,NULL,NULL,NULL,NULL,NULL,NULL,NULL,NULL,NULL),
  (510,'StockImpl','SE','SPECTRA ENERGY CORP',NULL,NULL,NULL,'41993017',NULL,NULL,NULL,40,NULL,NULL,NULL,NULL,NULL,NULL,NULL,NULL,NULL,NULL,NULL,NULL,NULL,NULL,NULL),
  (511,'StockImpl','STJ','ST JUDE MEDICAL INC',NULL,NULL,NULL,'2467215',NULL,NULL,NULL,40,NULL,NULL,NULL,NULL,NULL,NULL,NULL,NULL,NULL,NULL,NULL,NULL,NULL,NULL,NULL),
  (512,'StockImpl','SWK','STANLEY BLACK & DECKER INC',NULL,NULL,NULL,'73354293',NULL,NULL,NULL,40,NULL,NULL,NULL,NULL,NULL,NULL,NULL,NULL,NULL,NULL,NULL,NULL,NULL,NULL,NULL),
  (513,'StockImpl','SPLS','STAPLES INC',NULL,NULL,NULL,'274599',NULL,NULL,NULL,40,NULL,NULL,NULL,NULL,NULL,NULL,NULL,NULL,NULL,NULL,NULL,NULL,NULL,NULL,NULL),
  (514,'StockImpl','SBUX','STARBUCKS CORP',NULL,NULL,NULL,'274105',NULL,NULL,NULL,40,NULL,NULL,NULL,NULL,NULL,NULL,NULL,NULL,NULL,NULL,NULL,NULL,NULL,NULL,NULL),
  (515,'StockImpl','HOT','STARWOOD HOTELS & RESORTS',NULL,NULL,NULL,'38734858',NULL,NULL,NULL,40,NULL,NULL,NULL,NULL,NULL,NULL,NULL,NULL,NULL,NULL,NULL,NULL,NULL,NULL,NULL),
  (516,'StockImpl','STT','STATE STREET CORP',NULL,NULL,NULL,'2730980',NULL,NULL,NULL,40,NULL,NULL,NULL,NULL,NULL,NULL,NULL,NULL,NULL,NULL,NULL,NULL,NULL,NULL,NULL),
  (517,'StockImpl','SRCL','STERICYCLE INC',NULL,NULL,NULL,'6478100',NULL,NULL,NULL,40,NULL,NULL,NULL,NULL,NULL,NULL,NULL,NULL,NULL,NULL,NULL,NULL,NULL,NULL,NULL),
  (518,'StockImpl','SYK','STRYKER CORP',NULL,NULL,NULL,'4430948',NULL,NULL,NULL,40,NULL,NULL,NULL,NULL,NULL,NULL,NULL,NULL,NULL,NULL,NULL,NULL,NULL,NULL,NULL),
  (519,'StockImpl','STI','SUNTRUST BANKS INC',NULL,NULL,NULL,'12451',NULL,NULL,NULL,40,NULL,NULL,NULL,NULL,NULL,NULL,NULL,NULL,NULL,NULL,NULL,NULL,NULL,NULL,NULL),
  (520,'StockImpl','SYMC','SYMANTEC CORP',NULL,NULL,NULL,'274925',NULL,NULL,NULL,40,NULL,NULL,NULL,NULL,NULL,NULL,NULL,NULL,NULL,NULL,NULL,NULL,NULL,NULL,NULL),
  (521,'StockImpl','SYY','SYSCO CORP',NULL,NULL,NULL,'12581',NULL,NULL,NULL,40,NULL,NULL,NULL,NULL,NULL,NULL,NULL,NULL,NULL,NULL,NULL,NULL,NULL,NULL,NULL),
  (522,'StockImpl','TROW','T ROWE PRICE GROUP INC',NULL,NULL,NULL,'275321',NULL,NULL,NULL,40,NULL,NULL,NULL,NULL,NULL,NULL,NULL,NULL,NULL,NULL,NULL,NULL,NULL,NULL,NULL),
  (523,'StockImpl','TEL','TE CONNECTIVITY LTD',NULL,NULL,NULL,'85548741',NULL,NULL,NULL,40,NULL,NULL,NULL,NULL,NULL,NULL,NULL,NULL,NULL,NULL,NULL,NULL,NULL,NULL,NULL),
  (524,'StockImpl','TE','TECO ENERGY INC',NULL,NULL,NULL,'12687',NULL,NULL,NULL,40,NULL,NULL,NULL,NULL,NULL,NULL,NULL,NULL,NULL,NULL,NULL,NULL,NULL,NULL,NULL),
  (525,'StockImpl','TGNA','TEGNA INC',NULL,NULL,NULL,'196887976',NULL,NULL,NULL,40,NULL,NULL,NULL,NULL,NULL,NULL,NULL,NULL,NULL,NULL,NULL,NULL,NULL,NULL,NULL),
  (526,'StockImpl','TJX','TJX COMPANIES INC',NULL,NULL,NULL,'12814',NULL,NULL,NULL,40,NULL,NULL,NULL,NULL,NULL,NULL,NULL,NULL,NULL,NULL,NULL,NULL,NULL,NULL,NULL),
  (527,'StockImpl','TGT','TARGET CORP',NULL,NULL,NULL,'6437',NULL,NULL,NULL,40,NULL,NULL,NULL,NULL,NULL,NULL,NULL,NULL,NULL,NULL,NULL,NULL,NULL,NULL,NULL),
  (528,'StockImpl','THC','TENET HEALTHCARE CORP',NULL,NULL,NULL,'114929760',NULL,NULL,NULL,40,NULL,NULL,NULL,NULL,NULL,NULL,NULL,NULL,NULL,NULL,NULL,NULL,NULL,NULL,NULL),
  (529,'StockImpl','TDC','TERADATA CORP',NULL,NULL,NULL,'46128760',NULL,NULL,NULL,40,NULL,NULL,NULL,NULL,NULL,NULL,NULL,NULL,NULL,NULL,NULL,NULL,NULL,NULL,NULL),
  (530,'StockImpl','TSO','TESORO CORP',NULL,NULL,NULL,'13011',NULL,NULL,NULL,40,NULL,NULL,NULL,NULL,NULL,NULL,NULL,NULL,NULL,NULL,NULL,NULL,NULL,NULL,NULL),
  (531,'StockImpl','TXN','TEXAS INSTRUMENTS INC',NULL,NULL,NULL,'13096',NULL,NULL,NULL,40,NULL,NULL,NULL,NULL,NULL,NULL,NULL,NULL,NULL,NULL,NULL,NULL,NULL,NULL,NULL),
  (532,'StockImpl','TXT','TEXTRON INC',NULL,NULL,NULL,'13101',NULL,NULL,NULL,40,NULL,NULL,NULL,NULL,NULL,NULL,NULL,NULL,NULL,NULL,NULL,NULL,NULL,NULL,NULL),
  (533,'StockImpl','ADT','ADT CORP/THE',NULL,NULL,NULL,'113401043',NULL,NULL,NULL,40,NULL,NULL,NULL,NULL,NULL,NULL,NULL,NULL,NULL,NULL,NULL,NULL,NULL,NULL,NULL),
  (534,'StockImpl','BK','BANK OF NEW YORK MELLON CORP',NULL,NULL,NULL,'44986804',NULL,NULL,NULL,40,NULL,NULL,NULL,NULL,NULL,NULL,NULL,NULL,NULL,NULL,NULL,NULL,NULL,NULL,NULL),
  (535,'StockImpl','PCLN','PRICELINE GROUP INC/THE',NULL,NULL,NULL,'4651842',NULL,NULL,NULL,40,NULL,NULL,NULL,NULL,NULL,NULL,NULL,NULL,NULL,NULL,NULL,NULL,NULL,NULL,NULL),
  (536,'StockImpl','WMB','WILLIAMS COS INC',NULL,NULL,NULL,'13805',NULL,NULL,NULL,40,NULL,NULL,NULL,NULL,NULL,NULL,NULL,NULL,NULL,NULL,NULL,NULL,NULL,NULL,NULL),
  (537,'StockImpl','TMO','THERMO FISHER SCIENTIFIC INC',NULL,NULL,NULL,'12869',NULL,NULL,NULL,40,NULL,NULL,NULL,NULL,NULL,NULL,NULL,NULL,NULL,NULL,NULL,NULL,NULL,NULL,NULL),
  (538,'StockImpl','TIF','TIFFANY & CO',NULL,NULL,NULL,'12791',NULL,NULL,NULL,40,NULL,NULL,NULL,NULL,NULL,NULL,NULL,NULL,NULL,NULL,NULL,NULL,NULL,NULL,NULL),
  (539,'StockImpl','TWC','TIME WARNER CABLE',NULL,NULL,NULL,'58493600',NULL,NULL,NULL,40,NULL,NULL,NULL,NULL,NULL,NULL,NULL,NULL,NULL,NULL,NULL,NULL,NULL,NULL,NULL),
  (540,'StockImpl','TWX','TIME WARNER INC',NULL,NULL,NULL,'59085966',NULL,NULL,NULL,40,NULL,NULL,NULL,NULL,NULL,NULL,NULL,NULL,NULL,NULL,NULL,NULL,NULL,NULL,NULL),
  (541,'StockImpl','TMK','TORCHMARK CORP',NULL,NULL,NULL,'12856',NULL,NULL,NULL,40,NULL,NULL,NULL,NULL,NULL,NULL,NULL,NULL,NULL,NULL,NULL,NULL,NULL,NULL,NULL),
  (542,'StockImpl','TSS','TOTAL SYSTEM SERVICES INC',NULL,NULL,NULL,'13014',NULL,NULL,NULL,40,NULL,NULL,NULL,NULL,NULL,NULL,NULL,NULL,NULL,NULL,NULL,NULL,NULL,NULL,NULL),
  (543,'StockImpl','TSCO','TRACTOR SUPPLY COMPANY',NULL,NULL,NULL,'6858322',NULL,NULL,NULL,40,NULL,NULL,NULL,NULL,NULL,NULL,NULL,NULL,NULL,NULL,NULL,NULL,NULL,NULL,NULL),
  (544,'StockImpl','RIG','TRANSOCEAN LTD',NULL,NULL,NULL,'56505491',NULL,NULL,NULL,40,NULL,NULL,NULL,NULL,NULL,NULL,NULL,NULL,NULL,NULL,NULL,NULL,NULL,NULL,NULL),
  (545,'StockImpl','TRV','TRAVELERS COS INC/THE',NULL,NULL,NULL,'43150617',NULL,NULL,NULL,40,NULL,NULL,NULL,NULL,NULL,NULL,NULL,NULL,NULL,NULL,NULL,NULL,NULL,NULL,NULL),
  (546,'StockImpl','TRIP','TRIPADVISOR INC',NULL,NULL,NULL,'98542026',NULL,NULL,NULL,40,NULL,NULL,NULL,NULL,NULL,NULL,NULL,NULL,NULL,NULL,NULL,NULL,NULL,NULL,NULL),
  (547,'StockImpl','FOXA','TWENTY-FIRST CENTURY FOX-A',NULL,NULL,NULL,'129203944',NULL,NULL,NULL,40,NULL,NULL,NULL,NULL,NULL,NULL,NULL,NULL,NULL,NULL,NULL,NULL,NULL,NULL,NULL),
  (548,'StockImpl','TYC','TYCO INTERNATIONAL PLC',NULL,NULL,NULL,'173432513',NULL,NULL,NULL,40,NULL,NULL,NULL,NULL,NULL,NULL,NULL,NULL,NULL,NULL,NULL,NULL,NULL,NULL,NULL),
  (549,'StockImpl','TSN','TYSON FOODS INC-CL A',NULL,NULL,NULL,'275405',NULL,NULL,NULL,40,NULL,NULL,NULL,NULL,NULL,NULL,NULL,NULL,NULL,NULL,NULL,NULL,NULL,NULL,NULL),
  (550,'StockImpl','USB','US BANCORP',NULL,NULL,NULL,'11669769',NULL,NULL,NULL,40,NULL,NULL,NULL,NULL,NULL,NULL,NULL,NULL,NULL,NULL,NULL,NULL,NULL,NULL,NULL),
  (551,'StockImpl','UA','UNDER ARMOUR INC-CLASS A',NULL,NULL,NULL,'36786278',NULL,NULL,NULL,40,NULL,NULL,NULL,NULL,NULL,NULL,NULL,NULL,NULL,NULL,NULL,NULL,NULL,NULL,NULL),
  (552,'StockImpl','UNP','UNION PACIFIC CORP',NULL,NULL,NULL,'13284',NULL,NULL,NULL,40,NULL,NULL,NULL,NULL,NULL,NULL,NULL,NULL,NULL,NULL,NULL,NULL,NULL,NULL,NULL),
  (553,'StockImpl','UPS','UNITED PARCEL SERVICE-CL B',NULL,NULL,NULL,'6231002',NULL,NULL,NULL,40,NULL,NULL,NULL,NULL,NULL,NULL,NULL,NULL,NULL,NULL,NULL,NULL,NULL,NULL,NULL),
  (554,'StockImpl','URI','UNITED RENTALS INC',NULL,NULL,NULL,'3629755',NULL,NULL,NULL,40,NULL,NULL,NULL,NULL,NULL,NULL,NULL,NULL,NULL,NULL,NULL,NULL,NULL,NULL,NULL),
  (555,'StockImpl','UTX','UNITED TECHNOLOGIES CORP',NULL,NULL,NULL,'13364',NULL,NULL,NULL,40,NULL,NULL,NULL,NULL,NULL,NULL,NULL,NULL,NULL,NULL,NULL,NULL,NULL,NULL,NULL),
  (556,'StockImpl','UNH','UNITEDHEALTH GROUP INC',NULL,NULL,NULL,'13272',NULL,NULL,NULL,40,NULL,NULL,NULL,NULL,NULL,NULL,NULL,NULL,NULL,NULL,NULL,NULL,NULL,NULL,NULL),
  (557,'StockImpl','UHS','UNIVERSAL HEALTH SERVICES-B',NULL,NULL,NULL,'13206',NULL,NULL,NULL,40,NULL,NULL,NULL,NULL,NULL,NULL,NULL,NULL,NULL,NULL,NULL,NULL,NULL,NULL,NULL),
  (558,'StockImpl','UNM','UNUM GROUP',NULL,NULL,NULL,'13277',NULL,NULL,NULL,40,NULL,NULL,NULL,NULL,NULL,NULL,NULL,NULL,NULL,NULL,NULL,NULL,NULL,NULL,NULL),
  (559,'StockImpl','URBN','URBAN OUTFITTERS INC',NULL,NULL,NULL,'275527',NULL,NULL,NULL,40,NULL,NULL,NULL,NULL,NULL,NULL,NULL,NULL,NULL,NULL,NULL,NULL,NULL,NULL,NULL),
  (560,'StockImpl','VFC','VF CORP',NULL,NULL,NULL,'13440',NULL,NULL,NULL,40,NULL,NULL,NULL,NULL,NULL,NULL,NULL,NULL,NULL,NULL,NULL,NULL,NULL,NULL,NULL),
  (561,'StockImpl','VLO','VALERO ENERGY CORP',NULL,NULL,NULL,'13497',NULL,NULL,NULL,40,NULL,NULL,NULL,NULL,NULL,NULL,NULL,NULL,NULL,NULL,NULL,NULL,NULL,NULL,NULL),
  (562,'StockImpl','VAR','VARIAN MEDICAL SYSTEMS INC',NULL,NULL,NULL,'13400',NULL,NULL,NULL,40,NULL,NULL,NULL,NULL,NULL,NULL,NULL,NULL,NULL,NULL,NULL,NULL,NULL,NULL,NULL),
  (563,'StockImpl','VTR','VENTAS INC.',NULL,NULL,NULL,'4044062',NULL,NULL,NULL,40,NULL,NULL,NULL,NULL,NULL,NULL,NULL,NULL,NULL,NULL,NULL,NULL,NULL,NULL,NULL),
  (564,'StockImpl','VRSN','VERISIGN INC',NULL,NULL,NULL,'4173050',NULL,NULL,NULL,40,NULL,NULL,NULL,NULL,NULL,NULL,NULL,NULL,NULL,NULL,NULL,NULL,NULL,NULL,NULL),
  (565,'StockImpl','VZ','VERIZON COMMUNICATIONS INC',NULL,NULL,NULL,'4901',NULL,NULL,NULL,40,NULL,NULL,NULL,NULL,NULL,NULL,NULL,NULL,NULL,NULL,NULL,NULL,NULL,NULL,NULL),
  (566,'StockImpl','VRTX','VERTEX PHARMACEUTICALS INC',NULL,NULL,NULL,'275850',NULL,NULL,NULL,40,NULL,NULL,NULL,NULL,NULL,NULL,NULL,NULL,NULL,NULL,NULL,NULL,NULL,NULL,NULL),
  (567,'StockImpl','VIAB','VIACOM INC-CLASS B',NULL,NULL,NULL,'37083557',NULL,NULL,NULL,40,NULL,NULL,NULL,NULL,NULL,NULL,NULL,NULL,NULL,NULL,NULL,NULL,NULL,NULL,NULL),
  (568,'StockImpl','V','VISA INC-CLASS A SHARES',NULL,NULL,NULL,'49462172',NULL,NULL,NULL,40,NULL,NULL,NULL,NULL,NULL,NULL,NULL,NULL,NULL,NULL,NULL,NULL,NULL,NULL,NULL),
  (569,'StockImpl','VNO','VORNADO REALTY TRUST',NULL,NULL,NULL,'13535',NULL,NULL,NULL,40,NULL,NULL,NULL,NULL,NULL,NULL,NULL,NULL,NULL,NULL,NULL,NULL,NULL,NULL,NULL),
  (570,'StockImpl','VMC','VULCAN MATERIALS CO',NULL,NULL,NULL,'13515',NULL,NULL,NULL,40,NULL,NULL,NULL,NULL,NULL,NULL,NULL,NULL,NULL,NULL,NULL,NULL,NULL,NULL,NULL),
  (571,'StockImpl','WEC','WEC ENERGY GROUP INC',NULL,NULL,NULL,'198560237',NULL,NULL,NULL,40,NULL,NULL,NULL,NULL,NULL,NULL,NULL,NULL,NULL,NULL,NULL,NULL,NULL,NULL,NULL),
  (572,'StockImpl','WMT','WAL-MART STORES INC',NULL,NULL,NULL,'13824',NULL,NULL,NULL,40,NULL,NULL,NULL,NULL,NULL,NULL,NULL,NULL,NULL,NULL,NULL,NULL,NULL,NULL,NULL),
  (573,'StockImpl','WBA','WALGREENS BOOTS ALLIANCE INC',NULL,NULL,NULL,'178634687',NULL,NULL,NULL,40,NULL,NULL,NULL,NULL,NULL,NULL,NULL,NULL,NULL,NULL,NULL,NULL,NULL,NULL,NULL),
  (574,'StockImpl','DIS','WALT DISNEY CO/THE',NULL,NULL,NULL,'6459',NULL,NULL,NULL,40,NULL,NULL,NULL,NULL,NULL,NULL,NULL,NULL,NULL,NULL,NULL,NULL,NULL,NULL,NULL),
  (575,'StockImpl','WM','WASTE MANAGEMENT INC',NULL,NULL,NULL,'13379',NULL,NULL,NULL,40,NULL,NULL,NULL,NULL,NULL,NULL,NULL,NULL,NULL,NULL,NULL,NULL,NULL,NULL,NULL),
  (576,'StockImpl','WAT','WATERS CORP',NULL,NULL,NULL,'1448494',NULL,NULL,NULL,40,NULL,NULL,NULL,NULL,NULL,NULL,NULL,NULL,NULL,NULL,NULL,NULL,NULL,NULL,NULL),
  (577,'StockImpl','WFC','WELLS FARGO & CO',NULL,NULL,NULL,'10375',NULL,NULL,NULL,40,NULL,NULL,NULL,NULL,NULL,NULL,NULL,NULL,NULL,NULL,NULL,NULL,NULL,NULL,NULL),
  (578,'StockImpl','WDC','WESTERN DIGITAL CORP',NULL,NULL,NULL,'13681',NULL,NULL,NULL,40,NULL,NULL,NULL,NULL,NULL,NULL,NULL,NULL,NULL,NULL,NULL,NULL,NULL,NULL,NULL),
  (579,'StockImpl','WU','WESTERN UNION CO',NULL,NULL,NULL,'40773257',NULL,NULL,NULL,40,NULL,NULL,NULL,NULL,NULL,NULL,NULL,NULL,NULL,NULL,NULL,NULL,NULL,NULL,NULL),
  (580,'StockImpl','WY','WEYERHAEUSER CO',NULL,NULL,NULL,'13949',NULL,NULL,NULL,40,NULL,NULL,NULL,NULL,NULL,NULL,NULL,NULL,NULL,NULL,NULL,NULL,NULL,NULL,NULL),
  (581,'StockImpl','WHR','WHIRLPOOL CORP',NULL,NULL,NULL,'13751',NULL,NULL,NULL,40,NULL,NULL,NULL,NULL,NULL,NULL,NULL,NULL,NULL,NULL,NULL,NULL,NULL,NULL,NULL),
  (582,'StockImpl','WFM','WHOLE FOODS MARKET INC',NULL,NULL,NULL,'276024',NULL,NULL,NULL,40,NULL,NULL,NULL,NULL,NULL,NULL,NULL,NULL,NULL,NULL,NULL,NULL,NULL,NULL,NULL),
  (583,'StockImpl','WYN','WYNDHAM WORLDWIDE CORP',NULL,NULL,NULL,'40021002',NULL,NULL,NULL,40,NULL,NULL,NULL,NULL,NULL,NULL,NULL,NULL,NULL,NULL,NULL,NULL,NULL,NULL,NULL),
  (584,'StockImpl','WYNN','WYNN RESORTS LTD.',NULL,NULL,NULL,'16454492',NULL,NULL,NULL,40,NULL,NULL,NULL,NULL,NULL,NULL,NULL,NULL,NULL,NULL,NULL,NULL,NULL,NULL,NULL),
  (585,'StockImpl','XL','XL GROUP PLC',NULL,NULL,NULL,'76768905',NULL,NULL,NULL,40,NULL,NULL,NULL,NULL,NULL,NULL,NULL,NULL,NULL,NULL,NULL,NULL,NULL,NULL,NULL),
  (586,'StockImpl','XEL','XCEL ENERGY INC',NULL,NULL,NULL,'10517',NULL,NULL,NULL,40,NULL,NULL,NULL,NULL,NULL,NULL,NULL,NULL,NULL,NULL,NULL,NULL,NULL,NULL,NULL),
  (587,'StockImpl','XRX','XEROX CORP',NULL,NULL,NULL,'13980',NULL,NULL,NULL,40,NULL,NULL,NULL,NULL,NULL,NULL,NULL,NULL,NULL,NULL,NULL,NULL,NULL,NULL,NULL),
  (588,'StockImpl','XLNX','XILINX INC',NULL,NULL,NULL,'276222',NULL,NULL,NULL,40,NULL,NULL,NULL,NULL,NULL,NULL,NULL,NULL,NULL,NULL,NULL,NULL,NULL,NULL,NULL),
  (589,'StockImpl','XYL','XYLEM INC',NULL,NULL,NULL,'95703740',NULL,NULL,NULL,40,NULL,NULL,NULL,NULL,NULL,NULL,NULL,NULL,NULL,NULL,NULL,NULL,NULL,NULL,NULL),
  (590,'StockImpl','YHOO','YAHOO! INC',NULL,NULL,NULL,'3312890',NULL,NULL,NULL,40,NULL,NULL,NULL,NULL,NULL,NULL,NULL,NULL,NULL,NULL,NULL,NULL,NULL,NULL,NULL),
  (591,'StockImpl','YUM','YUM! BRANDS INC',NULL,NULL,NULL,'3206042',NULL,NULL,NULL,40,NULL,NULL,NULL,NULL,NULL,NULL,NULL,NULL,NULL,NULL,NULL,NULL,NULL,NULL,NULL),
  (592,'StockImpl','ZBH','ZIMMER BIOMET HOLDINGS INC',NULL,NULL,NULL,'12851783',NULL,NULL,NULL,40,NULL,NULL,NULL,NULL,NULL,NULL,NULL,NULL,NULL,NULL,NULL,NULL,NULL,NULL,NULL),
  (593,'StockImpl','ZION','ZIONS BANCORP',NULL,NULL,NULL,'276329',NULL,NULL,NULL,40,NULL,NULL,NULL,NULL,NULL,NULL,NULL,NULL,NULL,NULL,NULL,NULL,NULL,NULL,NULL),
  (594,'StockImpl','ZTS','ZOETIS INC',NULL,NULL,NULL,'121665622',NULL,NULL,NULL,40,NULL,NULL,NULL,NULL,NULL,NULL,NULL,NULL,NULL,NULL,NULL,NULL,NULL,NULL,NULL),
  (595,'StockImpl','EBAY','EBAY INC',NULL,NULL,NULL,'4347086',NULL,NULL,NULL,40,NULL,NULL,NULL,NULL,NULL,NULL,NULL,NULL,NULL,NULL,NULL,NULL,NULL,NULL,NULL);
