INSERT INTO `account` (`ID`, `NAME`, `ACTIVE`, `BROKER`, `ORDER_SERVICE_TYPE`, `SESSION_QUALIFIER`, `EXT_ACCOUNT`, `EXT_ACCOUNT_GROUP`, `EXT_ALLOCATION_PROFILE`, `EXT_CLEARING_ACCOUNT`) VALUES
  (100,'IB_NATIVE_TEST',0,'IB','IB_NATIVE',NULL,NULL,NULL,NULL,NULL),
  (101,'IB_FIX_TEST',0,'IB','IB_FIX','IBFT',NULL,NULL,NULL,NULL),
  (103,'DC_TEST',0,'DC','DC_FIX','DCT',NULL,NULL,NULL,NULL),
  (104,'JPM_TEST',0,'JPM','JPM_FIX','JPMT',NULL,NULL,NULL,NULL),
  (105,'RT_TEST',0,'RT','RT_FIX','RTT',NULL,NULL,NULL,NULL),
  (106,'LMAX_TEST',0,'LMAX','LMAX_FIX','LMAXT',NULL,NULL,NULL,NULL),
  (107,'FXCM_TEST',0,'FXCM','FXCM_FIX','FXCM',NULL,NULL,NULL,NULL),
  (108,'CNX_TEST',0,'CNX','CNX_FIX','CNXT',NULL,NULL,NULL,NULL);

INSERT INTO `exchange` (`ID`, `NAME`, `IB_CODE`, `TIME_ZONE`) VALUES 
  (1,'IDEALPRO','IDEALPRO','US/Eastern'),
  (2,'SMART','SMART','US/Eastern'),
  (100,'GLOBEX','GLOBEX','America/Chicago'),
  (101,'ECBOT','ECBOT','America/Chicago'),
  (102,'NYMEX','NYMEX','America/New_York'),
  (103,'ICEUS','ICEUS','America/New_York'),
  (104,'FTA','FTA','Europe/Amsterdam'),
  (105,'MONEP','MONEP','Europe/Paris'),
  (106,'DTB','DTB','Europe/Berlin'),
  (107,'MEFFRV','MEFFRV','Europe/Madrid'),
  (108,'IDEM','IDEM','Europe/Rome'),
  (109,'ICEEU','ICEEU','Europe/London'),
  (110,'OMS','OMS','Europe/Stockholm'),
  (111,'SOFFEX','SOFFEX','Europe/Zurich'),
  (112,'SGX','SGX','Asia/Singapor'),
  (113,'CDE','CDE','America/Montreal'),
  (114,'HKFE','HKFE','Asia/Hong_Kong'),
  (115,'OSE.JPN','OSE.JPN','Asia/Tokyo'),
  (116,'SNFE','SNFE','Australia/Sydney'),
  (117,'IPE','IPE','America/New_York'),
  (118,'NYBOT','NYBOT','America/New_York'),
  (119,'MATIF','MATIF','Europe/Paris');

INSERT INTO `order_preference` (`ID`, `NAME`, `ORDER_TYPE`, `DEFAULT_ACCOUNT_FK`, `VERSION`) VALUES
  (201,'SLICING','SLICING',100,0),
  (202,'DEFAULT','MARKET',100,0),
  (203,'VWAP','VWAP',100,0);  

INSERT INTO `property` (`ID`, `NAME`, `PERSISTENT`, `INT_VALUE`, `DOUBLE_VALUE`, `MONEY_VALUE`, `TEXT_VALUE`, `DATE_TIME_VALUE`, `BOOLEAN_VALUE`, `PROPERTY_HOLDER_FK`, `VERSION`) VALUES 
  (37,'minVolPct',1,NULL,0.2,NULL,NULL,NULL,NULL,201,0),
  (39,'maxVolPct',1,NULL,1,NULL,NULL,NULL,NULL,201,0),
  (40,'maxQuantity',1,20,NULL,NULL,NULL,NULL,NULL,201,0),
  (41,'minDuration',1,NULL,1,NULL,NULL,NULL,NULL,201,0),
  (42,'maxDuration',1,NULL,2,NULL,NULL,NULL,NULL,201,0),
  (43,'minDelay',1,NULL,2,NULL,NULL,NULL,NULL,201,0),
  (44,'maxDelay',1,NULL,3,NULL,NULL,NULL,NULL,201,0),
  (45,'bucketSize',1,NULL,NULL,NULL,'MIN_15',NULL,NULL,203,0),
  (46,'lookbackPeriod',1,20,NULL,NULL,NULL,NULL,NULL,203,0),
  (47,'minInterval',1,NULL,60,NULL,NULL,NULL,NULL,203,0),
  (48,'maxInterval',1,NULL,60,NULL,NULL,NULL,NULL,203,0);

INSERT INTO `security_family` (`ID`, `CLASS`, `NAME`, `SYMBOL_ROOT`, `ISIN_ROOT`, `RIC_ROOT`, `CURRENCY`, `CONTRACT_SIZE`, `SCALE`, `TICK_SIZE_PATTERN`, `EXECUTION_COMMISSION`, `CLEARING_COMMISSION`, `FEE`, `TRADEABLE`, `SYNTHETIC`, `PERIODICITY`, `MAX_GAP`, `UNDERLYING_FK`, `EXCHANGE_FK`, `INTREST`, `DIVIDEND`, `EXPIRATION_TYPE`, `EXPIRATION_DISTANCE`, `STRIKE_DISTANCE`, `WEEKLY`, `MATURITY_DISTANCE`, `LENGTH`, `QUOTATION_STYLE`) VALUES
  (1,'SecurityFamilyImpl','AUD FX',NULL,NULL,NULL,'AUD',1,5,'0<0.00001',0,NULL,NULL,'','\0',NULL,NULL,NULL,1,NULL,NULL,NULL,NULL,NULL,NULL,NULL,NULL,NULL),
  (2,'SecurityFamilyImpl','CAD FX',NULL,NULL,NULL,'CAD',1,5,'0<0.00001',0,NULL,NULL,'','\0',NULL,NULL,NULL,1,NULL,NULL,NULL,NULL,NULL,NULL,NULL,NULL,NULL),
  (3,'SecurityFamilyImpl','CHF FX',NULL,NULL,NULL,'CHF',1,5,'0<0.00001',0,NULL,NULL,'','\0',NULL,NULL,NULL,1,NULL,NULL,NULL,NULL,NULL,NULL,NULL,NULL,NULL),
  (4,'SecurityFamilyImpl','CNH FX',NULL,NULL,NULL,'CNH',1,5,'0<0.00001',0,NULL,NULL,'','\0',NULL,NULL,NULL,1,NULL,NULL,NULL,NULL,NULL,NULL,NULL,NULL,NULL),
  (5,'SecurityFamilyImpl','CZK FX',NULL,NULL,NULL,'CZK',1,5,'0<0.0001',0,NULL,NULL,'','\0',NULL,NULL,NULL,1,NULL,NULL,NULL,NULL,NULL,NULL,NULL,NULL,NULL),
  (6,'SecurityFamilyImpl','DKK FX',NULL,NULL,NULL,'DKK',1,5,'0<0.00001',0,NULL,NULL,'','\0',NULL,NULL,NULL,1,NULL,NULL,NULL,NULL,NULL,NULL,NULL,NULL,NULL),
  (7,'SecurityFamilyImpl','GBP FX',NULL,NULL,NULL,'GBP',1,5,'0<0.00001',0,NULL,NULL,'','\0',NULL,NULL,NULL,1,NULL,NULL,NULL,NULL,NULL,NULL,NULL,NULL,NULL),
  (8,'SecurityFamilyImpl','HKD FX',NULL,NULL,NULL,'HKD',1,5,'0<0.00001',0,NULL,NULL,'','\0',NULL,NULL,NULL,1,NULL,NULL,NULL,NULL,NULL,NULL,NULL,NULL,NULL),
  (9,'SecurityFamilyImpl','HUF FX',NULL,NULL,NULL,'HUF',1,5,'0<0.001',0,NULL,NULL,'','\0',NULL,NULL,NULL,1,NULL,NULL,NULL,NULL,NULL,NULL,NULL,NULL,NULL),
  (10,'SecurityFamilyImpl','ILS FX',NULL,NULL,NULL,'ILS',1,5,'0<0.00001',0,NULL,NULL,'','\0',NULL,NULL,NULL,1,NULL,NULL,NULL,NULL,NULL,NULL,NULL,NULL,NULL),
  (11,'SecurityFamilyImpl','JPY FX',NULL,NULL,NULL,'JPY',1,5,'0<0.001',0,NULL,NULL,'','\0',NULL,NULL,NULL,1,NULL,NULL,NULL,NULL,NULL,NULL,NULL,NULL,NULL),
  (12,'SecurityFamilyImpl','MXN FX',NULL,NULL,NULL,'MXN',1,5,'0<0.0001',0,NULL,NULL,'','\0',NULL,NULL,NULL,1,NULL,NULL,NULL,NULL,NULL,NULL,NULL,NULL,NULL),
  (13,'SecurityFamilyImpl','NOK FX',NULL,NULL,NULL,'NOK',1,5,'0<0.00001',0,NULL,NULL,'','\0',NULL,NULL,NULL,1,NULL,NULL,NULL,NULL,NULL,NULL,NULL,NULL,NULL),
  (14,'SecurityFamilyImpl','NZD FX',NULL,NULL,NULL,'NZD',1,5,'0<0.00001',0,NULL,NULL,'','\0',NULL,NULL,NULL,1,NULL,NULL,NULL,NULL,NULL,NULL,NULL,NULL,NULL),
  (15,'SecurityFamilyImpl','PLN FX',NULL,NULL,NULL,'PLN',1,5,'0<0.00001',0,NULL,NULL,'','\0',NULL,NULL,NULL,1,NULL,NULL,NULL,NULL,NULL,NULL,NULL,NULL,NULL),
  (16,'SecurityFamilyImpl','RUB FX',NULL,NULL,NULL,'RUB',1,5,'0<0.00001',0,NULL,NULL,'','\0',NULL,NULL,NULL,1,NULL,NULL,NULL,NULL,NULL,NULL,NULL,NULL,NULL),
  (17,'SecurityFamilyImpl','SEK FX',NULL,NULL,NULL,'SEK',1,5,'0<0.00001',0,NULL,NULL,'','\0',NULL,NULL,NULL,1,NULL,NULL,NULL,NULL,NULL,NULL,NULL,NULL,NULL),
  (18,'SecurityFamilyImpl','SGD FX',NULL,NULL,NULL,'SGD',1,5,'0<0.00001',0,NULL,NULL,'','\0',NULL,NULL,NULL,1,NULL,NULL,NULL,NULL,NULL,NULL,NULL,NULL,NULL),
  (19,'SecurityFamilyImpl','USD FX',NULL,NULL,NULL,'USD',1,5,'0<0.00001',0,NULL,NULL,'','\0',NULL,NULL,NULL,1,NULL,NULL,NULL,NULL,NULL,NULL,NULL,NULL,NULL),
  (20,'SecurityFamilyImpl','ZAR FX',NULL,NULL,NULL,'ZAR',1,5,'0<0.0001',0,NULL,NULL,'','\0',NULL,NULL,NULL,1,NULL,NULL,NULL,NULL,NULL,NULL,NULL,NULL,NULL),
  (40,'SecurityFamilyImpl','S&P 500 Stocks',NULL,NULL,NULL,'USD',1,2,'0<0.01',0,NULL,NULL,'','\0','MIN',NULL,NULL,2,NULL,NULL,NULL,NULL,NULL,NULL,NULL,NULL,NULL),
  (100,'FutureFamilyImpl','AEX','EOE',NULL,NULL,'EUR',20,2,'0<0.05',0,0,NULL,'','\0',NULL,NULL,NULL,104,0,0,'NEXT_3_RD_FRIDAY','MONTH_1',NULL,NULL,NULL,1,NULL),
  (101,'FutureFamilyImpl','AUD 90Day Bank Bill','IR',NULL,NULL,'AUD',2438,2,'0<0.01',0,0,NULL,'','\0',NULL,NULL,NULL,116,0,0,'NEXT_3_RD_FRIDAY','MONTH_1',NULL,NULL,NULL,1,NULL),
  (102,'FutureFamilyImpl','AUDCAD','ACD',NULL,NULL,'CAD',200000,4,'0<0.0001',0,0,NULL,'','\0',NULL,NULL,NULL,100,0,0,'NEXT_3_RD_FRIDAY','MONTH_1',NULL,NULL,NULL,1,NULL),
  (103,'FutureFamilyImpl','AUDJPY','AJY',NULL,NULL,'JPY',200000,3,'0<0.005',0,0,NULL,'','\0',NULL,NULL,NULL,100,0,0,'NEXT_3_RD_FRIDAY','MONTH_1',NULL,NULL,NULL,1,NULL),
  (104,'FutureFamilyImpl','AUDUSD','AUD',NULL,NULL,'USD',100000,4,'0<0.0001',0,0,NULL,'','\0',NULL,NULL,NULL,100,0,0,'NEXT_3_RD_FRIDAY','MONTH_1',NULL,NULL,NULL,1,NULL),
  (105,'FutureFamilyImpl','Brent Crude','COIL',NULL,NULL,'USD',1000,2,'0<0.01',0,0,NULL,'','\0',NULL,NULL,NULL,117,0,0,'NEXT_3_RD_FRIDAY','MONTH_1',NULL,NULL,NULL,1,NULL),
  (106,'FutureFamilyImpl','BRLUSD','BRE',NULL,NULL,'USD',100000,5,'0<0.00005',0,0,NULL,'','\0',NULL,NULL,NULL,100,0,0,'NEXT_3_RD_FRIDAY','MONTH_1',NULL,NULL,NULL,1,NULL),
  (107,'FutureFamilyImpl','CAC40','CAC40',NULL,NULL,'EUR',1,1,'0<0.5',0,0,NULL,'','\0',NULL,NULL,NULL,105,0,0,'NEXT_3_RD_FRIDAY','MONTH_1',NULL,NULL,NULL,1,NULL),
  (108,'FutureFamilyImpl','CAD 90Day Bank Acpt','BAX',NULL,NULL,'CAD',2500,3,'0<0.005',0,0,NULL,'','\0',NULL,NULL,NULL,113,0,0,'NEXT_3_RD_FRIDAY','MONTH_1',NULL,NULL,NULL,1,NULL),
  (109,'FutureFamilyImpl','CADJPY','CJY',NULL,NULL,'JPY',200000,2,'0<0.01',0,0,NULL,'','\0',NULL,NULL,NULL,100,0,0,'NEXT_3_RD_FRIDAY','MONTH_1',NULL,NULL,NULL,1,NULL),
  (110,'FutureFamilyImpl','CADUSD','CAD',NULL,NULL,'USD',100000,4,'0<0.0001',0,0,NULL,'','\0',NULL,NULL,NULL,100,0,0,'NEXT_3_RD_FRIDAY','MONTH_1',NULL,NULL,NULL,1,NULL),
  (111,'FutureFamilyImpl','CAN 10Yr Bond','CGB',NULL,NULL,'CAD',1000,2,'0<0.01',0,0,NULL,'','\0',NULL,NULL,NULL,113,0,0,'NEXT_3_RD_FRIDAY','MONTH_1',NULL,NULL,NULL,1,NULL),
  (112,'FutureFamilyImpl','Cattle Feeder','GF',NULL,NULL,'USD',50000,5,'0<0.00025',0,0,NULL,'','\0',NULL,NULL,NULL,100,0,0,'NEXT_3_RD_FRIDAY','MONTH_1',NULL,NULL,NULL,1,NULL),
  (113,'FutureFamilyImpl','CHFJPY','SJY',NULL,NULL,'JPY',250000,3,'0<0.005',0,0,NULL,'','\0',NULL,NULL,NULL,100,0,0,'NEXT_3_RD_FRIDAY','MONTH_1',NULL,NULL,NULL,1,NULL),
  (114,'FutureFamilyImpl','CHFUSD','CHF',NULL,NULL,'USD',125000,4,'0<0.0001',0,0,NULL,'','\0',NULL,NULL,NULL,100,0,0,'NEXT_3_RD_FRIDAY','MONTH_1',NULL,NULL,NULL,1,NULL),
  (115,'FutureFamilyImpl','Cocoa','CC',NULL,NULL,'USD',10,0,'0<1',0,0,NULL,'','\0',NULL,NULL,NULL,118,0,0,'NEXT_3_RD_FRIDAY','MONTH_1',NULL,NULL,NULL,1,NULL),
  (116,'FutureFamilyImpl','Coffee C','KC',NULL,NULL,'USD',37500,4,'0<0.0005',0,0,NULL,'','\0',NULL,NULL,NULL,118,0,0,'NEXT_3_RD_FRIDAY','MONTH_1',NULL,NULL,NULL,1,NULL),
  (117,'FutureFamilyImpl','Copper','HG',NULL,NULL,'USD',25000,4,'0<0.0005',0,0,NULL,'','\0',NULL,NULL,NULL,102,0,0,'NEXT_3_RD_FRIDAY','MONTH_1',NULL,NULL,NULL,1,NULL),
  (118,'FutureFamilyImpl','Corn','ZC',NULL,NULL,'USD',5000,4,'0<0.0025',0,0,NULL,'','\0',NULL,NULL,NULL,101,0,0,'NEXT_3_RD_FRIDAY','MONTH_1',NULL,NULL,NULL,1,NULL),
  (119,'FutureFamilyImpl','Cotton No 2','CT',NULL,NULL,'USD',50000,4,'0<0.0001',0,0,NULL,'','\0',NULL,NULL,NULL,118,0,0,'NEXT_3_RD_FRIDAY','MONTH_1',NULL,NULL,NULL,1,NULL),
  (120,'FutureFamilyImpl','CZKEUR','ECK',NULL,NULL,'EUR',4000000,6,'0<0.000002',0,0,NULL,'','\0',NULL,NULL,NULL,100,0,0,'NEXT_3_RD_FRIDAY','MONTH_1',NULL,NULL,NULL,1,NULL),
  (121,'FutureFamilyImpl','DAX','DAX',NULL,NULL,'EUR',25,1,'0<0.5',0,0,NULL,'','\0',NULL,NULL,NULL,106,0,0,'NEXT_3_RD_FRIDAY','MONTH_1',NULL,NULL,NULL,1,NULL),
  (122,'FutureFamilyImpl','DJIA','YM',NULL,NULL,'USD',5,0,'0<1',0,0,NULL,'','\0',NULL,NULL,NULL,101,0,0,'NEXT_3_RD_FRIDAY','MONTH_1',NULL,NULL,NULL,1,NULL),
  (123,'FutureFamilyImpl','EURAUD','EAD',NULL,NULL,'AUD',125000,4,'0<0.0001',0,0,NULL,'','\0',NULL,NULL,NULL,100,0,0,'NEXT_3_RD_FRIDAY','MONTH_1',NULL,NULL,NULL,1,NULL),
  (124,'FutureFamilyImpl','EURCAD','ECD',NULL,NULL,'CAD',125000,5,'0<0.0001',0,0,NULL,'','\0',NULL,NULL,NULL,100,0,0,'NEXT_3_RD_FRIDAY','MONTH_1',NULL,NULL,NULL,1,NULL),
  (125,'FutureFamilyImpl','EURCHF','RF',NULL,NULL,'CHF',125000,4,'0<0.0001',0,0,NULL,'','\0',NULL,NULL,NULL,100,0,0,'NEXT_3_RD_FRIDAY','MONTH_1',NULL,NULL,NULL,1,NULL),
  (126,'FutureFamilyImpl','EURGBP','RP',NULL,NULL,'GBP',125000,5,'0<0.00005',0,0,NULL,'','\0',NULL,NULL,NULL,100,0,0,'NEXT_3_RD_FRIDAY','MONTH_1',NULL,NULL,NULL,1,NULL),
  (127,'FutureFamilyImpl','EURIBOR 90Day','EU3',NULL,NULL,'EUR',2500,3,'0<0.005',0,0,NULL,'','\0',NULL,NULL,NULL,106,0,0,'NEXT_3_RD_FRIDAY','MONTH_1',NULL,NULL,NULL,1,NULL),
  (128,'FutureFamilyImpl','EURJPY','RY',NULL,NULL,'JPY',125000,2,'0<0.01',0,0,NULL,'','\0',NULL,NULL,NULL,100,0,0,'NEXT_3_RD_FRIDAY','MONTH_1',NULL,NULL,NULL,1,NULL),
  (129,'FutureFamilyImpl','EURO 10Yr BUND','GBL',NULL,NULL,'EUR',1000,2,'0<0.01',0,0,NULL,'','\0',NULL,NULL,NULL,106,0,0,'NEXT_3_RD_FRIDAY','MONTH_1',NULL,NULL,NULL,1,NULL),
  (130,'FutureFamilyImpl','EURO 2Yr Schatz','GBS',NULL,NULL,'EUR',1000,3,'0<0.005',0,0,NULL,'','\0',NULL,NULL,NULL,106,0,0,'NEXT_3_RD_FRIDAY','MONTH_1',NULL,NULL,NULL,1,NULL),
  (131,'FutureFamilyImpl','EURO 30Yr BUXL','GBX',NULL,NULL,'EUR',1000,2,'0<0.02',0,0,NULL,'','\0',NULL,NULL,NULL,106,0,0,'NEXT_3_RD_FRIDAY','MONTH_1',NULL,NULL,NULL,1,NULL),
  (132,'FutureFamilyImpl','EURO 5Yr BOBL','GBM',NULL,NULL,'EUR',1000,2,'0<0.01',0,0,NULL,'','\0',NULL,NULL,NULL,106,0,0,'NEXT_3_RD_FRIDAY','MONTH_1',NULL,NULL,NULL,1,NULL),
  (133,'FutureFamilyImpl','EURO STOXX 50','ESTX50',NULL,NULL,'EUR',10,0,'0<1',0,0,NULL,'','\0',NULL,NULL,NULL,106,0,0,'NEXT_3_RD_FRIDAY','MONTH_1',NULL,NULL,NULL,1,NULL),
  (134,'FutureFamilyImpl','EuroChf 90Day','S',NULL,NULL,'CHF',2500,2,'0<0.01',0,0,NULL,'','\0',NULL,NULL,NULL,109,0,0,'NEXT_3_RD_FRIDAY','MONTH_1',NULL,NULL,NULL,1,NULL),
  (135,'FutureFamilyImpl','EuroDollar 90Day','GE',NULL,NULL,'USD',2500,4,'0<0.0025',0,0,NULL,'','\0',NULL,NULL,NULL,100,0,0,'NEXT_3_RD_FRIDAY','MONTH_1',NULL,NULL,NULL,1,NULL),
  (136,'FutureFamilyImpl','EuroYen 90Day','SEY',NULL,NULL,'JPY',250000,3,'0<0.005',0,0,NULL,'','\0',NULL,NULL,NULL,112,0,0,'NEXT_3_RD_FRIDAY','MONTH_1',NULL,NULL,NULL,1,NULL),
  (137,'FutureFamilyImpl','EURSEK','ESK',NULL,NULL,'SEK',125000,5,'0<0.00025',0,0,NULL,'','\0',NULL,NULL,NULL,100,0,0,'NEXT_3_RD_FRIDAY','MONTH_1',NULL,NULL,NULL,1,NULL),
  (138,'FutureFamilyImpl','EURUSD','EUR',NULL,NULL,'USD',125000,4,'0<0.0001',0,0,NULL,'','\0',NULL,NULL,NULL,100,0,0,'NEXT_3_RD_FRIDAY','MONTH_1',NULL,NULL,NULL,1,NULL),
  (139,'FutureFamilyImpl','Fed Fund 30Day','ZQ',NULL,NULL,'USD',4167,3,'0<0.005',0,0,NULL,'','\0',NULL,NULL,NULL,101,0,0,'NEXT_3_RD_FRIDAY','MONTH_1',NULL,NULL,NULL,1,NULL),
  (140,'FutureFamilyImpl','FTSE / MIB','FTMIB',NULL,NULL,'EUR',5,0,'0<5',0,0,NULL,'','\0',NULL,NULL,NULL,108,0,0,'NEXT_3_RD_FRIDAY','MONTH_1',NULL,NULL,NULL,1,NULL),
  (141,'FutureFamilyImpl','FTSE 100','Z',NULL,NULL,'GBP',1000,3,'0<0.005',0,0,NULL,'','\0',NULL,NULL,NULL,109,0,0,'NEXT_3_RD_FRIDAY','MONTH_1',NULL,NULL,NULL,1,NULL),
  (142,'FutureFamilyImpl','Gas Oil','GOIL',NULL,NULL,'USD',100,2,'0<0.25',0,0,NULL,'','\0',NULL,NULL,NULL,117,0,0,'NEXT_3_RD_FRIDAY','MONTH_1',NULL,NULL,NULL,1,NULL),
  (143,'FutureFamilyImpl','Gasoline','RB',NULL,NULL,'USD',42000,4,'0<0.0001',0,0,NULL,'','\0',NULL,NULL,NULL,102,0,0,'NEXT_3_RD_FRIDAY','MONTH_1',NULL,NULL,NULL,1,NULL),
  (144,'FutureFamilyImpl','GB 10Yr Long Gilt','R',NULL,NULL,'GBP',1000,2,'0<0.01',0,0,NULL,'','\0',NULL,NULL,NULL,109,0,0,'NEXT_3_RD_FRIDAY','MONTH_1',NULL,NULL,NULL,1,NULL),
  (145,'FutureFamilyImpl','GB 90Day Sterling','L',NULL,NULL,'GBP',1250,2,'0<0.01',0,0,NULL,'','\0',NULL,NULL,NULL,109,0,0,'NEXT_3_RD_FRIDAY','MONTH_1',NULL,NULL,NULL,1,NULL),
  (146,'FutureFamilyImpl','GBPCHF','PSF',NULL,NULL,'CHF',125000,4,'0<0.0001',0,0,NULL,'','\0',NULL,NULL,NULL,100,0,0,'NEXT_3_RD_FRIDAY','MONTH_1',NULL,NULL,NULL,1,NULL),
  (147,'FutureFamilyImpl','GBPJPY','PJY',NULL,NULL,'JPY',125000,2,'0<0.01',0,0,NULL,'','\0',NULL,NULL,NULL,100,0,0,'NEXT_3_RD_FRIDAY','MONTH_1',NULL,NULL,NULL,1,NULL),
  (148,'FutureFamilyImpl','GBPUSD','GBP',NULL,NULL,'USD',62500,4,'0<0.0001',0,0,NULL,'','\0',NULL,NULL,NULL,100,0,0,'NEXT_3_RD_FRIDAY','MONTH_1',NULL,NULL,NULL,1,NULL),
  (149,'FutureFamilyImpl','Gold','GC',NULL,NULL,'USD',100,1,'0<0.1',0,0,NULL,'','\0',NULL,NULL,NULL,102,0,0,'NEXT_3_RD_FRIDAY','MONTH_1',NULL,NULL,NULL,1,NULL),
  (150,'FutureFamilyImpl','HANG SENG','HSI',NULL,NULL,'HKD',50,0,'0<1',0,0,NULL,'','\0',NULL,NULL,NULL,114,0,0,'NEXT_3_RD_FRIDAY','MONTH_1',NULL,NULL,NULL,1,NULL),
  (151,'FutureFamilyImpl','Heating Oil','HO',NULL,NULL,'USD',42000,4,'0<0.0001',0,0,NULL,'','\0',NULL,NULL,NULL,102,0,0,'NEXT_3_RD_FRIDAY','MONTH_1',NULL,NULL,NULL,1,NULL),
  (152,'FutureFamilyImpl','H-SHARES','HHI.HK',NULL,NULL,'HKD',50,0,'0<1',0,0,NULL,'','\0',NULL,NULL,NULL,114,0,0,'NEXT_3_RD_FRIDAY','MONTH_1',NULL,NULL,NULL,1,NULL),
  (153,'FutureFamilyImpl','HUFEUR','EHF',NULL,NULL,'EUR',30000000,7,'0<0.0000002',0,0,NULL,'','\0',NULL,NULL,NULL,100,0,0,'NEXT_3_RD_FRIDAY','MONTH_1',NULL,NULL,NULL,1,NULL),
  (154,'FutureFamilyImpl','IBEX 35','IBEX35',NULL,NULL,'EUR',10,0,'0<1',0,0,NULL,'','\0',NULL,NULL,NULL,107,0,0,'NEXT_3_RD_FRIDAY','MONTH_1',NULL,NULL,NULL,1,NULL),
  (155,'FutureFamilyImpl','ILSUSD','ILS',NULL,NULL,'USD',1000000,5,'0<0.00001',0,0,NULL,'','\0',NULL,NULL,NULL,100,0,0,'NEXT_3_RD_FRIDAY','MONTH_1',NULL,NULL,NULL,1,NULL),
  (156,'FutureFamilyImpl','JPY 10Yr Bond','JGB',NULL,NULL,'JPY',1000000,2,'0<0.01',0,0,NULL,'','\0',NULL,NULL,NULL,115,0,0,'NEXT_3_RD_FRIDAY','MONTH_1',NULL,NULL,NULL,1,NULL),
  (157,'FutureFamilyImpl','JPYUSD','JPY',NULL,NULL,'USD',12500000,6,'0<0.000001',0,0,NULL,'','\0',NULL,NULL,NULL,100,0,0,'NEXT_3_RD_FRIDAY','MONTH_1',NULL,NULL,NULL,1,NULL),
  (158,'FutureFamilyImpl','KRWUSD','KRW',NULL,NULL,'USD',125000000,7,'0<0.0000001',0,0,NULL,'','\0',NULL,NULL,NULL,100,0,0,'NEXT_3_RD_FRIDAY','MONTH_1',NULL,NULL,NULL,1,NULL),
  (159,'FutureFamilyImpl','Lean Hogs','HE',NULL,NULL,'USD',40000,5,'0<0.00025',0,0,NULL,'','\0',NULL,NULL,NULL,100,0,0,'NEXT_3_RD_FRIDAY','MONTH_1',NULL,NULL,NULL,1,NULL),
  (160,'FutureFamilyImpl','Live Cattle','LE',NULL,NULL,'USD',40000,5,'0<0.00025',0,0,NULL,'','\0',NULL,NULL,NULL,100,0,0,'NEXT_3_RD_FRIDAY','MONTH_1',NULL,NULL,NULL,1,NULL),
  (161,'FutureFamilyImpl','MSCI Taiwan','STW',NULL,NULL,'USD',100,1,'0<0.1',0,0,NULL,'','\0',NULL,NULL,NULL,112,0,0,'NEXT_3_RD_FRIDAY','MONTH_1',NULL,NULL,NULL,1,NULL),
  (162,'FutureFamilyImpl','MXNUSD','MXP',NULL,NULL,'USD',500000,5,'0<0.00001',0,0,NULL,'','\0',NULL,NULL,NULL,100,0,0,'NEXT_3_RD_FRIDAY','MONTH_1',NULL,NULL,NULL,1,NULL),
  (163,'FutureFamilyImpl','NASDAQ 100','NQ',NULL,NULL,'USD',20,2,'0<0.25',0,0,NULL,'','\0',NULL,NULL,NULL,100,0,0,'NEXT_3_RD_FRIDAY','MONTH_1',NULL,NULL,NULL,1,NULL),
  (164,'FutureFamilyImpl','Natural Gas','NG',NULL,NULL,'USD',10000,3,'0<0.001',0,0,NULL,'','\0',NULL,NULL,NULL,102,0,0,'NEXT_3_RD_FRIDAY','MONTH_1',NULL,NULL,NULL,1,NULL),
  (165,'FutureFamilyImpl','Natural Gas ICE','NGF',NULL,NULL,'GBP',30000,4,'0<0.0001',0,0,NULL,'','\0',NULL,NULL,NULL,117,0,0,'NEXT_3_RD_FRIDAY','MONTH_1',NULL,NULL,NULL,1,NULL),
  (166,'FutureFamilyImpl','Nikkei 225','N225M',NULL,NULL,'JPY',100,0,'0<5',0,0,NULL,'','\0',NULL,NULL,NULL,115,0,0,'NEXT_3_RD_FRIDAY','MONTH_1',NULL,NULL,NULL,1,NULL),
  (167,'FutureFamilyImpl','NOKUSD','NOK',NULL,NULL,'USD',2000000,5,'0<0.00001',0,0,NULL,'','\0',NULL,NULL,NULL,100,0,0,'NEXT_3_RD_FRIDAY','MONTH_1',NULL,NULL,NULL,1,NULL),
  (168,'FutureFamilyImpl','NZDUSD','NZD',NULL,NULL,'USD',100000,4,'0<0.0001',0,0,NULL,'','\0',NULL,NULL,NULL,100,0,0,'NEXT_3_RD_FRIDAY','MONTH_1',NULL,NULL,NULL,1,NULL),
  (169,'FutureFamilyImpl','OMXS30','OMXS30',NULL,NULL,'SEK',100,0,'0',0,0,NULL,'','\0',NULL,NULL,NULL,110,0,0,'NEXT_3_RD_FRIDAY','MONTH_1',NULL,NULL,NULL,1,NULL),
  (170,'FutureFamilyImpl','Palladium','PA',NULL,NULL,'USD',100,2,'0<0.05',0,0,NULL,'','\0',NULL,NULL,NULL,102,0,0,'NEXT_3_RD_FRIDAY','MONTH_1',NULL,NULL,NULL,1,NULL),
  (171,'FutureFamilyImpl','Platinum','PL',NULL,NULL,'USD',50,1,'0<0.1',0,0,NULL,'','\0',NULL,NULL,NULL,102,0,0,'NEXT_3_RD_FRIDAY','MONTH_1',NULL,NULL,NULL,1,NULL),
  (172,'FutureFamilyImpl','PLNEUR','EPZ',NULL,NULL,'EUR',500000,5,'0<0.00002',0,0,NULL,'','\0',NULL,NULL,NULL,100,0,0,'NEXT_3_RD_FRIDAY','MONTH_1',NULL,NULL,NULL,1,NULL),
  (173,'FutureFamilyImpl','Rapeseed','ECO',NULL,NULL,'EUR',50,2,'0<0.25',0,0,NULL,'','\0',NULL,NULL,NULL,119,0,0,'NEXT_3_RD_FRIDAY','MONTH_1',NULL,NULL,NULL,1,NULL),
  (174,'FutureFamilyImpl','RUBUSD','RUR',NULL,NULL,'USD',2500000,6,'0<0.000005',0,0,NULL,'','\0',NULL,NULL,NULL,100,0,0,'NEXT_3_RD_FRIDAY','MONTH_1',NULL,NULL,NULL,1,NULL),
  (175,'FutureFamilyImpl','S&P / TSX 60 IX','TSE60',NULL,NULL,'CAD',50,1,'0<0.1',0,0,NULL,'','\0',NULL,NULL,NULL,113,0,0,'NEXT_3_RD_FRIDAY','MONTH_1',NULL,NULL,NULL,1,NULL),
  (176,'FutureFamilyImpl','S&P 500','ES',NULL,NULL,'USD',50,2,'0<0.25',0,0,NULL,'','\0',NULL,NULL,NULL,100,0,0,'NEXT_3_RD_FRIDAY','MONTH_1',NULL,NULL,NULL,1,NULL),
  (177,'FutureFamilyImpl','S&P MID 400','EMD',NULL,NULL,'USD',100,1,'0<0.1',0,0,NULL,'','\0',NULL,NULL,NULL,100,0,0,'NEXT_3_RD_FRIDAY','MONTH_1',NULL,NULL,NULL,1,NULL),
  (178,'FutureFamilyImpl','SEKUSD','SEK',NULL,NULL,'USD',2000000,5,'0<0.00001',0,0,NULL,'','\0',NULL,NULL,NULL,100,0,0,'NEXT_3_RD_FRIDAY','MONTH_1',NULL,NULL,NULL,1,NULL),
  (179,'FutureFamilyImpl','Silver','SI',NULL,NULL,'USD',5000,3,'0<0.005',0,0,NULL,'','\0',NULL,NULL,NULL,102,0,0,'NEXT_3_RD_FRIDAY','MONTH_1',NULL,NULL,NULL,1,NULL),
  (180,'FutureFamilyImpl','SMI','SMI',NULL,NULL,'CHF',10,0,'0<1',0,0,NULL,'','\0',NULL,NULL,NULL,111,0,0,'NEXT_3_RD_FRIDAY','MONTH_1',NULL,NULL,NULL,1,NULL),
  (181,'FutureFamilyImpl','Soybean','ZS',NULL,NULL,'USD',5000,4,'0<0.0025',0,0,NULL,'','\0',NULL,NULL,NULL,101,0,0,'NEXT_3_RD_FRIDAY','MONTH_1',NULL,NULL,NULL,1,NULL),
  (182,'FutureFamilyImpl','Soybean Meal','ZM',NULL,NULL,'USD',100,1,'0<0.1',0,0,NULL,'','\0',NULL,NULL,NULL,101,0,0,'NEXT_3_RD_FRIDAY','MONTH_1',NULL,NULL,NULL,1,NULL),
  (183,'FutureFamilyImpl','Soybean Oil','ZL',NULL,NULL,'USD',60000,4,'0<0.0001',0,0,NULL,'','\0',NULL,NULL,NULL,101,0,0,'NEXT_3_RD_FRIDAY','MONTH_1',NULL,NULL,NULL,1,NULL),
  (184,'FutureFamilyImpl','Sugar No 11','SB',NULL,NULL,'USD',112000,4,'0<0.0001',0,0,NULL,'','\0',NULL,NULL,NULL,102,0,0,'NEXT_3_RD_FRIDAY','MONTH_1',NULL,NULL,NULL,1,NULL),
  (185,'FutureFamilyImpl','TOPIX','MNTPX',NULL,NULL,'JPY',1000,2,'0<0.25',0,0,NULL,'','\0',NULL,NULL,NULL,115,0,0,'NEXT_3_RD_FRIDAY','MONTH_1',NULL,NULL,NULL,1,NULL),
  (186,'FutureFamilyImpl','US 10Yr Note','ZN',NULL,NULL,'USD',1000,6,'0<0.015625',0,0,NULL,'','\0',NULL,NULL,NULL,101,0,0,'NEXT_3_RD_FRIDAY','MONTH_1',NULL,NULL,NULL,1,NULL),
  (187,'FutureFamilyImpl','US 2Yr Note','ZT',NULL,NULL,'USD',2000,7,'0<0.0078125',0,0,NULL,'','\0',NULL,NULL,NULL,101,0,0,'NEXT_3_RD_FRIDAY','MONTH_1',NULL,NULL,NULL,1,NULL),
  (188,'FutureFamilyImpl','US 30Yr Long Bond','ZB',NULL,NULL,'USD',1000,5,'0<0.03125',0,0,NULL,'','\0',NULL,NULL,NULL,101,0,0,'NEXT_3_RD_FRIDAY','MONTH_1',NULL,NULL,NULL,1,NULL),
  (189,'FutureFamilyImpl','US 5Yr Note','ZF',NULL,NULL,'USD',1000,7,'0<0.0078125',0,0,NULL,'','\0',NULL,NULL,NULL,101,0,0,'NEXT_3_RD_FRIDAY','MONTH_1',NULL,NULL,NULL,1,NULL),
  (190,'FutureFamilyImpl','Wheat CBT','ZW',NULL,NULL,'USD',5000,4,'0<0.0025',0,0,NULL,'','\0',NULL,NULL,NULL,101,0,0,'NEXT_3_RD_FRIDAY','MONTH_1',NULL,NULL,NULL,1,NULL),
  (191,'FutureFamilyImpl','Wheat LIFFE','EBM',NULL,NULL,'EUR',50,2,'0<0.25',0,0,NULL,'','\0',NULL,NULL,NULL,119,0,0,'NEXT_3_RD_FRIDAY','MONTH_1',NULL,NULL,NULL,1,NULL),
  (192,'FutureFamilyImpl','WTI Crude','CL',NULL,NULL,'USD',1000,2,'0<0.01',0,0,NULL,'','\0',NULL,NULL,NULL,102,0,0,'NEXT_3_RD_FRIDAY','MONTH_1',NULL,NULL,NULL,1,NULL),
  (193,'FutureFamilyImpl','ZARUSD','ZAR',NULL,NULL,'USD',500000,6,'0<0.000025',0,0,NULL,'','\0',NULL,NULL,NULL,100,0,0,'NEXT_3_RD_FRIDAY','MONTH_1',NULL,NULL,NULL,1,NULL);

INSERT INTO `security` (`ID`, `CLASS`, `SYMBOL`, `DESCRIPTION`, `ISIN`, `BBGID`, `RIC`, `CONID`, `LMAXID`, `TTID`, `UNDERLYING_FK`, `SECURITY_FAMILY_FK`, `MATURITY`, `COUPON`, `COMMODITY_TYPE`, `BASE_CURRENCY`, `EXPIRATION`, `MONTH_YEAR`, `FIRST_NOTICE`, `DURATION`, `ASSET_CLASS`, `STRIKE`, `OPTION_TYPE`, `GICS`, `UUID`, `COMBINATION_TYPE`, `PERSISTENT`) VALUES
  (1,'ForexImpl','AUDCAD',NULL,NULL,'BBG0013HL351',NULL,'15016138','100667',NULL,NULL,2,NULL,NULL,NULL,'AUD',NULL,NULL,NULL,NULL,NULL,NULL,NULL,NULL,NULL,NULL,NULL),
  (2,'ForexImpl','AUDCHF',NULL,NULL,'BBG0013HH7G5',NULL,'15016125','100619',NULL,NULL,3,NULL,NULL,NULL,'AUD',NULL,NULL,NULL,NULL,NULL,NULL,NULL,NULL,NULL,NULL,NULL),
  (3,'ForexImpl','AUDJPY',NULL,NULL,'BBG0013J11D4',NULL,'15016133','4008',NULL,NULL,11,NULL,NULL,NULL,'AUD',NULL,NULL,NULL,NULL,NULL,NULL,NULL,NULL,NULL,NULL,NULL),
  (4,'ForexImpl','AUDNZD',NULL,NULL,'BBG0013HL2Y1',NULL,'39453424','100615',NULL,NULL,14,NULL,NULL,NULL,'AUD',NULL,NULL,NULL,NULL,NULL,NULL,NULL,NULL,NULL,NULL,NULL),
  (5,'ForexImpl','AUDUSD',NULL,NULL,'BBG0013HFHG5',NULL,'14433401','4007',NULL,NULL,19,NULL,NULL,NULL,'AUD',NULL,NULL,NULL,NULL,NULL,NULL,NULL,NULL,NULL,NULL,NULL),
  (6,'ForexImpl','CADCHF',NULL,NULL,'BBG0013HHCP4',NULL,'15016234','100671',NULL,NULL,3,NULL,NULL,NULL,'CAD',NULL,NULL,NULL,NULL,NULL,NULL,NULL,NULL,NULL,NULL,NULL),
  (7,'ForexImpl','CADJPY',NULL,NULL,'BBG0013HJFP5',NULL,'15016241','100669',NULL,NULL,11,NULL,NULL,NULL,'CAD',NULL,NULL,NULL,NULL,NULL,NULL,NULL,NULL,NULL,NULL,NULL),
  (8,'ForexImpl','CHFJPY',NULL,NULL,'BBG0013HKSD8',NULL,'14321010','4009',NULL,NULL,11,NULL,NULL,NULL,'CHF',NULL,NULL,NULL,NULL,NULL,NULL,NULL,NULL,NULL,NULL,NULL),
  (9,'ForexImpl','EURAUD',NULL,NULL,'BBG0013HQVH1',NULL,'15016065','4016',NULL,NULL,1,NULL,NULL,NULL,'EUR',NULL,NULL,NULL,NULL,NULL,NULL,NULL,NULL,NULL,NULL,NULL),
  (10,'ForexImpl','EURCAD',NULL,NULL,'BBG0013HR4X2',NULL,'15016068','4015',NULL,NULL,2,NULL,NULL,NULL,'EUR',NULL,NULL,NULL,NULL,NULL,NULL,NULL,NULL,NULL,NULL,NULL),
  (11,'ForexImpl','EURCHF',NULL,NULL,'BBG0013HQFX8',NULL,'12087817','4011',NULL,NULL,3,NULL,NULL,NULL,'EUR',NULL,NULL,NULL,NULL,NULL,NULL,NULL,NULL,NULL,NULL,NULL),
  (12,'ForexImpl','EURCZK',NULL,NULL,'BBG0013HQG11',NULL,'75015678','100479',NULL,NULL,5,NULL,NULL,NULL,'EUR',NULL,NULL,NULL,NULL,NULL,NULL,NULL,NULL,NULL,NULL,NULL),
  (13,'ForexImpl','EURDKK',NULL,NULL,'BBG0013HQG39',NULL,'39394687','100485',NULL,NULL,6,NULL,NULL,NULL,'EUR',NULL,NULL,NULL,NULL,NULL,NULL,NULL,NULL,NULL,NULL,NULL),
  (14,'ForexImpl','EURGBP',NULL,NULL,'BBG0013HQFT3',NULL,'12087807','4003',NULL,NULL,7,NULL,NULL,NULL,'EUR',NULL,NULL,NULL,NULL,NULL,NULL,NULL,NULL,NULL,NULL,NULL),
  (15,'ForexImpl','EURHKD',NULL,NULL,'BBG0013HR658',NULL,'12345770','100491',NULL,NULL,8,NULL,NULL,NULL,'EUR',NULL,NULL,NULL,NULL,NULL,NULL,NULL,NULL,NULL,NULL,NULL),
  (16,'ForexImpl','EURHUF',NULL,NULL,'BBG0013HR505',NULL,'75015675','100497',NULL,NULL,9,NULL,NULL,NULL,'EUR',NULL,NULL,NULL,NULL,NULL,NULL,NULL,NULL,NULL,NULL,NULL),
  (17,'ForexImpl','EURJPY',NULL,NULL,'BBG0013HQG84',NULL,'14321016','4006',NULL,NULL,11,NULL,NULL,NULL,'EUR',NULL,NULL,NULL,NULL,NULL,NULL,NULL,NULL,NULL,NULL,NULL),
  (18,'ForexImpl','EURMXN',NULL,NULL,'BBG0013HR319',NULL,'37890904','100503',NULL,NULL,12,NULL,NULL,NULL,'EUR',NULL,NULL,NULL,NULL,NULL,NULL,NULL,NULL,NULL,NULL,NULL),
  (19,'ForexImpl','EURNOK',NULL,NULL,'BBG0013HQ2V9',NULL,'39453434','100509',NULL,NULL,13,NULL,NULL,NULL,'EUR',NULL,NULL,NULL,NULL,NULL,NULL,NULL,NULL,NULL,NULL,NULL),
  (20,'ForexImpl','EURNZD',NULL,NULL,'BBG0013HR6H5',NULL,'47101302','100515',NULL,NULL,14,NULL,NULL,NULL,'EUR',NULL,NULL,NULL,NULL,NULL,NULL,NULL,NULL,NULL,NULL,NULL),
  (21,'ForexImpl','EURPLN',NULL,NULL,'BBG0013HQQS0',NULL,'75015682','100519',NULL,NULL,15,NULL,NULL,NULL,'EUR',NULL,NULL,NULL,NULL,NULL,NULL,NULL,NULL,NULL,NULL,NULL),
  (22,'ForexImpl','EURRUB',NULL,NULL,'BBG0013HJJ31',NULL,'92620186','100679',NULL,NULL,16,NULL,NULL,NULL,'EUR',NULL,NULL,NULL,NULL,NULL,NULL,NULL,NULL,NULL,NULL,NULL),
  (23,'ForexImpl','EURSEK',NULL,NULL,'BBG0013HQDL6',NULL,'37893488','100525',NULL,NULL,17,NULL,NULL,NULL,'EUR',NULL,NULL,NULL,NULL,NULL,NULL,NULL,NULL,NULL,NULL,NULL),
  (24,'ForexImpl','EURSGD',NULL,NULL,'BBG0013HJHY1',NULL,'37928764','100531',NULL,NULL,18,NULL,NULL,NULL,'EUR',NULL,NULL,NULL,NULL,NULL,NULL,NULL,NULL,NULL,NULL,NULL),
  (25,'ForexImpl','EURUSD',NULL,NULL,'BBG0013HGRV5',NULL,'12087792','4001',NULL,NULL,19,NULL,NULL,NULL,'EUR',NULL,NULL,NULL,NULL,NULL,NULL,NULL,NULL,NULL,NULL,NULL),
  (26,'ForexImpl','EURZAR',NULL,NULL,'BBG0013HR6P6',NULL,'208558343','100543',NULL,NULL,20,NULL,NULL,NULL,'EUR',NULL,NULL,NULL,NULL,NULL,NULL,NULL,NULL,NULL,NULL,NULL),
  (27,'ForexImpl','GBPAUD',NULL,NULL,'BBG0013HJ4F1',NULL,'15016075','4017',NULL,NULL,1,NULL,NULL,NULL,'GBP',NULL,NULL,NULL,NULL,NULL,NULL,NULL,NULL,NULL,NULL,NULL),
  (28,'ForexImpl','GBPCAD',NULL,NULL,'BBG0013HHG02',NULL,'15016078','4014',NULL,NULL,2,NULL,NULL,NULL,'GBP',NULL,NULL,NULL,NULL,NULL,NULL,NULL,NULL,NULL,NULL,NULL),
  (29,'ForexImpl','GBPCHF',NULL,NULL,'BBG0013HKRY7',NULL,'12087826','4012',NULL,NULL,3,NULL,NULL,NULL,'GBP',NULL,NULL,NULL,NULL,NULL,NULL,NULL,NULL,NULL,NULL,NULL),
  (30,'ForexImpl','GBPDKK',NULL,NULL,'BBG0013HHBX7',NULL,'110616560','100487',NULL,NULL,6,NULL,NULL,NULL,'GBP',NULL,NULL,NULL,NULL,NULL,NULL,NULL,NULL,NULL,NULL,NULL),
  (31,'ForexImpl','GBPHKD',NULL,NULL,'BBG0013HMJP3',NULL,'12345775','100493',NULL,NULL,8,NULL,NULL,NULL,'GBP',NULL,NULL,NULL,NULL,NULL,NULL,NULL,NULL,NULL,NULL,NULL),
  (32,'ForexImpl','GBPJPY',NULL,NULL,'BBG0013HKQQ8',NULL,'14321015','4005',NULL,NULL,11,NULL,NULL,NULL,'GBP',NULL,NULL,NULL,NULL,NULL,NULL,NULL,NULL,NULL,NULL,NULL),
  (33,'ForexImpl','GBPNOK',NULL,NULL,'BBG0013HLWR3',NULL,'37943445','100511',NULL,NULL,13,NULL,NULL,NULL,'GBP',NULL,NULL,NULL,NULL,NULL,NULL,NULL,NULL,NULL,NULL,NULL),
  (34,'ForexImpl','GBPNZD',NULL,NULL,'BBG0013HM591',NULL,'47101305','100517',NULL,NULL,14,NULL,NULL,NULL,'GBP',NULL,NULL,NULL,NULL,NULL,NULL,NULL,NULL,NULL,NULL,NULL),
  (35,'ForexImpl','GBPSEK',NULL,NULL,'BBG0013HMMQ5',NULL,'28027122','100527',NULL,NULL,17,NULL,NULL,NULL,'GBP',NULL,NULL,NULL,NULL,NULL,NULL,NULL,NULL,NULL,NULL,NULL),
  (36,'ForexImpl','GBPUSD',NULL,NULL,'BBG0013HFH84',NULL,'12087797','4002',NULL,NULL,19,NULL,NULL,NULL,'GBP',NULL,NULL,NULL,NULL,NULL,NULL,NULL,NULL,NULL,NULL,NULL),
  (37,'ForexImpl','GBPZAR',NULL,NULL,'BBG0013HMN10',NULL,'208558332','100545',NULL,NULL,20,NULL,NULL,NULL,'GBP',NULL,NULL,NULL,NULL,NULL,NULL,NULL,NULL,NULL,NULL,NULL),
  (38,'ForexImpl','NOKSEK',NULL,NULL,'BBG0013HMM76',NULL,'28027113','100555',NULL,NULL,17,NULL,NULL,NULL,'NOK',NULL,NULL,NULL,NULL,NULL,NULL,NULL,NULL,NULL,NULL,NULL),
  (39,'ForexImpl','NZDCAD',NULL,NULL,'BBG0013HJHK6',NULL,'46189223','100673',NULL,NULL,2,NULL,NULL,NULL,'NZD',NULL,NULL,NULL,NULL,NULL,NULL,NULL,NULL,NULL,NULL,NULL),
  (40,'ForexImpl','NZDCHF',NULL,NULL,'BBG0013HKTN5',NULL,'46189224','100675',NULL,NULL,3,NULL,NULL,NULL,'NZD',NULL,NULL,NULL,NULL,NULL,NULL,NULL,NULL,NULL,NULL,NULL),
  (41,'ForexImpl','NZDJPY',NULL,NULL,'BBG0013HJ5R5',NULL,'39453444','100617',NULL,NULL,11,NULL,NULL,NULL,'NZD',NULL,NULL,NULL,NULL,NULL,NULL,NULL,NULL,NULL,NULL,NULL),
  (42,'ForexImpl','NZDUSD',NULL,NULL,'BBG0013HFKT4',NULL,'39453441','100613',NULL,NULL,19,NULL,NULL,NULL,'NZD',NULL,NULL,NULL,NULL,NULL,NULL,NULL,NULL,NULL,NULL,NULL),
  (43,'ForexImpl','USDCAD',NULL,NULL,'BBG0013HG2R5',NULL,'15016062','4013',NULL,NULL,2,NULL,NULL,NULL,'USD',NULL,NULL,NULL,NULL,NULL,NULL,NULL,NULL,NULL,NULL,NULL),
  (44,'ForexImpl','USDCHF',NULL,NULL,'BBG0013HFN45',NULL,'12087820','4010',NULL,NULL,3,NULL,NULL,NULL,'USD',NULL,NULL,NULL,NULL,NULL,NULL,NULL,NULL,NULL,NULL,NULL),
  (45,'ForexImpl','USDCNH',NULL,NULL,'BBG0014V5GM9',NULL,'113342317','100892',NULL,NULL,4,NULL,NULL,NULL,'USD',NULL,NULL,NULL,NULL,NULL,NULL,NULL,NULL,NULL,NULL,NULL),
  (46,'ForexImpl','USDCZK',NULL,NULL,'BBG0013HG5F1',NULL,'34838409','100483',NULL,NULL,5,NULL,NULL,NULL,'USD',NULL,NULL,NULL,NULL,NULL,NULL,NULL,NULL,NULL,NULL,NULL),
  (47,'ForexImpl','USDHKD',NULL,NULL,'BBG0013HGDM6',NULL,'12345777','100495',NULL,NULL,8,NULL,NULL,NULL,'USD',NULL,NULL,NULL,NULL,NULL,NULL,NULL,NULL,NULL,NULL,NULL),
  (48,'ForexImpl','USDHUF',NULL,NULL,'BBG0013HG7B1',NULL,'34831484','100501',NULL,NULL,9,NULL,NULL,NULL,'USD',NULL,NULL,NULL,NULL,NULL,NULL,NULL,NULL,NULL,NULL,NULL),
  (49,'ForexImpl','USDILS',NULL,NULL,'BBG0013HGQP4',NULL,'44495102','100927',NULL,NULL,10,NULL,NULL,NULL,'USD',NULL,NULL,NULL,NULL,NULL,NULL,NULL,NULL,NULL,NULL,NULL),
  (50,'ForexImpl','USDJPY',NULL,NULL,'BBG0013HG3T1',NULL,'15016059','4004',NULL,NULL,11,NULL,NULL,NULL,'USD',NULL,NULL,NULL,NULL,NULL,NULL,NULL,NULL,NULL,NULL,NULL),
  (51,'ForexImpl','USDMXN',NULL,NULL,'BBG0013HFYM1',NULL,'35045199','100507',NULL,NULL,12,NULL,NULL,NULL,'USD',NULL,NULL,NULL,NULL,NULL,NULL,NULL,NULL,NULL,NULL,NULL),
  (52,'ForexImpl','USDNOK',NULL,NULL,'BBG0013HFL85',NULL,'37971206','100513',NULL,NULL,13,NULL,NULL,NULL,'USD',NULL,NULL,NULL,NULL,NULL,NULL,NULL,NULL,NULL,NULL,NULL),
  (53,'ForexImpl','USDPLN',NULL,NULL,'BBG0013HFK96',NULL,'34831481','100523',NULL,NULL,15,NULL,NULL,NULL,'USD',NULL,NULL,NULL,NULL,NULL,NULL,NULL,NULL,NULL,NULL,NULL),
  (54,'ForexImpl','USDRUB',NULL,NULL,'BBG0013HGFT4',NULL,'28454968','100681',NULL,NULL,16,NULL,NULL,NULL,'USD',NULL,NULL,NULL,NULL,NULL,NULL,NULL,NULL,NULL,NULL,NULL),
  (55,'ForexImpl','USDSEK',NULL,NULL,'BBG0013HFMZ3',NULL,'37893486','100529',NULL,NULL,17,NULL,NULL,NULL,'USD',NULL,NULL,NULL,NULL,NULL,NULL,NULL,NULL,NULL,NULL,NULL),
  (56,'ForexImpl','USDSGD',NULL,NULL,'BBG0013HFJF2',NULL,'37928772','100535',NULL,NULL,18,NULL,NULL,NULL,'USD',NULL,NULL,NULL,NULL,NULL,NULL,NULL,NULL,NULL,NULL,NULL),
  (57,'ForexImpl','USDZAR',NULL,NULL,'BBG0013HFSP1',NULL,'44984973','100547',NULL,NULL,20,NULL,NULL,NULL,'USD',NULL,NULL,NULL,NULL,NULL,NULL,NULL,NULL,NULL,NULL,NULL),
  (100,'StockImpl','A','AGILENT TECHNOLOGIES INC',NULL,'BBG000C2V3D6',NULL,'1715006',NULL,NULL,NULL,40,NULL,NULL,NULL,NULL,NULL,NULL,NULL,NULL,NULL,NULL,NULL,NULL,NULL,NULL,NULL),
  (101,'StockImpl','AA','ALCOA INC',NULL,'BBG000B9WH86',NULL,'4005',NULL,NULL,NULL,40,NULL,NULL,NULL,NULL,NULL,NULL,NULL,NULL,NULL,NULL,NULL,NULL,NULL,NULL,NULL),
  (102,'StockImpl','AAL','AMERICAN AIRLINES GROUP INC',NULL,'BBG005P7Q881',NULL,'139673266',NULL,NULL,NULL,40,NULL,NULL,NULL,NULL,NULL,NULL,NULL,NULL,NULL,NULL,NULL,NULL,NULL,NULL,NULL),
  (103,'StockImpl','AAP','Advance Auto Parts',NULL,'BBG000F7RCJ1',NULL,'4027',NULL,NULL,NULL,40,NULL,NULL,NULL,NULL,NULL,NULL,NULL,NULL,NULL,NULL,NULL,NULL,NULL,NULL,NULL),
  (104,'StockImpl','AAPL','APPLE INC',NULL,'BBG000B9XRY4',NULL,'265598',NULL,NULL,NULL,40,NULL,NULL,NULL,NULL,NULL,NULL,NULL,NULL,NULL,NULL,NULL,NULL,NULL,NULL,NULL),
  (105,'StockImpl','ABBV','ABBVIE INC',NULL,'BBG0025Y4RY4',NULL,'118089500',NULL,NULL,NULL,40,NULL,NULL,NULL,NULL,NULL,NULL,NULL,NULL,NULL,NULL,NULL,NULL,NULL,NULL,NULL),
  (106,'StockImpl','ABC','AMERISOURCEBERGEN CORP.',NULL,'BBG000MDCQC2',NULL,'1714996',NULL,NULL,NULL,40,NULL,NULL,NULL,NULL,NULL,NULL,NULL,NULL,NULL,NULL,NULL,NULL,NULL,NULL,NULL),
  (107,'StockImpl','ABT','ABBOTT LABORATORIES .',NULL,'BBG000B9ZXB4',NULL,'4065',NULL,NULL,NULL,40,NULL,NULL,NULL,NULL,NULL,NULL,NULL,NULL,NULL,NULL,NULL,NULL,NULL,NULL,NULL),
  (108,'StockImpl','ACN','ACCENTURE PLC-CL A',NULL,'BBG000D9D830',NULL,'67889930',NULL,NULL,NULL,40,NULL,NULL,NULL,NULL,NULL,NULL,NULL,NULL,NULL,NULL,NULL,NULL,NULL,NULL,NULL),
  (109,'StockImpl','ADBE','ADOBE SYSTEMS INC',NULL,'BBG000BB5006',NULL,'265768',NULL,NULL,NULL,40,NULL,NULL,NULL,NULL,NULL,NULL,NULL,NULL,NULL,NULL,NULL,NULL,NULL,NULL,NULL),
  (110,'StockImpl','ADI','ANALOG DEVICES INC',NULL,'BBG000BB6G37',NULL,'4157',NULL,NULL,NULL,40,NULL,NULL,NULL,NULL,NULL,NULL,NULL,NULL,NULL,NULL,NULL,NULL,NULL,NULL,NULL),
  (111,'StockImpl','ADM','ARCHER-DANIELS-MIDLAND CO',NULL,'BBG000BB6WG8',NULL,'4165',NULL,NULL,NULL,40,NULL,NULL,NULL,NULL,NULL,NULL,NULL,NULL,NULL,NULL,NULL,NULL,NULL,NULL,NULL),
  (112,'StockImpl','ADP','AUTOMATIC DATA PROCESSING',NULL,'BBG000JG0547',NULL,'4661',NULL,NULL,NULL,40,NULL,NULL,NULL,NULL,NULL,NULL,NULL,NULL,NULL,NULL,NULL,NULL,NULL,NULL,NULL),
  (113,'StockImpl','ADS','ALLIANCE DATA SYSTEMS CORP',NULL,'BBG000BFNR17',NULL,'12362013',NULL,NULL,NULL,40,NULL,NULL,NULL,NULL,NULL,NULL,NULL,NULL,NULL,NULL,NULL,NULL,NULL,NULL,NULL),
  (114,'StockImpl','ADSK','AUTODESK INC',NULL,'BBG000BM7HL0',NULL,'265681',NULL,NULL,NULL,40,NULL,NULL,NULL,NULL,NULL,NULL,NULL,NULL,NULL,NULL,NULL,NULL,NULL,NULL,NULL),
  (115,'StockImpl','ADT','ADT CORP/THE',NULL,'BBG003641015',NULL,'113401043',NULL,NULL,NULL,40,NULL,NULL,NULL,NULL,NULL,NULL,NULL,NULL,NULL,NULL,NULL,NULL,NULL,NULL,NULL),
  (116,'StockImpl','AEE','AMEREN CORP',NULL,'BBG000B9X8C0',NULL,'13181',NULL,NULL,NULL,40,NULL,NULL,NULL,NULL,NULL,NULL,NULL,NULL,NULL,NULL,NULL,NULL,NULL,NULL,NULL),
  (117,'StockImpl','AEP','AMERICAN ELECTRIC POWER',NULL,'BBG000BB9KF2',NULL,'4211',NULL,NULL,NULL,40,NULL,NULL,NULL,NULL,NULL,NULL,NULL,NULL,NULL,NULL,NULL,NULL,NULL,NULL,NULL),
  (118,'StockImpl','AES','AES CORP',NULL,'BBG000C23KJ3',NULL,'2560358',NULL,NULL,NULL,40,NULL,NULL,NULL,NULL,NULL,NULL,NULL,NULL,NULL,NULL,NULL,NULL,NULL,NULL,NULL),
  (119,'StockImpl','AET','AETNA INC',NULL,'BBG000FJLFX8',NULL,'11070844',NULL,NULL,NULL,40,NULL,NULL,NULL,NULL,NULL,NULL,NULL,NULL,NULL,NULL,NULL,NULL,NULL,NULL,NULL),
  (120,'StockImpl','AFL','AFLAC INC',NULL,'BBG000BBBNC6',NULL,'4227',NULL,NULL,NULL,40,NULL,NULL,NULL,NULL,NULL,NULL,NULL,NULL,NULL,NULL,NULL,NULL,NULL,NULL,NULL),
  (121,'StockImpl','AGN','ALLERGAN PLC',NULL,'BBG000FH8PX5',NULL,'196610642',NULL,NULL,NULL,40,NULL,NULL,NULL,NULL,NULL,NULL,NULL,NULL,NULL,NULL,NULL,NULL,NULL,NULL,NULL),
  (122,'StockImpl','AIG','AMERICAN INTERNATIONAL GROUP',NULL,'BBG000BBDZG3',NULL,'61319701',NULL,NULL,NULL,40,NULL,NULL,NULL,NULL,NULL,NULL,NULL,NULL,NULL,NULL,NULL,NULL,NULL,NULL,NULL),
  (123,'StockImpl','AIV','APARTMENT INVT & MGMT CO -A',NULL,'BBG000DD3510',NULL,'4316',NULL,NULL,NULL,40,NULL,NULL,NULL,NULL,NULL,NULL,NULL,NULL,NULL,NULL,NULL,NULL,NULL,NULL,NULL),
  (124,'StockImpl','AIZ','ASSURANT INC',NULL,'BBG000BZX1N5',NULL,'27727424',NULL,NULL,NULL,40,NULL,NULL,NULL,NULL,NULL,NULL,NULL,NULL,NULL,NULL,NULL,NULL,NULL,NULL,NULL),
  (125,'StockImpl','AKAM','AKAMAI TECHNOLOGIES INC',NULL,'BBG000BJQWD2',NULL,'6220356',NULL,NULL,NULL,40,NULL,NULL,NULL,NULL,NULL,NULL,NULL,NULL,NULL,NULL,NULL,NULL,NULL,NULL,NULL),
  (126,'StockImpl','ALL','ALLSTATE CORP',NULL,'BBG000BVMGF2',NULL,'4357',NULL,NULL,NULL,40,NULL,NULL,NULL,NULL,NULL,NULL,NULL,NULL,NULL,NULL,NULL,NULL,NULL,NULL,NULL),
  (127,'StockImpl','ALLE','ALLEGION PLC',NULL,'BBG003PS7JV1',NULL,'138438437',NULL,NULL,NULL,40,NULL,NULL,NULL,NULL,NULL,NULL,NULL,NULL,NULL,NULL,NULL,NULL,NULL,NULL,NULL),
  (128,'StockImpl','ALXN','ALEXION PHARMACEUTICALS INC',NULL,'BBG000G30YX4',NULL,'4726176',NULL,NULL,NULL,40,NULL,NULL,NULL,NULL,NULL,NULL,NULL,NULL,NULL,NULL,NULL,NULL,NULL,NULL,NULL),
  (129,'StockImpl','AMAT','APPLIED MATERIALS INC',NULL,'BBG000BBPFB9',NULL,'266093',NULL,NULL,NULL,40,NULL,NULL,NULL,NULL,NULL,NULL,NULL,NULL,NULL,NULL,NULL,NULL,NULL,NULL,NULL),
  (130,'StockImpl','AME','AMETEK INC',NULL,'BBG000B9XG87',NULL,'4392',NULL,NULL,NULL,40,NULL,NULL,NULL,NULL,NULL,NULL,NULL,NULL,NULL,NULL,NULL,NULL,NULL,NULL,NULL),
  (131,'StockImpl','AMG','AFFILIATED MANAGERS GROUP',NULL,'BBG000C060M4',NULL,'6607470',NULL,NULL,NULL,40,NULL,NULL,NULL,NULL,NULL,NULL,NULL,NULL,NULL,NULL,NULL,NULL,NULL,NULL,NULL),
  (132,'StockImpl','AMGN','AMGEN INC',NULL,'BBG000BBS2Y0',NULL,'266145',NULL,NULL,NULL,40,NULL,NULL,NULL,NULL,NULL,NULL,NULL,NULL,NULL,NULL,NULL,NULL,NULL,NULL,NULL),
  (133,'StockImpl','AMP','AMERIPRISE FINANCIAL INC.',NULL,'BBG000G3QLY3',NULL,'35970258',NULL,NULL,NULL,40,NULL,NULL,NULL,NULL,NULL,NULL,NULL,NULL,NULL,NULL,NULL,NULL,NULL,NULL,NULL),
  (134,'StockImpl','AMT','AMERICAN TOWER CORP',NULL,'BBG000B9XYV2',NULL,'99831145',NULL,NULL,NULL,40,NULL,NULL,NULL,NULL,NULL,NULL,NULL,NULL,NULL,NULL,NULL,NULL,NULL,NULL,NULL),
  (135,'StockImpl','AMZN','AMAZON.COM INC',NULL,'BBG000BVPV84',NULL,'3691937',NULL,NULL,NULL,40,NULL,NULL,NULL,NULL,NULL,NULL,NULL,NULL,NULL,NULL,NULL,NULL,NULL,NULL,NULL),
  (136,'StockImpl','AN','AUTONATION INC',NULL,'BBG000BBXLW4',NULL,'4528615',NULL,NULL,NULL,40,NULL,NULL,NULL,NULL,NULL,NULL,NULL,NULL,NULL,NULL,NULL,NULL,NULL,NULL,NULL),
  (137,'StockImpl','ANTM','ANTHEM INC',NULL,'BBG000BCG930',NULL,'173962302',NULL,NULL,NULL,40,NULL,NULL,NULL,NULL,NULL,NULL,NULL,NULL,NULL,NULL,NULL,NULL,NULL,NULL,NULL),
  (138,'StockImpl','AON','AON PLC',NULL,'BBG000BC15S7',NULL,'105316759',NULL,NULL,NULL,40,NULL,NULL,NULL,NULL,NULL,NULL,NULL,NULL,NULL,NULL,NULL,NULL,NULL,NULL,NULL),
  (139,'StockImpl','APA','APACHE CORP',NULL,'BBG000BC2C10',NULL,'4472',NULL,NULL,NULL,40,NULL,NULL,NULL,NULL,NULL,NULL,NULL,NULL,NULL,NULL,NULL,NULL,NULL,NULL,NULL),
  (140,'StockImpl','APC','ANADARKO PETROLEUM CORP',NULL,'BBG000BC40Y8',NULL,'4482',NULL,NULL,NULL,40,NULL,NULL,NULL,NULL,NULL,NULL,NULL,NULL,NULL,NULL,NULL,NULL,NULL,NULL,NULL),
  (141,'StockImpl','APD','AIR PRODUCTS & CHEMICALS INC',NULL,'BBG000BC4JJ4',NULL,'4487',NULL,NULL,NULL,40,NULL,NULL,NULL,NULL,NULL,NULL,NULL,NULL,NULL,NULL,NULL,NULL,NULL,NULL,NULL),
  (142,'StockImpl','APH','AMPHENOL CORP-CL A',NULL,'BBG000B9YJ35',NULL,'4493',NULL,NULL,NULL,40,NULL,NULL,NULL,NULL,NULL,NULL,NULL,NULL,NULL,NULL,NULL,NULL,NULL,NULL,NULL),
  (143,'StockImpl','ARG','AIRGAS INC',NULL,'BBG000BC8G88',NULL,'4553',NULL,NULL,NULL,40,NULL,NULL,NULL,NULL,NULL,NULL,NULL,NULL,NULL,NULL,NULL,NULL,NULL,NULL,NULL),
  (144,'StockImpl','ATVI','Activision Blizzard',NULL,'BBG000CVWGS6',NULL,'52424577',NULL,NULL,NULL,40,NULL,NULL,NULL,NULL,NULL,NULL,NULL,NULL,NULL,NULL,NULL,NULL,NULL,NULL,NULL),
  (145,'StockImpl','AVB','AVALONBAY COMMUNITIES INC',NULL,'BBG000BLPBL5',NULL,'5026974',NULL,NULL,NULL,40,NULL,NULL,NULL,NULL,NULL,NULL,NULL,NULL,NULL,NULL,NULL,NULL,NULL,NULL,NULL),
  (146,'StockImpl','AVGO','AVAGO TECHNOLOGIES LTD',NULL,'BBG000C4DPX1',NULL,'64947230',NULL,NULL,NULL,40,NULL,NULL,NULL,NULL,NULL,NULL,NULL,NULL,NULL,NULL,NULL,NULL,NULL,NULL,NULL),
  (147,'StockImpl','AVY','AVERY DENNISON CORP',NULL,'BBG000BCQ4P6',NULL,'4694',NULL,NULL,NULL,40,NULL,NULL,NULL,NULL,NULL,NULL,NULL,NULL,NULL,NULL,NULL,NULL,NULL,NULL,NULL),
  (148,'StockImpl','AWK','American Water Works Company Inc',NULL,'BBG000TRJ294',NULL,'50530752',NULL,NULL,NULL,40,NULL,NULL,NULL,NULL,NULL,NULL,NULL,NULL,NULL,NULL,NULL,NULL,NULL,NULL,NULL),
  (149,'StockImpl','AXP','AMERICAN EXPRESS CO',NULL,'BBG000BCQZS4',NULL,'4721',NULL,NULL,NULL,40,NULL,NULL,NULL,NULL,NULL,NULL,NULL,NULL,NULL,NULL,NULL,NULL,NULL,NULL,NULL),
  (150,'StockImpl','AZO','AUTOZONE INC',NULL,'BBG000C7LMS8',NULL,'4750',NULL,NULL,NULL,40,NULL,NULL,NULL,NULL,NULL,NULL,NULL,NULL,NULL,NULL,NULL,NULL,NULL,NULL,NULL),
  (151,'StockImpl','BA','BOEING CO/THE',NULL,'BBG000BCSST7',NULL,'4762',NULL,NULL,NULL,40,NULL,NULL,NULL,NULL,NULL,NULL,NULL,NULL,NULL,NULL,NULL,NULL,NULL,NULL,NULL),
  (152,'StockImpl','BAC','BANK OF AMERICA CORP',NULL,'BBG000BCTLF6',NULL,'10098',NULL,NULL,NULL,40,NULL,NULL,NULL,NULL,NULL,NULL,NULL,NULL,NULL,NULL,NULL,NULL,NULL,NULL,NULL),
  (153,'StockImpl','BAX','BAXTER INTERNATIONAL INC.',NULL,'BBG000BCVJ77',NULL,'8111188',NULL,NULL,NULL,40,NULL,NULL,NULL,NULL,NULL,NULL,NULL,NULL,NULL,NULL,NULL,NULL,NULL,NULL,NULL),
  (154,'StockImpl','BBBY','BED BATH & BEYOND INC',NULL,'BBG000CSY9H9',NULL,'266630',NULL,NULL,NULL,40,NULL,NULL,NULL,NULL,NULL,NULL,NULL,NULL,NULL,NULL,NULL,NULL,NULL,NULL,NULL),
  (155,'StockImpl','BBT','BB&T CORPORATION',NULL,'BBG000BYYLS8',NULL,'2806100',NULL,NULL,NULL,40,NULL,NULL,NULL,NULL,NULL,NULL,NULL,NULL,NULL,NULL,NULL,NULL,NULL,NULL,NULL),
  (156,'StockImpl','BBY','BEST BUY CO INC',NULL,'BBG000BCWCG1',NULL,'4817',NULL,NULL,NULL,40,NULL,NULL,NULL,NULL,NULL,NULL,NULL,NULL,NULL,NULL,NULL,NULL,NULL,NULL,NULL),
  (157,'StockImpl','BCR','CR BARD INC',NULL,'BBG000BCYP43',NULL,'4851',NULL,NULL,NULL,40,NULL,NULL,NULL,NULL,NULL,NULL,NULL,NULL,NULL,NULL,NULL,NULL,NULL,NULL,NULL),
  (158,'StockImpl','BDX','BECTON DICKINSON AND CO',NULL,'BBG000BCZYD3',NULL,'4886',NULL,NULL,NULL,40,NULL,NULL,NULL,NULL,NULL,NULL,NULL,NULL,NULL,NULL,NULL,NULL,NULL,NULL,NULL),
  (159,'StockImpl','BEN','FRANKLIN RESOURCES INC',NULL,'BBG000BD0TF8',NULL,'4906',NULL,NULL,NULL,40,NULL,NULL,NULL,NULL,NULL,NULL,NULL,NULL,NULL,NULL,NULL,NULL,NULL,NULL,NULL),
  (160,'StockImpl','BF-B','Brown-Forman Corporation',NULL,'BBG000BD2NY8',NULL,'4931',NULL,NULL,NULL,40,NULL,NULL,NULL,NULL,NULL,NULL,NULL,NULL,NULL,NULL,NULL,NULL,NULL,NULL,NULL),
  (161,'StockImpl','BHI','BAKER HUGHES INC',NULL,'BBG000BD4VG8',NULL,'4981',NULL,NULL,NULL,40,NULL,NULL,NULL,NULL,NULL,NULL,NULL,NULL,NULL,NULL,NULL,NULL,NULL,NULL,NULL),
  (162,'StockImpl','BIIB','BIOGEN INC',NULL,'BBG000C17X76',NULL,'26734397',NULL,NULL,NULL,40,NULL,NULL,NULL,NULL,NULL,NULL,NULL,NULL,NULL,NULL,NULL,NULL,NULL,NULL,NULL),
  (163,'StockImpl','BK','BANK OF NEW YORK MELLON CORP',NULL,'BBG000BD8PN9',NULL,'44986804',NULL,NULL,NULL,40,NULL,NULL,NULL,NULL,NULL,NULL,NULL,NULL,NULL,NULL,NULL,NULL,NULL,NULL,NULL),
  (164,'StockImpl','BLK','BLACKROCK INC',NULL,'BBG000C2PW58',NULL,'5049',NULL,NULL,NULL,40,NULL,NULL,NULL,NULL,NULL,NULL,NULL,NULL,NULL,NULL,NULL,NULL,NULL,NULL,NULL),
  (165,'StockImpl','BLL','BALL CORP',NULL,'BBG000BDDNH5',NULL,'5052',NULL,NULL,NULL,40,NULL,NULL,NULL,NULL,NULL,NULL,NULL,NULL,NULL,NULL,NULL,NULL,NULL,NULL,NULL),
  (166,'StockImpl','BMY','BRISTOL-MYERS SQUIBB CO',NULL,'BBG000DQLV23',NULL,'5111',NULL,NULL,NULL,40,NULL,NULL,NULL,NULL,NULL,NULL,NULL,NULL,NULL,NULL,NULL,NULL,NULL,NULL,NULL),
  (167,'StockImpl','BRK-B','Berkshire Hathaway',NULL,'BBG000DWG505',NULL,'72063691',NULL,NULL,NULL,40,NULL,NULL,NULL,NULL,NULL,NULL,NULL,NULL,NULL,NULL,NULL,NULL,NULL,NULL,NULL),
  (168,'StockImpl','BSX','BOSTON SCIENTIFIC CORP',NULL,'BBG000C0LW92',NULL,'5270',NULL,NULL,NULL,40,NULL,NULL,NULL,NULL,NULL,NULL,NULL,NULL,NULL,NULL,NULL,NULL,NULL,NULL,NULL),
  (169,'StockImpl','BWA','BORGWARNER INC',NULL,'BBG000BJ49H3',NULL,'5336',NULL,NULL,NULL,40,NULL,NULL,NULL,NULL,NULL,NULL,NULL,NULL,NULL,NULL,NULL,NULL,NULL,NULL,NULL),
  (170,'StockImpl','BXLT','Baxalta',NULL,'BBG00688QWF5',NULL,'196616892',NULL,NULL,NULL,40,NULL,NULL,NULL,NULL,NULL,NULL,NULL,NULL,NULL,NULL,NULL,NULL,NULL,NULL,NULL),
  (171,'StockImpl','BXP','BOSTON PROPERTIES INC',NULL,'BBG000BS5CM9',NULL,'5021340',NULL,NULL,NULL,40,NULL,NULL,NULL,NULL,NULL,NULL,NULL,NULL,NULL,NULL,NULL,NULL,NULL,NULL,NULL),
  (172,'StockImpl','C','CITIGROUP INC',NULL,'BBG000FY4S11',NULL,'87335484',NULL,NULL,NULL,40,NULL,NULL,NULL,NULL,NULL,NULL,NULL,NULL,NULL,NULL,NULL,NULL,NULL,NULL,NULL),
  (173,'StockImpl','CA','CA INC',NULL,'BBG000BDWKC5',NULL,'37875225',NULL,NULL,NULL,40,NULL,NULL,NULL,NULL,NULL,NULL,NULL,NULL,NULL,NULL,NULL,NULL,NULL,NULL,NULL),
  (174,'StockImpl','CAG','CONAGRA FOODS INC',NULL,'BBG000BDXGP9',NULL,'5402',NULL,NULL,NULL,40,NULL,NULL,NULL,NULL,NULL,NULL,NULL,NULL,NULL,NULL,NULL,NULL,NULL,NULL,NULL),
  (175,'StockImpl','CAH','CARDINAL HEALTH INC',NULL,'BBG000D898T9',NULL,'5407',NULL,NULL,NULL,40,NULL,NULL,NULL,NULL,NULL,NULL,NULL,NULL,NULL,NULL,NULL,NULL,NULL,NULL,NULL),
  (176,'StockImpl','CAM','CAMERON INTERNATIONAL CORP',NULL,'BBG000BZ2GG4',NULL,'39110089',NULL,NULL,NULL,40,NULL,NULL,NULL,NULL,NULL,NULL,NULL,NULL,NULL,NULL,NULL,NULL,NULL,NULL,NULL),
  (177,'StockImpl','CAT','CATERPILLAR INC',NULL,'BBG000BF0K17',NULL,'5437',NULL,NULL,NULL,40,NULL,NULL,NULL,NULL,NULL,NULL,NULL,NULL,NULL,NULL,NULL,NULL,NULL,NULL,NULL),
  (178,'StockImpl','CB','CHUBB CORP',NULL,'BBG000BF1R66',NULL,'5450',NULL,NULL,NULL,40,NULL,NULL,NULL,NULL,NULL,NULL,NULL,NULL,NULL,NULL,NULL,NULL,NULL,NULL,NULL),
  (179,'StockImpl','CBG','CBRE GROUP INC - A',NULL,'BBG000C04224',NULL,'95514904',NULL,NULL,NULL,40,NULL,NULL,NULL,NULL,NULL,NULL,NULL,NULL,NULL,NULL,NULL,NULL,NULL,NULL,NULL),
  (180,'StockImpl','CBS','CBS CORP-CLASS B NON VOTING',NULL,'BBG000C496P7',NULL,'37083548',NULL,NULL,NULL,40,NULL,NULL,NULL,NULL,NULL,NULL,NULL,NULL,NULL,NULL,NULL,NULL,NULL,NULL,NULL),
  (181,'StockImpl','CCE','COCA-COLA ENTERPRISES',NULL,'BBG000BF5RY1',NULL,'79595977',NULL,NULL,NULL,40,NULL,NULL,NULL,NULL,NULL,NULL,NULL,NULL,NULL,NULL,NULL,NULL,NULL,NULL,NULL),
  (182,'StockImpl','CCI','CROWN CASTLE INTL CORP',NULL,'BBG000FV1Z23',NULL,'176571182',NULL,NULL,NULL,40,NULL,NULL,NULL,NULL,NULL,NULL,NULL,NULL,NULL,NULL,NULL,NULL,NULL,NULL,NULL),
  (183,'StockImpl','CCL','CARNIVAL CORP',NULL,'BBG000BF6LY3',NULL,'5516',NULL,NULL,NULL,40,NULL,NULL,NULL,NULL,NULL,NULL,NULL,NULL,NULL,NULL,NULL,NULL,NULL,NULL,NULL),
  (184,'StockImpl','CELG','CELGENE CORP',NULL,'BBG000BFC8J2',NULL,'267455',NULL,NULL,NULL,40,NULL,NULL,NULL,NULL,NULL,NULL,NULL,NULL,NULL,NULL,NULL,NULL,NULL,NULL,NULL),
  (185,'StockImpl','CERN','CERNER CORP',NULL,'BBG000BFDLV8',NULL,'267475',NULL,NULL,NULL,40,NULL,NULL,NULL,NULL,NULL,NULL,NULL,NULL,NULL,NULL,NULL,NULL,NULL,NULL,NULL),
  (186,'StockImpl','CF','CF INDUSTRIES HOLDINGS INC',NULL,'BBG000BWJFZ4',NULL,'35447205',NULL,NULL,NULL,40,NULL,NULL,NULL,NULL,NULL,NULL,NULL,NULL,NULL,NULL,NULL,NULL,NULL,NULL,NULL),
  (187,'StockImpl','CFG','Citizens Financial Group',NULL,'BBG006Q0HY77',NULL,'167955370',NULL,NULL,NULL,40,NULL,NULL,NULL,NULL,NULL,NULL,NULL,NULL,NULL,NULL,NULL,NULL,NULL,NULL,NULL),
  (188,'StockImpl','CHD','Church & Dwight',NULL,'BBG000BFJT36',NULL,'5651',NULL,NULL,NULL,40,NULL,NULL,NULL,NULL,NULL,NULL,NULL,NULL,NULL,NULL,NULL,NULL,NULL,NULL,NULL),
  (189,'StockImpl','CHK','CHESAPEAKE ENERGY CORP',NULL,'BBG000BL4504',NULL,'661417',NULL,NULL,NULL,40,NULL,NULL,NULL,NULL,NULL,NULL,NULL,NULL,NULL,NULL,NULL,NULL,NULL,NULL,NULL),
  (190,'StockImpl','CHRW','C.H. ROBINSON WORLDWIDE INC',NULL,'BBG000BTCH57',NULL,'36320731',NULL,NULL,NULL,40,NULL,NULL,NULL,NULL,NULL,NULL,NULL,NULL,NULL,NULL,NULL,NULL,NULL,NULL,NULL),
  (191,'StockImpl','CI','CIGNA CORP',NULL,'BBG000BFMBQ6',NULL,'5702',NULL,NULL,NULL,40,NULL,NULL,NULL,NULL,NULL,NULL,NULL,NULL,NULL,NULL,NULL,NULL,NULL,NULL,NULL),
  (192,'StockImpl','CINF','CINCINNATI FINANCIAL CORP',NULL,'BBG000BFPK65',NULL,'267661',NULL,NULL,NULL,40,NULL,NULL,NULL,NULL,NULL,NULL,NULL,NULL,NULL,NULL,NULL,NULL,NULL,NULL,NULL),
  (193,'StockImpl','CL','COLGATE-PALMOLIVE CO',NULL,'BBG000BFQYY3',NULL,'5749',NULL,NULL,NULL,40,NULL,NULL,NULL,NULL,NULL,NULL,NULL,NULL,NULL,NULL,NULL,NULL,NULL,NULL,NULL),
  (194,'StockImpl','CLX','CLOROX COMPANY',NULL,'BBG000BFS7D3',NULL,'5794',NULL,NULL,NULL,40,NULL,NULL,NULL,NULL,NULL,NULL,NULL,NULL,NULL,NULL,NULL,NULL,NULL,NULL,NULL),
  (195,'StockImpl','CMA','COMERICA INC',NULL,'BBG000C75N77',NULL,'5800',NULL,NULL,NULL,40,NULL,NULL,NULL,NULL,NULL,NULL,NULL,NULL,NULL,NULL,NULL,NULL,NULL,NULL,NULL),
  (196,'StockImpl','CMCSA','COMCAST CORP-CLASS A',NULL,'BBG000BFT2L4',NULL,'267748',NULL,NULL,NULL,40,NULL,NULL,NULL,NULL,NULL,NULL,NULL,NULL,NULL,NULL,NULL,NULL,NULL,NULL,NULL),
  (197,'StockImpl','CME','CME GROUP INC',NULL,'BBG000BHLYP4',NULL,'45127739',NULL,NULL,NULL,40,NULL,NULL,NULL,NULL,NULL,NULL,NULL,NULL,NULL,NULL,NULL,NULL,NULL,NULL,NULL),
  (198,'StockImpl','CMG','CHIPOTLE MEXICAN GRILL INC',NULL,'BBG000QX74T1',NULL,'37655664',NULL,NULL,NULL,40,NULL,NULL,NULL,NULL,NULL,NULL,NULL,NULL,NULL,NULL,NULL,NULL,NULL,NULL,NULL),
  (199,'StockImpl','CMI','CUMMINS INC',NULL,'BBG000BGPTV6',NULL,'6207',NULL,NULL,NULL,40,NULL,NULL,NULL,NULL,NULL,NULL,NULL,NULL,NULL,NULL,NULL,NULL,NULL,NULL,NULL),
  (200,'StockImpl','CMS','CMS ENERGY CORP',NULL,'BBG000BFVXX0',NULL,'5840',NULL,NULL,NULL,40,NULL,NULL,NULL,NULL,NULL,NULL,NULL,NULL,NULL,NULL,NULL,NULL,NULL,NULL,NULL),
  (201,'StockImpl','CNP','CENTERPOINT ENERGY INC',NULL,'BBG000FDBX90',NULL,'8093',NULL,NULL,NULL,40,NULL,NULL,NULL,NULL,NULL,NULL,NULL,NULL,NULL,NULL,NULL,NULL,NULL,NULL,NULL),
  (202,'StockImpl','COF','CAPITAL ONE FINANCIAL CORP',NULL,'BBG000BGKTF9',NULL,'5941',NULL,NULL,NULL,40,NULL,NULL,NULL,NULL,NULL,NULL,NULL,NULL,NULL,NULL,NULL,NULL,NULL,NULL,NULL),
  (203,'StockImpl','COG','CABOT OIL & GAS CORP',NULL,'BBG000C3GN47',NULL,'5946',NULL,NULL,NULL,40,NULL,NULL,NULL,NULL,NULL,NULL,NULL,NULL,NULL,NULL,NULL,NULL,NULL,NULL,NULL),
  (204,'StockImpl','COH','COACH INC',NULL,'BBG000BY29C7',NULL,'10413985',NULL,NULL,NULL,40,NULL,NULL,NULL,NULL,NULL,NULL,NULL,NULL,NULL,NULL,NULL,NULL,NULL,NULL,NULL),
  (205,'StockImpl','COL','ROCKWELL COLLINS INC',NULL,'BBG000BN1XR3',NULL,'12588744',NULL,NULL,NULL,40,NULL,NULL,NULL,NULL,NULL,NULL,NULL,NULL,NULL,NULL,NULL,NULL,NULL,NULL,NULL),
  (206,'StockImpl','COP','CONOCOPHILLIPS',NULL,'BBG000BQQH30',NULL,'10885',NULL,NULL,NULL,40,NULL,NULL,NULL,NULL,NULL,NULL,NULL,NULL,NULL,NULL,NULL,NULL,NULL,NULL,NULL),
  (207,'StockImpl','COST','COSTCO WHOLESALE CORP',NULL,'BBG000F6H8W8',NULL,'272997',NULL,NULL,NULL,40,NULL,NULL,NULL,NULL,NULL,NULL,NULL,NULL,NULL,NULL,NULL,NULL,NULL,NULL,NULL),
  (208,'StockImpl','CPB','CAMPBELL SOUP CO',NULL,'BBG000BG4202',NULL,'5980',NULL,NULL,NULL,40,NULL,NULL,NULL,NULL,NULL,NULL,NULL,NULL,NULL,NULL,NULL,NULL,NULL,NULL,NULL),
  (209,'StockImpl','CPGX','Columbia Pipeline Group Inc',NULL,'BBG0077WYXF0',NULL,'196542783',NULL,NULL,NULL,40,NULL,NULL,NULL,NULL,NULL,NULL,NULL,NULL,NULL,NULL,NULL,NULL,NULL,NULL,NULL),
  (210,'StockImpl','CRM','SALESFORCE.COM INC',NULL,'BBG000BN2DC2',NULL,'29624264',NULL,NULL,NULL,40,NULL,NULL,NULL,NULL,NULL,NULL,NULL,NULL,NULL,NULL,NULL,NULL,NULL,NULL,NULL),
  (211,'StockImpl','CSCO','CISCO SYSTEMS INC',NULL,'BBG000C3J3C9',NULL,'268084',NULL,NULL,NULL,40,NULL,NULL,NULL,NULL,NULL,NULL,NULL,NULL,NULL,NULL,NULL,NULL,NULL,NULL,NULL),
  (212,'StockImpl','CSRA','CSRA Inc.',NULL,'BBG008S3V4G5',NULL,'212212843',NULL,NULL,NULL,40,NULL,NULL,NULL,NULL,NULL,NULL,NULL,NULL,NULL,NULL,NULL,NULL,NULL,NULL,NULL),
  (213,'StockImpl','CSX','CSX CORP',NULL,'BBG000BGJRC8',NULL,'6150',NULL,NULL,NULL,40,NULL,NULL,NULL,NULL,NULL,NULL,NULL,NULL,NULL,NULL,NULL,NULL,NULL,NULL,NULL),
  (214,'StockImpl','CTAS','CINTAS CORP',NULL,'BBG000H3YXF8',NULL,'268149',NULL,NULL,NULL,40,NULL,NULL,NULL,NULL,NULL,NULL,NULL,NULL,NULL,NULL,NULL,NULL,NULL,NULL,NULL),
  (215,'StockImpl','CTL','CENTURYLINK INC',NULL,'BBG000BGLRN3',NULL,'6180',NULL,NULL,NULL,40,NULL,NULL,NULL,NULL,NULL,NULL,NULL,NULL,NULL,NULL,NULL,NULL,NULL,NULL,NULL),
  (216,'StockImpl','CTSH','COGNIZANT TECH SOLUTIONS-A',NULL,'BBG000BBDV81',NULL,'4728759',NULL,NULL,NULL,40,NULL,NULL,NULL,NULL,NULL,NULL,NULL,NULL,NULL,NULL,NULL,NULL,NULL,NULL,NULL),
  (217,'StockImpl','CTXS','CITRIX SYSTEMS INC',NULL,'BBG000FQ6PY6',NULL,'1767080',NULL,NULL,NULL,40,NULL,NULL,NULL,NULL,NULL,NULL,NULL,NULL,NULL,NULL,NULL,NULL,NULL,NULL,NULL),
  (218,'StockImpl','CVC','CABLEVISION SYSTEMS-NY GRP-A',NULL,'BBG000BGR5J0',NULL,'754274',NULL,NULL,NULL,40,NULL,NULL,NULL,NULL,NULL,NULL,NULL,NULL,NULL,NULL,NULL,NULL,NULL,NULL,NULL),
  (219,'StockImpl','CVS','CVS HEALTH CORP',NULL,'BBG000BGRY34',NULL,'2585769',NULL,NULL,NULL,40,NULL,NULL,NULL,NULL,NULL,NULL,NULL,NULL,NULL,NULL,NULL,NULL,NULL,NULL,NULL),
  (220,'StockImpl','CVX','CHEVRON CORP',NULL,'BBG000K4ND22',NULL,'5684',NULL,NULL,NULL,40,NULL,NULL,NULL,NULL,NULL,NULL,NULL,NULL,NULL,NULL,NULL,NULL,NULL,NULL,NULL),
  (221,'StockImpl','CXO','Concho Resources',NULL,'BBG000R7RDB4',NULL,'45182651',NULL,NULL,NULL,40,NULL,NULL,NULL,NULL,NULL,NULL,NULL,NULL,NULL,NULL,NULL,NULL,NULL,NULL,NULL),
  (222,'StockImpl','D','DOMINION RESOURCES INC/VA',NULL,'BBG000BGVW60',NULL,'6327',NULL,NULL,NULL,40,NULL,NULL,NULL,NULL,NULL,NULL,NULL,NULL,NULL,NULL,NULL,NULL,NULL,NULL,NULL),
  (223,'StockImpl','DAL','DELTA AIR LINES INC.',NULL,'BBG000R7Z112',NULL,'44001820',NULL,NULL,NULL,40,NULL,NULL,NULL,NULL,NULL,NULL,NULL,NULL,NULL,NULL,NULL,NULL,NULL,NULL,NULL),
  (224,'StockImpl','DD','DU PONT (E.I.) DE NEMOURS',NULL,'BBG000BH13K9',NULL,'6366',NULL,NULL,NULL,40,NULL,NULL,NULL,NULL,NULL,NULL,NULL,NULL,NULL,NULL,NULL,NULL,NULL,NULL,NULL),
  (225,'StockImpl','DE','DEERE & CO',NULL,'BBG000BH1NH9',NULL,'6393',NULL,NULL,NULL,40,NULL,NULL,NULL,NULL,NULL,NULL,NULL,NULL,NULL,NULL,NULL,NULL,NULL,NULL,NULL),
  (226,'StockImpl','DFS','DISCOVER FINANCIAL SERVICES',NULL,'BBG000QBR5J5',NULL,'44652220',NULL,NULL,NULL,40,NULL,NULL,NULL,NULL,NULL,NULL,NULL,NULL,NULL,NULL,NULL,NULL,NULL,NULL,NULL),
  (227,'StockImpl','DG','DOLLAR GENERAL CORP',NULL,'BBG000NV1KK7',NULL,'70212228',NULL,NULL,NULL,40,NULL,NULL,NULL,NULL,NULL,NULL,NULL,NULL,NULL,NULL,NULL,NULL,NULL,NULL,NULL),
  (228,'StockImpl','DGX','QUEST DIAGNOSTICS INC',NULL,'BBG000BN84F3',NULL,'2459465',NULL,NULL,NULL,40,NULL,NULL,NULL,NULL,NULL,NULL,NULL,NULL,NULL,NULL,NULL,NULL,NULL,NULL,NULL),
  (229,'StockImpl','DHI','DR HORTON INC',NULL,'BBG000DQTXY6',NULL,'268627',NULL,NULL,NULL,40,NULL,NULL,NULL,NULL,NULL,NULL,NULL,NULL,NULL,NULL,NULL,NULL,NULL,NULL,NULL),
  (230,'StockImpl','DHR','DANAHER CORP',NULL,'BBG000BH3JF8',NULL,'6442',NULL,NULL,NULL,40,NULL,NULL,NULL,NULL,NULL,NULL,NULL,NULL,NULL,NULL,NULL,NULL,NULL,NULL,NULL),
  (231,'StockImpl','DIS','WALT DISNEY CO/THE',NULL,'BBG000BH4R78',NULL,'6459',NULL,NULL,NULL,40,NULL,NULL,NULL,NULL,NULL,NULL,NULL,NULL,NULL,NULL,NULL,NULL,NULL,NULL,NULL),
  (232,'StockImpl','DISCA','DISCOVERY COMMUNICATIONS-A',NULL,'BBG000CHWP52',NULL,'53855036',NULL,NULL,NULL,40,NULL,NULL,NULL,NULL,NULL,NULL,NULL,NULL,NULL,NULL,NULL,NULL,NULL,NULL,NULL),
  (233,'StockImpl','DISCK','DISCOVERY COMMUNICATIONS-C',NULL,'BBG000VMWHH5',NULL,'53855095',NULL,NULL,NULL,40,NULL,NULL,NULL,NULL,NULL,NULL,NULL,NULL,NULL,NULL,NULL,NULL,NULL,NULL,NULL),
  (234,'StockImpl','DLPH','DELPHI AUTOMOTIVE PLC',NULL,'BBG001QD41M9',NULL,'97478493',NULL,NULL,NULL,40,NULL,NULL,NULL,NULL,NULL,NULL,NULL,NULL,NULL,NULL,NULL,NULL,NULL,NULL,NULL),
  (235,'StockImpl','DLTR','DOLLAR TREE INC',NULL,'BBG000BSC0K9',NULL,'49388062',NULL,NULL,NULL,40,NULL,NULL,NULL,NULL,NULL,NULL,NULL,NULL,NULL,NULL,NULL,NULL,NULL,NULL,NULL),
  (236,'StockImpl','DNB','DUN & BRADSTREET CORPORATION',NULL,'BBG000BB2PW9',NULL,'1715032',NULL,NULL,NULL,40,NULL,NULL,NULL,NULL,NULL,NULL,NULL,NULL,NULL,NULL,NULL,NULL,NULL,NULL,NULL),
  (237,'StockImpl','DO','DIAMOND OFFSHORE DRILLING',NULL,'BBG000FJRZ68',NULL,'1311127',NULL,NULL,NULL,40,NULL,NULL,NULL,NULL,NULL,NULL,NULL,NULL,NULL,NULL,NULL,NULL,NULL,NULL,NULL),
  (238,'StockImpl','DOV','DOVER CORP',NULL,'BBG000BHB3M6',NULL,'6517',NULL,NULL,NULL,40,NULL,NULL,NULL,NULL,NULL,NULL,NULL,NULL,NULL,NULL,NULL,NULL,NULL,NULL,NULL),
  (239,'StockImpl','DOW','DOW CHEMICAL CO/THE',NULL,'BBG000BHBK84',NULL,'6522',NULL,NULL,NULL,40,NULL,NULL,NULL,NULL,NULL,NULL,NULL,NULL,NULL,NULL,NULL,NULL,NULL,NULL,NULL),
  (240,'StockImpl','DPS','DR PEPPER SNAPPLE GROUP INC',NULL,'BBG000TJM7F0',NULL,'50860546',NULL,NULL,NULL,40,NULL,NULL,NULL,NULL,NULL,NULL,NULL,NULL,NULL,NULL,NULL,NULL,NULL,NULL,NULL),
  (241,'StockImpl','DRI','DARDEN RESTAURANTS INC',NULL,'BBG000BBNYF6',NULL,'661440',NULL,NULL,NULL,40,NULL,NULL,NULL,NULL,NULL,NULL,NULL,NULL,NULL,NULL,NULL,NULL,NULL,NULL,NULL),
  (242,'StockImpl','DTE','DTE ENERGY COMPANY',NULL,'BBG000BB29X4',NULL,'6585',NULL,NULL,NULL,40,NULL,NULL,NULL,NULL,NULL,NULL,NULL,NULL,NULL,NULL,NULL,NULL,NULL,NULL,NULL),
  (243,'StockImpl','DUK','DUKE ENERGY CORP',NULL,'BBG000BHGDH5',NULL,'110176011',NULL,NULL,NULL,40,NULL,NULL,NULL,NULL,NULL,NULL,NULL,NULL,NULL,NULL,NULL,NULL,NULL,NULL,NULL),
  (244,'StockImpl','DVA','DAVITA HEALTHCARE PARTNERS I',NULL,'BBG000MQ1SN9',NULL,'1035459',NULL,NULL,NULL,40,NULL,NULL,NULL,NULL,NULL,NULL,NULL,NULL,NULL,NULL,NULL,NULL,NULL,NULL,NULL),
  (245,'StockImpl','DVN','DEVON ENERGY CORP',NULL,'BBG000BBVJZ8',NULL,'754442',NULL,NULL,NULL,40,NULL,NULL,NULL,NULL,NULL,NULL,NULL,NULL,NULL,NULL,NULL,NULL,NULL,NULL,NULL),
  (246,'StockImpl','EA','ELECTRONIC ARTS INC',NULL,'BBG000BP0KQ8',NULL,'268995',NULL,NULL,NULL,40,NULL,NULL,NULL,NULL,NULL,NULL,NULL,NULL,NULL,NULL,NULL,NULL,NULL,NULL,NULL),
  (247,'StockImpl','EBAY','EBAY INC',NULL,'BBG000C43RR5',NULL,'4347086',NULL,NULL,NULL,40,NULL,NULL,NULL,NULL,NULL,NULL,NULL,NULL,NULL,NULL,NULL,NULL,NULL,NULL,NULL),
  (248,'StockImpl','ECL','ECOLAB INC',NULL,'BBG000BHKYH4',NULL,'6682',NULL,NULL,NULL,40,NULL,NULL,NULL,NULL,NULL,NULL,NULL,NULL,NULL,NULL,NULL,NULL,NULL,NULL,NULL),
  (249,'StockImpl','ED','CONSOLIDATED EDISON INC',NULL,'BBG000BHLYS1',NULL,'6691',NULL,NULL,NULL,40,NULL,NULL,NULL,NULL,NULL,NULL,NULL,NULL,NULL,NULL,NULL,NULL,NULL,NULL,NULL),
  (250,'StockImpl','EFX','EQUIFAX INC',NULL,'BBG000BHPL78',NULL,'6735',NULL,NULL,NULL,40,NULL,NULL,NULL,NULL,NULL,NULL,NULL,NULL,NULL,NULL,NULL,NULL,NULL,NULL,NULL),
  (251,'StockImpl','EIX','EDISON INTL',NULL,'BBG000D7RKJ5',NULL,'11899',NULL,NULL,NULL,40,NULL,NULL,NULL,NULL,NULL,NULL,NULL,NULL,NULL,NULL,NULL,NULL,NULL,NULL,NULL),
  (252,'StockImpl','EL','ESTEE LAUDER COMPANIES-CL A',NULL,'BBG000FKJRC5',NULL,'1448477',NULL,NULL,NULL,40,NULL,NULL,NULL,NULL,NULL,NULL,NULL,NULL,NULL,NULL,NULL,NULL,NULL,NULL,NULL),
  (253,'StockImpl','EMC','EMC CORP/MA',NULL,'BBG000BHVJJ3',NULL,'6813',NULL,NULL,NULL,40,NULL,NULL,NULL,NULL,NULL,NULL,NULL,NULL,NULL,NULL,NULL,NULL,NULL,NULL,NULL),
  (254,'StockImpl','EMN','EASTMAN CHEMICAL CO',NULL,'BBG000BLW530',NULL,'6832',NULL,NULL,NULL,40,NULL,NULL,NULL,NULL,NULL,NULL,NULL,NULL,NULL,NULL,NULL,NULL,NULL,NULL,NULL),
  (255,'StockImpl','EMR','EMERSON ELECTRIC CO',NULL,'BBG000BHX7N2',NULL,'6842',NULL,NULL,NULL,40,NULL,NULL,NULL,NULL,NULL,NULL,NULL,NULL,NULL,NULL,NULL,NULL,NULL,NULL,NULL),
  (256,'StockImpl','ENDP','ENDO INTERNATIONAL PLC',NULL,'BBG000C0HQ54',NULL,'145588883',NULL,NULL,NULL,40,NULL,NULL,NULL,NULL,NULL,NULL,NULL,NULL,NULL,NULL,NULL,NULL,NULL,NULL,NULL),
  (257,'StockImpl','EOG','EOG RESOURCES INC',NULL,'BBG000BZ9223',NULL,'6890',NULL,NULL,NULL,40,NULL,NULL,NULL,NULL,NULL,NULL,NULL,NULL,NULL,NULL,NULL,NULL,NULL,NULL,NULL),
  (258,'StockImpl','EQIX','EQUINIX INC',NULL,'BBG000MBDGM6',NULL,'181764593',NULL,NULL,NULL,40,NULL,NULL,NULL,NULL,NULL,NULL,NULL,NULL,NULL,NULL,NULL,NULL,NULL,NULL,NULL),
  (259,'StockImpl','EQR','EQUITY RESIDENTIAL',NULL,'BBG000BG8M31',NULL,'6917',NULL,NULL,NULL,40,NULL,NULL,NULL,NULL,NULL,NULL,NULL,NULL,NULL,NULL,NULL,NULL,NULL,NULL,NULL),
  (260,'StockImpl','EQT','EQT CORP',NULL,'BBG000BHZ5J9',NULL,'57698865',NULL,NULL,NULL,40,NULL,NULL,NULL,NULL,NULL,NULL,NULL,NULL,NULL,NULL,NULL,NULL,NULL,NULL,NULL),
  (261,'StockImpl','ES','EVERSOURCE ENERGY',NULL,'BBG000BQ87N0',NULL,'182880167',NULL,NULL,NULL,40,NULL,NULL,NULL,NULL,NULL,NULL,NULL,NULL,NULL,NULL,NULL,NULL,NULL,NULL,NULL),
  (262,'StockImpl','ESRX','EXPRESS SCRIPTS HOLDING CO',NULL,'BBG000C15T95',NULL,'105430010',NULL,NULL,NULL,40,NULL,NULL,NULL,NULL,NULL,NULL,NULL,NULL,NULL,NULL,NULL,NULL,NULL,NULL,NULL),
  (263,'StockImpl','ESS','ESSEX PROPERTY TRUST INC',NULL,'BBG000CGJMB9',NULL,'6946',NULL,NULL,NULL,40,NULL,NULL,NULL,NULL,NULL,NULL,NULL,NULL,NULL,NULL,NULL,NULL,NULL,NULL,NULL),
  (264,'StockImpl','ESV','ENSCO PLC-CL A',NULL,'BBG000BJ2VQ6',NULL,'107375361',NULL,NULL,NULL,40,NULL,NULL,NULL,NULL,NULL,NULL,NULL,NULL,NULL,NULL,NULL,NULL,NULL,NULL,NULL),
  (265,'StockImpl','ETFC','E*TRADE FINANCIAL CORPORATION',NULL,'BBG000N746D6',NULL,'75961319',NULL,NULL,NULL,40,NULL,NULL,NULL,NULL,NULL,NULL,NULL,NULL,NULL,NULL,NULL,NULL,NULL,NULL,NULL),
  (266,'StockImpl','ETN','EATON CORP PLC',NULL,'BBG000BJ3PD2',NULL,'118017869',NULL,NULL,NULL,40,NULL,NULL,NULL,NULL,NULL,NULL,NULL,NULL,NULL,NULL,NULL,NULL,NULL,NULL,NULL),
  (267,'StockImpl','ETR','ENTERGY CORP',NULL,'BBG000C1FQS9',NULL,'6969',NULL,NULL,NULL,40,NULL,NULL,NULL,NULL,NULL,NULL,NULL,NULL,NULL,NULL,NULL,NULL,NULL,NULL,NULL),
  (268,'StockImpl','EW','EDWARDS LIFESCIENCES CORP',NULL,'BBG000BRXP69',NULL,'8101142',NULL,NULL,NULL,40,NULL,NULL,NULL,NULL,NULL,NULL,NULL,NULL,NULL,NULL,NULL,NULL,NULL,NULL,NULL),
  (269,'StockImpl','EXC','EXELON CORP',NULL,'BBG000J6XT05',NULL,'11000',NULL,NULL,NULL,40,NULL,NULL,NULL,NULL,NULL,NULL,NULL,NULL,NULL,NULL,NULL,NULL,NULL,NULL,NULL),
  (270,'StockImpl','EXPD','EXPEDITORS INTL WASH INC',NULL,'BBG000BJ5GK2',NULL,'269082',NULL,NULL,NULL,40,NULL,NULL,NULL,NULL,NULL,NULL,NULL,NULL,NULL,NULL,NULL,NULL,NULL,NULL,NULL),
  (271,'StockImpl','EXPE','EXPEDIA INC',NULL,'BBG000QY3XZ2',NULL,'98542021',NULL,NULL,NULL,40,NULL,NULL,NULL,NULL,NULL,NULL,NULL,NULL,NULL,NULL,NULL,NULL,NULL,NULL,NULL),
  (272,'StockImpl','EXR','Extra Space Storage',NULL,'BBG000PV27K3',NULL,'30351205',NULL,NULL,NULL,40,NULL,NULL,NULL,NULL,NULL,NULL,NULL,NULL,NULL,NULL,NULL,NULL,NULL,NULL,NULL),
  (273,'StockImpl','F','FORD MOTOR CO',NULL,'BBG000BQPC32',NULL,'9599491',NULL,NULL,NULL,40,NULL,NULL,NULL,NULL,NULL,NULL,NULL,NULL,NULL,NULL,NULL,NULL,NULL,NULL,NULL),
  (274,'StockImpl','FAST','FASTENAL CO',NULL,'BBG000BJ8YN7',NULL,'269120',NULL,NULL,NULL,40,NULL,NULL,NULL,NULL,NULL,NULL,NULL,NULL,NULL,NULL,NULL,NULL,NULL,NULL,NULL),
  (275,'StockImpl','FB','FACEBOOK INC-A',NULL,'BBG000MM2P62',NULL,'107113386',NULL,NULL,NULL,40,NULL,NULL,NULL,NULL,NULL,NULL,NULL,NULL,NULL,NULL,NULL,NULL,NULL,NULL,NULL),
  (276,'StockImpl','FCX','FREEPORT-MCMORAN INC',NULL,'BBG000BJDB15',NULL,'7089',NULL,NULL,NULL,40,NULL,NULL,NULL,NULL,NULL,NULL,NULL,NULL,NULL,NULL,NULL,NULL,NULL,NULL,NULL),
  (277,'StockImpl','FDX','FEDEX CORPORATION',NULL,'BBG000BJF1Z8',NULL,'5100583',NULL,NULL,NULL,40,NULL,NULL,NULL,NULL,NULL,NULL,NULL,NULL,NULL,NULL,NULL,NULL,NULL,NULL,NULL),
  (278,'StockImpl','FE','FIRSTENERGY CORP',NULL,'BBG000BB6M98',NULL,'3265376',NULL,NULL,NULL,40,NULL,NULL,NULL,NULL,NULL,NULL,NULL,NULL,NULL,NULL,NULL,NULL,NULL,NULL,NULL),
  (279,'StockImpl','FFIV','F5 NETWORKS INC',NULL,'BBG000CXYSZ6',NULL,'6248713',NULL,NULL,NULL,40,NULL,NULL,NULL,NULL,NULL,NULL,NULL,NULL,NULL,NULL,NULL,NULL,NULL,NULL,NULL),
  (280,'StockImpl','FIS','FIDELITY NATIONAL INFO SERV',NULL,'BBG000BK2F42',NULL,'37866641',NULL,NULL,NULL,40,NULL,NULL,NULL,NULL,NULL,NULL,NULL,NULL,NULL,NULL,NULL,NULL,NULL,NULL,NULL),
  (281,'StockImpl','FISV','FISERV INC',NULL,'BBG000BJKPG0',NULL,'269315',NULL,NULL,NULL,40,NULL,NULL,NULL,NULL,NULL,NULL,NULL,NULL,NULL,NULL,NULL,NULL,NULL,NULL,NULL),
  (282,'StockImpl','FITB','FIFTH THIRD BANCORP',NULL,'BBG000BJL3N0',NULL,'269318',NULL,NULL,NULL,40,NULL,NULL,NULL,NULL,NULL,NULL,NULL,NULL,NULL,NULL,NULL,NULL,NULL,NULL,NULL),
  (283,'StockImpl','FLIR','FLIR SYSTEMS INC',NULL,'BBG000BHK836',NULL,'269345',NULL,NULL,NULL,40,NULL,NULL,NULL,NULL,NULL,NULL,NULL,NULL,NULL,NULL,NULL,NULL,NULL,NULL,NULL),
  (284,'StockImpl','FLR','FLUOR CORP',NULL,'BBG000BB1TH9',NULL,'11218575',NULL,NULL,NULL,40,NULL,NULL,NULL,NULL,NULL,NULL,NULL,NULL,NULL,NULL,NULL,NULL,NULL,NULL,NULL),
  (285,'StockImpl','FLS','FLOWSERVE CORP',NULL,'BBG000FFH4P5',NULL,'6477749',NULL,NULL,NULL,40,NULL,NULL,NULL,NULL,NULL,NULL,NULL,NULL,NULL,NULL,NULL,NULL,NULL,NULL,NULL),
  (286,'StockImpl','FMC','FMC CORP',NULL,'BBG000BJP882',NULL,'7238',NULL,NULL,NULL,40,NULL,NULL,NULL,NULL,NULL,NULL,NULL,NULL,NULL,NULL,NULL,NULL,NULL,NULL,NULL),
  (287,'StockImpl','FOX','Twenty-First Century Fox Class B',NULL,'BBG000BQD1J2',NULL,'129203964',NULL,NULL,NULL,40,NULL,NULL,NULL,NULL,NULL,NULL,NULL,NULL,NULL,NULL,NULL,NULL,NULL,NULL,NULL),
  (288,'StockImpl','FOXA','TWENTY-FIRST CENTURY FOX-A',NULL,'BBG000DWYF03',NULL,'129203944',NULL,NULL,NULL,40,NULL,NULL,NULL,NULL,NULL,NULL,NULL,NULL,NULL,NULL,NULL,NULL,NULL,NULL,NULL),
  (289,'StockImpl','FRT','Federal Realty Investment Trust',NULL,'BBG000BJVN28',NULL,'7361',NULL,NULL,NULL,40,NULL,NULL,NULL,NULL,NULL,NULL,NULL,NULL,NULL,NULL,NULL,NULL,NULL,NULL,NULL),
  (290,'StockImpl','FSLR','FIRST SOLAR INC',NULL,'BBG000BFL116',NULL,'41622169',NULL,NULL,NULL,40,NULL,NULL,NULL,NULL,NULL,NULL,NULL,NULL,NULL,NULL,NULL,NULL,NULL,NULL,NULL),
  (291,'StockImpl','FTI','FMC TECHNOLOGIES INC',NULL,'BBG000D1QCF1',NULL,'12379601',NULL,NULL,NULL,40,NULL,NULL,NULL,NULL,NULL,NULL,NULL,NULL,NULL,NULL,NULL,NULL,NULL,NULL,NULL),
  (292,'StockImpl','FTR','FRONTIER COMMUNICATIONS CORP',NULL,'BBG000FH5YM1',NULL,'51575076',NULL,NULL,NULL,40,NULL,NULL,NULL,NULL,NULL,NULL,NULL,NULL,NULL,NULL,NULL,NULL,NULL,NULL,NULL),
  (293,'StockImpl','GAS','AGL RESOURCES INC',NULL,'BBG000BCKC47',NULL,'4631',NULL,NULL,NULL,40,NULL,NULL,NULL,NULL,NULL,NULL,NULL,NULL,NULL,NULL,NULL,NULL,NULL,NULL,NULL),
  (294,'StockImpl','GD','GENERAL DYNAMICS CORP',NULL,'BBG000BK67C7',NULL,'7496',NULL,NULL,NULL,40,NULL,NULL,NULL,NULL,NULL,NULL,NULL,NULL,NULL,NULL,NULL,NULL,NULL,NULL,NULL),
  (295,'StockImpl','GE','GENERAL ELECTRIC CO',NULL,'BBG000BK6MB5',NULL,'7516',NULL,NULL,NULL,40,NULL,NULL,NULL,NULL,NULL,NULL,NULL,NULL,NULL,NULL,NULL,NULL,NULL,NULL,NULL),
  (296,'StockImpl','GGP','GENERAL GROWTH PROPERTIES',NULL,'BBG000BG3HG3',NULL,'80664970',NULL,NULL,NULL,40,NULL,NULL,NULL,NULL,NULL,NULL,NULL,NULL,NULL,NULL,NULL,NULL,NULL,NULL,NULL),
  (297,'StockImpl','GILD','GILEAD SCIENCES INC',NULL,'BBG000CKGBP2',NULL,'269753',NULL,NULL,NULL,40,NULL,NULL,NULL,NULL,NULL,NULL,NULL,NULL,NULL,NULL,NULL,NULL,NULL,NULL,NULL),
  (298,'StockImpl','GIS','GENERAL MILLS INC',NULL,'BBG000BKCFC2',NULL,'7616',NULL,NULL,NULL,40,NULL,NULL,NULL,NULL,NULL,NULL,NULL,NULL,NULL,NULL,NULL,NULL,NULL,NULL,NULL),
  (299,'StockImpl','GLW','CORNING INC',NULL,'BBG000BKFZM4',NULL,'7655',NULL,NULL,NULL,40,NULL,NULL,NULL,NULL,NULL,NULL,NULL,NULL,NULL,NULL,NULL,NULL,NULL,NULL,NULL),
  (300,'StockImpl','GM','GENERAL MOTORS CO',NULL,'BBG000NDYB67',NULL,'80986742',NULL,NULL,NULL,40,NULL,NULL,NULL,NULL,NULL,NULL,NULL,NULL,NULL,NULL,NULL,NULL,NULL,NULL,NULL),
  (301,'StockImpl','GME','GAMESTOP CORP-CLASS A',NULL,'BBG000BB5BF6',NULL,'36285627',NULL,NULL,NULL,40,NULL,NULL,NULL,NULL,NULL,NULL,NULL,NULL,NULL,NULL,NULL,NULL,NULL,NULL,NULL),
  (302,'StockImpl','GOOG','GOOGLE INC-CL C',NULL,'BBG009S3NB30',NULL,'147346161',NULL,NULL,NULL,40,NULL,NULL,NULL,NULL,NULL,NULL,NULL,NULL,NULL,NULL,NULL,NULL,NULL,NULL,NULL),
  (303,'StockImpl','GOOGL','GOOGLE INC-CL A',NULL,'BBG009S39JX6',NULL,'30351181',NULL,NULL,NULL,40,NULL,NULL,NULL,NULL,NULL,NULL,NULL,NULL,NULL,NULL,NULL,NULL,NULL,NULL,NULL),
  (304,'StockImpl','GPC','GENUINE PARTS CO',NULL,'BBG000BKL348',NULL,'7745',NULL,NULL,NULL,40,NULL,NULL,NULL,NULL,NULL,NULL,NULL,NULL,NULL,NULL,NULL,NULL,NULL,NULL,NULL),
  (305,'StockImpl','GPS','GAP INC/THE',NULL,'BBG000BKLH74',NULL,'7765',NULL,NULL,NULL,40,NULL,NULL,NULL,NULL,NULL,NULL,NULL,NULL,NULL,NULL,NULL,NULL,NULL,NULL,NULL),
  (306,'StockImpl','GRMN','GARMIN LTD',NULL,'BBG000C4LN67',NULL,'76791198',NULL,NULL,NULL,40,NULL,NULL,NULL,NULL,NULL,NULL,NULL,NULL,NULL,NULL,NULL,NULL,NULL,NULL,NULL),
  (307,'StockImpl','GS','GOLDMAN SACHS GROUP INC',NULL,'BBG000C6CFJ5',NULL,'4627828',NULL,NULL,NULL,40,NULL,NULL,NULL,NULL,NULL,NULL,NULL,NULL,NULL,NULL,NULL,NULL,NULL,NULL,NULL),
  (308,'StockImpl','GT','GOODYEAR TIRE & RUBBER CO',NULL,'BBG000BKNX95',NULL,'7830',NULL,NULL,NULL,40,NULL,NULL,NULL,NULL,NULL,NULL,NULL,NULL,NULL,NULL,NULL,NULL,NULL,NULL,NULL),
  (309,'StockImpl','GWW','WW GRAINGER INC',NULL,'BBG000BKR1D6',NULL,'7867',NULL,NULL,NULL,40,NULL,NULL,NULL,NULL,NULL,NULL,NULL,NULL,NULL,NULL,NULL,NULL,NULL,NULL,NULL),
  (310,'StockImpl','HAL','HALLIBURTON CO',NULL,'BBG000BKTFN2',NULL,'7890',NULL,NULL,NULL,40,NULL,NULL,NULL,NULL,NULL,NULL,NULL,NULL,NULL,NULL,NULL,NULL,NULL,NULL,NULL),
  (311,'StockImpl','HAR','HARMAN INTERNATIONAL',NULL,'BBG000BKTT89',NULL,'7896',NULL,NULL,NULL,40,NULL,NULL,NULL,NULL,NULL,NULL,NULL,NULL,NULL,NULL,NULL,NULL,NULL,NULL,NULL),
  (312,'StockImpl','HAS','HASBRO INC',NULL,'BBG000BKVJK4',NULL,'754956',NULL,NULL,NULL,40,NULL,NULL,NULL,NULL,NULL,NULL,NULL,NULL,NULL,NULL,NULL,NULL,NULL,NULL,NULL),
  (313,'StockImpl','HBAN','HUNTINGTON BANCSHARES INC',NULL,'BBG000BKWSR6',NULL,'270018',NULL,NULL,NULL,40,NULL,NULL,NULL,NULL,NULL,NULL,NULL,NULL,NULL,NULL,NULL,NULL,NULL,NULL,NULL),
  (314,'StockImpl','HBI','HANESBRANDS INC.',NULL,'BBG000D2ZTS8',NULL,'40369429',NULL,NULL,NULL,40,NULL,NULL,NULL,NULL,NULL,NULL,NULL,NULL,NULL,NULL,NULL,NULL,NULL,NULL,NULL),
  (315,'StockImpl','HCA','HCA HOLDINGS INC',NULL,'BBG000QW7VC1',NULL,'85076790',NULL,NULL,NULL,40,NULL,NULL,NULL,NULL,NULL,NULL,NULL,NULL,NULL,NULL,NULL,NULL,NULL,NULL,NULL),
  (316,'StockImpl','HCN','HEALTH CARE REIT INC',NULL,'BBG000BKY1G5',NULL,'7918',NULL,NULL,NULL,40,NULL,NULL,NULL,NULL,NULL,NULL,NULL,NULL,NULL,NULL,NULL,NULL,NULL,NULL,NULL),
  (317,'StockImpl','HCP','HCP INC',NULL,'BBG000BKYDP9',NULL,'46126937',NULL,NULL,NULL,40,NULL,NULL,NULL,NULL,NULL,NULL,NULL,NULL,NULL,NULL,NULL,NULL,NULL,NULL,NULL),
  (318,'StockImpl','HD','HOME DEPOT INC',NULL,'BBG000BKZB36',NULL,'7930',NULL,NULL,NULL,40,NULL,NULL,NULL,NULL,NULL,NULL,NULL,NULL,NULL,NULL,NULL,NULL,NULL,NULL,NULL),
  (319,'StockImpl','HES','HESS CORP',NULL,'BBG000BBD070',NULL,'39118796',NULL,NULL,NULL,40,NULL,NULL,NULL,NULL,NULL,NULL,NULL,NULL,NULL,NULL,NULL,NULL,NULL,NULL,NULL),
  (320,'StockImpl','HIG','HARTFORD FINANCIAL SVCS GRP',NULL,'BBG000G0Z878',NULL,'1217009',NULL,NULL,NULL,40,NULL,NULL,NULL,NULL,NULL,NULL,NULL,NULL,NULL,NULL,NULL,NULL,NULL,NULL,NULL),
  (321,'StockImpl','HOG','HARLEY-DAVIDSON INC',NULL,'BBG000BKZTP3',NULL,'7935',NULL,NULL,NULL,40,NULL,NULL,NULL,NULL,NULL,NULL,NULL,NULL,NULL,NULL,NULL,NULL,NULL,NULL,NULL),
  (322,'StockImpl','HON','HONEYWELL INTERNATIONAL INC',NULL,'BBG000H556T9',NULL,'4350',NULL,NULL,NULL,40,NULL,NULL,NULL,NULL,NULL,NULL,NULL,NULL,NULL,NULL,NULL,NULL,NULL,NULL,NULL),
  (323,'StockImpl','HOT','STARWOOD HOTELS & RESORTS',NULL,'BBG000BLBXT4',NULL,'38734858',NULL,NULL,NULL,40,NULL,NULL,NULL,NULL,NULL,NULL,NULL,NULL,NULL,NULL,NULL,NULL,NULL,NULL,NULL),
  (324,'StockImpl','HP','HELMERICH & PAYNE',NULL,'BBG000BLCPY4',NULL,'8097',NULL,NULL,NULL,40,NULL,NULL,NULL,NULL,NULL,NULL,NULL,NULL,NULL,NULL,NULL,NULL,NULL,NULL,NULL),
  (325,'StockImpl','HPE','Hewlett Packard Enterprise',NULL,'BBG0078W3NQ3',NULL,'209411798',NULL,NULL,NULL,40,NULL,NULL,NULL,NULL,NULL,NULL,NULL,NULL,NULL,NULL,NULL,NULL,NULL,NULL,NULL),
  (326,'StockImpl','HPQ','HEWLETT-PACKARD CO',NULL,'BBG000KHWT55',NULL,'9042756',NULL,NULL,NULL,40,NULL,NULL,NULL,NULL,NULL,NULL,NULL,NULL,NULL,NULL,NULL,NULL,NULL,NULL,NULL),
  (327,'StockImpl','HRB','H&R BLOCK INC',NULL,'BBG000BLDV98',NULL,'8130',NULL,NULL,NULL,40,NULL,NULL,NULL,NULL,NULL,NULL,NULL,NULL,NULL,NULL,NULL,NULL,NULL,NULL,NULL),
  (328,'StockImpl','HRL','HORMEL FOODS CORP',NULL,'BBG000BLF8D2',NULL,'8153',NULL,NULL,NULL,40,NULL,NULL,NULL,NULL,NULL,NULL,NULL,NULL,NULL,NULL,NULL,NULL,NULL,NULL,NULL),
  (329,'StockImpl','HRS','HARRIS CORP',NULL,'BBG000BLGFJ9',NULL,'8160',NULL,NULL,NULL,40,NULL,NULL,NULL,NULL,NULL,NULL,NULL,NULL,NULL,NULL,NULL,NULL,NULL,NULL,NULL),
  (330,'StockImpl','HSIC','HENRY SCHEIN INC',NULL,'BBG000BNMMJ3',NULL,'3655640',NULL,NULL,NULL,40,NULL,NULL,NULL,NULL,NULL,NULL,NULL,NULL,NULL,NULL,NULL,NULL,NULL,NULL,NULL),
  (331,'StockImpl','HST','HOST HOTELS & RESORTS INC',NULL,'BBG000BL8804',NULL,'8057',NULL,NULL,NULL,40,NULL,NULL,NULL,NULL,NULL,NULL,NULL,NULL,NULL,NULL,NULL,NULL,NULL,NULL,NULL),
  (332,'StockImpl','HSY','HERSHEY CO/THE',NULL,'BBG000BLHRS2',NULL,'8199',NULL,NULL,NULL,40,NULL,NULL,NULL,NULL,NULL,NULL,NULL,NULL,NULL,NULL,NULL,NULL,NULL,NULL,NULL),
  (333,'StockImpl','HUM','HUMANA INC',NULL,'BBG000BLKK03',NULL,'8251',NULL,NULL,NULL,40,NULL,NULL,NULL,NULL,NULL,NULL,NULL,NULL,NULL,NULL,NULL,NULL,NULL,NULL,NULL),
  (334,'StockImpl','IBM','INTL BUSINESS MACHINES CORP',NULL,'BBG000BLNNH6',NULL,'8314',NULL,NULL,NULL,40,NULL,NULL,NULL,NULL,NULL,NULL,NULL,NULL,NULL,NULL,NULL,NULL,NULL,NULL,NULL),
  (335,'StockImpl','ICE','INTERCONTINENTAL EXCHANGE IN',NULL,'BBG000C1FB75',NULL,'136370275',NULL,NULL,NULL,40,NULL,NULL,NULL,NULL,NULL,NULL,NULL,NULL,NULL,NULL,NULL,NULL,NULL,NULL,NULL),
  (336,'StockImpl','IFF','INTL FLAVORS & FRAGRANCES',NULL,'BBG000BLSL58',NULL,'8385',NULL,NULL,NULL,40,NULL,NULL,NULL,NULL,NULL,NULL,NULL,NULL,NULL,NULL,NULL,NULL,NULL,NULL,NULL),
  (337,'StockImpl','ILMN','Illumina Inc',NULL,'BBG000DSMS70',NULL,'9869443',NULL,NULL,NULL,40,NULL,NULL,NULL,NULL,NULL,NULL,NULL,NULL,NULL,NULL,NULL,NULL,NULL,NULL,NULL),
  (338,'StockImpl','INTC','INTEL CORP',NULL,'BBG000C0G1D1',NULL,'270639',NULL,NULL,NULL,40,NULL,NULL,NULL,NULL,NULL,NULL,NULL,NULL,NULL,NULL,NULL,NULL,NULL,NULL,NULL),
  (339,'StockImpl','INTU','INTUIT INC',NULL,'BBG000BH5DV1',NULL,'270662',NULL,NULL,NULL,40,NULL,NULL,NULL,NULL,NULL,NULL,NULL,NULL,NULL,NULL,NULL,NULL,NULL,NULL,NULL),
  (340,'StockImpl','IP','INTERNATIONAL PAPER CO',NULL,'BBG000BM5SR2',NULL,'8511',NULL,NULL,NULL,40,NULL,NULL,NULL,NULL,NULL,NULL,NULL,NULL,NULL,NULL,NULL,NULL,NULL,NULL,NULL),
  (341,'StockImpl','IPG','INTERPUBLIC GROUP OF COS INC',NULL,'BBG000C90DH9',NULL,'8514',NULL,NULL,NULL,40,NULL,NULL,NULL,NULL,NULL,NULL,NULL,NULL,NULL,NULL,NULL,NULL,NULL,NULL,NULL),
  (342,'StockImpl','IR','INGERSOLL-RAND PLC',NULL,'BBG000BM6788',NULL,'61440265',NULL,NULL,NULL,40,NULL,NULL,NULL,NULL,NULL,NULL,NULL,NULL,NULL,NULL,NULL,NULL,NULL,NULL,NULL),
  (343,'StockImpl','IRM','IRON MOUNTAIN INC',NULL,'BBG000KCZPC3',NULL,'180350774',NULL,NULL,NULL,40,NULL,NULL,NULL,NULL,NULL,NULL,NULL,NULL,NULL,NULL,NULL,NULL,NULL,NULL,NULL),
  (344,'StockImpl','ISRG','INTUITIVE SURGICAL INC',NULL,'BBG000BJPDZ1',NULL,'9063285',NULL,NULL,NULL,40,NULL,NULL,NULL,NULL,NULL,NULL,NULL,NULL,NULL,NULL,NULL,NULL,NULL,NULL,NULL),
  (345,'StockImpl','ITW','ILLINOIS TOOL WORKS',NULL,'BBG000BMBL90',NULL,'8620',NULL,NULL,NULL,40,NULL,NULL,NULL,NULL,NULL,NULL,NULL,NULL,NULL,NULL,NULL,NULL,NULL,NULL,NULL),
  (346,'StockImpl','IVZ','INVESCO LTD',NULL,'BBG000BY2Y78',NULL,'47550606',NULL,NULL,NULL,40,NULL,NULL,NULL,NULL,NULL,NULL,NULL,NULL,NULL,NULL,NULL,NULL,NULL,NULL,NULL),
  (347,'StockImpl','JBHT','J. B. Hunt Transport Services',NULL,'BBG000BMDBZ1',NULL,'270825',NULL,NULL,NULL,40,NULL,NULL,NULL,NULL,NULL,NULL,NULL,NULL,NULL,NULL,NULL,NULL,NULL,NULL,NULL),
  (348,'StockImpl','JCI','JOHNSON CONTROLS INC',NULL,'BBG000BMDV41',NULL,'8650',NULL,NULL,NULL,40,NULL,NULL,NULL,NULL,NULL,NULL,NULL,NULL,NULL,NULL,NULL,NULL,NULL,NULL,NULL),
  (349,'StockImpl','JEC','JACOBS ENGINEERING GROUP INC',NULL,'BBG000BMFFQ0',NULL,'8660',NULL,NULL,NULL,40,NULL,NULL,NULL,NULL,NULL,NULL,NULL,NULL,NULL,NULL,NULL,NULL,NULL,NULL,NULL),
  (350,'StockImpl','JNJ','JOHNSON & JOHNSON',NULL,'BBG000BMHYD1',NULL,'8719',NULL,NULL,NULL,40,NULL,NULL,NULL,NULL,NULL,NULL,NULL,NULL,NULL,NULL,NULL,NULL,NULL,NULL,NULL),
  (351,'StockImpl','JNPR','JUNIPER NETWORKS INC',NULL,'BBG000BY33P5',NULL,'6248722',NULL,NULL,NULL,40,NULL,NULL,NULL,NULL,NULL,NULL,NULL,NULL,NULL,NULL,NULL,NULL,NULL,NULL,NULL),
  (352,'StockImpl','JPM','JPMORGAN CHASE & CO',NULL,'BBG000DMBXR2',NULL,'1520593',NULL,NULL,NULL,40,NULL,NULL,NULL,NULL,NULL,NULL,NULL,NULL,NULL,NULL,NULL,NULL,NULL,NULL,NULL),
  (353,'StockImpl','JWN','NORDSTROM INC',NULL,'BBG000G8N9C6',NULL,'272428',NULL,NULL,NULL,40,NULL,NULL,NULL,NULL,NULL,NULL,NULL,NULL,NULL,NULL,NULL,NULL,NULL,NULL,NULL),
  (354,'StockImpl','K','KELLOGG CO',NULL,'BBG000BMKDM3',NULL,'8758',NULL,NULL,NULL,40,NULL,NULL,NULL,NULL,NULL,NULL,NULL,NULL,NULL,NULL,NULL,NULL,NULL,NULL,NULL),
  (355,'StockImpl','KEY','KEYCORP',NULL,'BBG000BMQPL1',NULL,'8809',NULL,NULL,NULL,40,NULL,NULL,NULL,NULL,NULL,NULL,NULL,NULL,NULL,NULL,NULL,NULL,NULL,NULL,NULL),
  (356,'StockImpl','KHC','Kraft Heinz Co',NULL,'BBG005CPNTQ2',NULL,'199169586',NULL,NULL,NULL,40,NULL,NULL,NULL,NULL,NULL,NULL,NULL,NULL,NULL,NULL,NULL,NULL,NULL,NULL,NULL),
  (357,'StockImpl','KIM','KIMCO REALTY CORP',NULL,'BBG000CN3S73',NULL,'8845',NULL,NULL,NULL,40,NULL,NULL,NULL,NULL,NULL,NULL,NULL,NULL,NULL,NULL,NULL,NULL,NULL,NULL,NULL),
  (358,'StockImpl','KLAC','KLA-TENCOR CORP',NULL,'BBG000BMTFR4',NULL,'270957',NULL,NULL,NULL,40,NULL,NULL,NULL,NULL,NULL,NULL,NULL,NULL,NULL,NULL,NULL,NULL,NULL,NULL,NULL),
  (359,'StockImpl','KMB','KIMBERLY-CLARK CORP',NULL,'BBG000BMW2Z0',NULL,'8864',NULL,NULL,NULL,40,NULL,NULL,NULL,NULL,NULL,NULL,NULL,NULL,NULL,NULL,NULL,NULL,NULL,NULL,NULL),
  (360,'StockImpl','KMI','KINDER MORGAN INC',NULL,'BBG0019JZ882',NULL,'83975037',NULL,NULL,NULL,40,NULL,NULL,NULL,NULL,NULL,NULL,NULL,NULL,NULL,NULL,NULL,NULL,NULL,NULL,NULL),
  (361,'StockImpl','KMX','CARMAX INC',NULL,'BBG000BLMZK6',NULL,'2586156',NULL,NULL,NULL,40,NULL,NULL,NULL,NULL,NULL,NULL,NULL,NULL,NULL,NULL,NULL,NULL,NULL,NULL,NULL),
  (362,'StockImpl','KO','COCA-COLA CO/THE',NULL,'BBG000BMX289',NULL,'8894',NULL,NULL,NULL,40,NULL,NULL,NULL,NULL,NULL,NULL,NULL,NULL,NULL,NULL,NULL,NULL,NULL,NULL,NULL),
  (363,'StockImpl','KORS','MICHAEL KORS HOLDINGS LTD',NULL,'BBG0029SNR63',NULL,'98606948',NULL,NULL,NULL,40,NULL,NULL,NULL,NULL,NULL,NULL,NULL,NULL,NULL,NULL,NULL,NULL,NULL,NULL,NULL),
  (364,'StockImpl','KR','KROGER CO',NULL,'BBG000BMY992',NULL,'8908',NULL,NULL,NULL,40,NULL,NULL,NULL,NULL,NULL,NULL,NULL,NULL,NULL,NULL,NULL,NULL,NULL,NULL,NULL),
  (365,'StockImpl','KSS','KOHLS CORP',NULL,'BBG000CS7CT9',NULL,'8942',NULL,NULL,NULL,40,NULL,NULL,NULL,NULL,NULL,NULL,NULL,NULL,NULL,NULL,NULL,NULL,NULL,NULL,NULL),
  (366,'StockImpl','KSU','KANSAS CITY SOUTHERN',NULL,'BBG000BMZ7P7',NULL,'8949',NULL,NULL,NULL,40,NULL,NULL,NULL,NULL,NULL,NULL,NULL,NULL,NULL,NULL,NULL,NULL,NULL,NULL,NULL),
  (367,'StockImpl','L','LOEWS CORP',NULL,'BBG000C45984',NULL,'9252',NULL,NULL,NULL,40,NULL,NULL,NULL,NULL,NULL,NULL,NULL,NULL,NULL,NULL,NULL,NULL,NULL,NULL,NULL),
  (368,'StockImpl','LB','L BRANDS INC',NULL,'BBG000BNGTQ7',NULL,'125005718',NULL,NULL,NULL,40,NULL,NULL,NULL,NULL,NULL,NULL,NULL,NULL,NULL,NULL,NULL,NULL,NULL,NULL,NULL),
  (369,'StockImpl','LEG','LEGGETT & PLATT INC',NULL,'BBG000BN53G7',NULL,'9081',NULL,NULL,NULL,40,NULL,NULL,NULL,NULL,NULL,NULL,NULL,NULL,NULL,NULL,NULL,NULL,NULL,NULL,NULL),
  (370,'StockImpl','LEN','LENNAR CORP-A',NULL,'BBG000BN5HF7',NULL,'9091',NULL,NULL,NULL,40,NULL,NULL,NULL,NULL,NULL,NULL,NULL,NULL,NULL,NULL,NULL,NULL,NULL,NULL,NULL),
  (371,'StockImpl','LH','LABORATORY CRP OF AMER HLDGS',NULL,'BBG000D9DMK0',NULL,'661507',NULL,NULL,NULL,40,NULL,NULL,NULL,NULL,NULL,NULL,NULL,NULL,NULL,NULL,NULL,NULL,NULL,NULL,NULL),
  (372,'StockImpl','LLL','L-3 COMMUNICATIONS HOLDINGS',NULL,'BBG000BGRKT6',NULL,'6477855',NULL,NULL,NULL,40,NULL,NULL,NULL,NULL,NULL,NULL,NULL,NULL,NULL,NULL,NULL,NULL,NULL,NULL,NULL),
  (373,'StockImpl','LLTC','LINEAR TECHNOLOGY CORP',NULL,'BBG000BN9WT5',NULL,'271245',NULL,NULL,NULL,40,NULL,NULL,NULL,NULL,NULL,NULL,NULL,NULL,NULL,NULL,NULL,NULL,NULL,NULL,NULL),
  (374,'StockImpl','LLY','ELI LILLY & CO',NULL,'BBG000BNBDC2',NULL,'9160',NULL,NULL,NULL,40,NULL,NULL,NULL,NULL,NULL,NULL,NULL,NULL,NULL,NULL,NULL,NULL,NULL,NULL,NULL),
  (375,'StockImpl','LM','LEGG MASON INC',NULL,'BBG000BNBPQ0',NULL,'9165',NULL,NULL,NULL,40,NULL,NULL,NULL,NULL,NULL,NULL,NULL,NULL,NULL,NULL,NULL,NULL,NULL,NULL,NULL),
  (376,'StockImpl','LMT','LOCKHEED MARTIN CORP',NULL,'BBG000C1BW00',NULL,'611191',NULL,NULL,NULL,40,NULL,NULL,NULL,NULL,NULL,NULL,NULL,NULL,NULL,NULL,NULL,NULL,NULL,NULL,NULL),
  (377,'StockImpl','LNC','LINCOLN NATIONAL CORP',NULL,'BBG000BNC3Y9',NULL,'9174',NULL,NULL,NULL,40,NULL,NULL,NULL,NULL,NULL,NULL,NULL,NULL,NULL,NULL,NULL,NULL,NULL,NULL,NULL),
  (378,'StockImpl','LOW','LOWE\'S COS INC',NULL,'BBG000BNDN65',NULL,'9199',NULL,NULL,NULL,40,NULL,NULL,NULL,NULL,NULL,NULL,NULL,NULL,NULL,NULL,NULL,NULL,NULL,NULL,NULL),
  (379,'StockImpl','LRCX','LAM RESEARCH CORP',NULL,'BBG000BNFLM9',NULL,'271308',NULL,NULL,NULL,40,NULL,NULL,NULL,NULL,NULL,NULL,NULL,NULL,NULL,NULL,NULL,NULL,NULL,NULL,NULL),
  (380,'StockImpl','LUK','LEUCADIA NATIONAL CORP',NULL,'BBG000BNHSP9',NULL,'9274',NULL,NULL,NULL,40,NULL,NULL,NULL,NULL,NULL,NULL,NULL,NULL,NULL,NULL,NULL,NULL,NULL,NULL,NULL),
  (381,'StockImpl','LUV','SOUTHWEST AIRLINES CO',NULL,'BBG000BNJHS8',NULL,'9282',NULL,NULL,NULL,40,NULL,NULL,NULL,NULL,NULL,NULL,NULL,NULL,NULL,NULL,NULL,NULL,NULL,NULL,NULL),
  (382,'StockImpl','LVLT','LEVEL 3 COMMUNICATIONS INC',NULL,'BBG000HZFZX3',NULL,'96079833',NULL,NULL,NULL,40,NULL,NULL,NULL,NULL,NULL,NULL,NULL,NULL,NULL,NULL,NULL,NULL,NULL,NULL,NULL),
  (383,'StockImpl','LYB','LYONDELLBASELL INDU-CL A',NULL,'BBG000WCFV84',NULL,'74866700',NULL,NULL,NULL,40,NULL,NULL,NULL,NULL,NULL,NULL,NULL,NULL,NULL,NULL,NULL,NULL,NULL,NULL,NULL),
  (384,'StockImpl','M','MACYS INC',NULL,'BBG000C46HM9',NULL,'44475946',NULL,NULL,NULL,40,NULL,NULL,NULL,NULL,NULL,NULL,NULL,NULL,NULL,NULL,NULL,NULL,NULL,NULL,NULL),
  (385,'StockImpl','MA','MASTERCARD INC-CLASS A',NULL,'BBG000F1ZSQ2',NULL,'38685693',NULL,NULL,NULL,40,NULL,NULL,NULL,NULL,NULL,NULL,NULL,NULL,NULL,NULL,NULL,NULL,NULL,NULL,NULL),
  (386,'StockImpl','MAC','MACERICH CO/THE',NULL,'BBG000BL9C59',NULL,'9322',NULL,NULL,NULL,40,NULL,NULL,NULL,NULL,NULL,NULL,NULL,NULL,NULL,NULL,NULL,NULL,NULL,NULL,NULL),
  (387,'StockImpl','MAR','MARRIOTT INTERNATIONAL -CL A',NULL,'BBG000BGD7W6',NULL,'9358',NULL,NULL,NULL,40,NULL,NULL,NULL,NULL,NULL,NULL,NULL,NULL,NULL,NULL,NULL,NULL,NULL,NULL,NULL),
  (388,'StockImpl','MAS','MASCO CORP',NULL,'BBG000BNNKG9',NULL,'9360',NULL,NULL,NULL,40,NULL,NULL,NULL,NULL,NULL,NULL,NULL,NULL,NULL,NULL,NULL,NULL,NULL,NULL,NULL),
  (389,'StockImpl','MAT','MATTEL INC',NULL,'BBG000BNNYW1',NULL,'9365',NULL,NULL,NULL,40,NULL,NULL,NULL,NULL,NULL,NULL,NULL,NULL,NULL,NULL,NULL,NULL,NULL,NULL,NULL),
  (390,'StockImpl','MCD','MC DONALD\'S-CORP',NULL,'BBG000BNSZP1',NULL,'9408',NULL,NULL,NULL,40,NULL,NULL,NULL,NULL,NULL,NULL,NULL,NULL,NULL,NULL,NULL,NULL,NULL,NULL,NULL),
  (391,'StockImpl','MCHP','MICROCHIP TECHNOLOGY INC',NULL,'BBG000BHCP19',NULL,'271568',NULL,NULL,NULL,40,NULL,NULL,NULL,NULL,NULL,NULL,NULL,NULL,NULL,NULL,NULL,NULL,NULL,NULL,NULL),
  (392,'StockImpl','MCK','MCKESSON CORP',NULL,'BBG000DYGNW7',NULL,'9657',NULL,NULL,NULL,40,NULL,NULL,NULL,NULL,NULL,NULL,NULL,NULL,NULL,NULL,NULL,NULL,NULL,NULL,NULL),
  (393,'StockImpl','MCO','MOODY\'S CORP',NULL,'BBG000F86GP6',NULL,'6497',NULL,NULL,NULL,40,NULL,NULL,NULL,NULL,NULL,NULL,NULL,NULL,NULL,NULL,NULL,NULL,NULL,NULL,NULL),
  (394,'StockImpl','MDLZ','MONDELEZ INTERNATIONAL INC-A',NULL,'BBG000D4LWF6',NULL,'113599091',NULL,NULL,NULL,40,NULL,NULL,NULL,NULL,NULL,NULL,NULL,NULL,NULL,NULL,NULL,NULL,NULL,NULL,NULL),
  (395,'StockImpl','MDT','MEDTRONIC PLC',NULL,'BBG000BNWG87',NULL,'181387075',NULL,NULL,NULL,40,NULL,NULL,NULL,NULL,NULL,NULL,NULL,NULL,NULL,NULL,NULL,NULL,NULL,NULL,NULL),
  (396,'StockImpl','MET','METLIFE INC',NULL,'BBG000BB6KF5',NULL,'8093509',NULL,NULL,NULL,40,NULL,NULL,NULL,NULL,NULL,NULL,NULL,NULL,NULL,NULL,NULL,NULL,NULL,NULL,NULL),
  (397,'StockImpl','MHFI','MCGRAW HILL FINANCIAL INC',NULL,'BBG000BP1Q11',NULL,'9599',NULL,NULL,NULL,40,NULL,NULL,NULL,NULL,NULL,NULL,NULL,NULL,NULL,NULL,NULL,NULL,NULL,NULL,NULL),
  (398,'StockImpl','MHK','MOHAWK INDUSTRIES INC',NULL,'BBG000FLZN98',NULL,'271967',NULL,NULL,NULL,40,NULL,NULL,NULL,NULL,NULL,NULL,NULL,NULL,NULL,NULL,NULL,NULL,NULL,NULL,NULL),
  (399,'StockImpl','MJN','MEAD JOHNSON NUTRITION CO',NULL,'BBG000TWC2V5',NULL,'57755168',NULL,NULL,NULL,40,NULL,NULL,NULL,NULL,NULL,NULL,NULL,NULL,NULL,NULL,NULL,NULL,NULL,NULL,NULL),
  (400,'StockImpl','MKC','MCCORMICK & CO-NON VTG SHRS',NULL,'BBG000G6Y5W4',NULL,'271556',NULL,NULL,NULL,40,NULL,NULL,NULL,NULL,NULL,NULL,NULL,NULL,NULL,NULL,NULL,NULL,NULL,NULL,NULL),
  (401,'StockImpl','MLM','MARTIN MARIETTA MATERIALS',NULL,'BBG000BGYMH7',NULL,'9690',NULL,NULL,NULL,40,NULL,NULL,NULL,NULL,NULL,NULL,NULL,NULL,NULL,NULL,NULL,NULL,NULL,NULL,NULL),
  (402,'StockImpl','MMC','MARSH & MCLENNAN COS',NULL,'BBG000BP4MH0',NULL,'9705',NULL,NULL,NULL,40,NULL,NULL,NULL,NULL,NULL,NULL,NULL,NULL,NULL,NULL,NULL,NULL,NULL,NULL,NULL),
  (403,'StockImpl','MMM','3M CO',NULL,'BBG000BP52R2',NULL,'9720',NULL,NULL,NULL,40,NULL,NULL,NULL,NULL,NULL,NULL,NULL,NULL,NULL,NULL,NULL,NULL,NULL,NULL,NULL),
  (404,'StockImpl','MNK','MALLINCKRODT PLC',NULL,'BBG002BHBHM1',NULL,'129166805',NULL,NULL,NULL,40,NULL,NULL,NULL,NULL,NULL,NULL,NULL,NULL,NULL,NULL,NULL,NULL,NULL,NULL,NULL),
  (405,'StockImpl','MNST','MONSTER BEVERAGE CORP',NULL,'BBG008NVB1C0',NULL,'196986496',NULL,NULL,NULL,40,NULL,NULL,NULL,NULL,NULL,NULL,NULL,NULL,NULL,NULL,NULL,NULL,NULL,NULL,NULL),
  (406,'StockImpl','MO','ALTRIA GROUP INC',NULL,'BBG000BP6LJ8',NULL,'9769',NULL,NULL,NULL,40,NULL,NULL,NULL,NULL,NULL,NULL,NULL,NULL,NULL,NULL,NULL,NULL,NULL,NULL,NULL),
  (407,'StockImpl','MON','MONSANTO CO',NULL,'BBG000BFWKC0',NULL,'10523297',NULL,NULL,NULL,40,NULL,NULL,NULL,NULL,NULL,NULL,NULL,NULL,NULL,NULL,NULL,NULL,NULL,NULL,NULL),
  (408,'StockImpl','MOS','MOSAIC CO/THE',NULL,'BBG000BFXHL6',NULL,'88292752',NULL,NULL,NULL,40,NULL,NULL,NULL,NULL,NULL,NULL,NULL,NULL,NULL,NULL,NULL,NULL,NULL,NULL,NULL),
  (409,'StockImpl','MPC','MARATHON PETROLEUM CORP',NULL,'BBG001DCCGR8',NULL,'89495776',NULL,NULL,NULL,40,NULL,NULL,NULL,NULL,NULL,NULL,NULL,NULL,NULL,NULL,NULL,NULL,NULL,NULL,NULL),
  (410,'StockImpl','MRK','MERCK & CO INC',NULL,'BBG000BPD168',NULL,'70101545',NULL,NULL,NULL,40,NULL,NULL,NULL,NULL,NULL,NULL,NULL,NULL,NULL,NULL,NULL,NULL,NULL,NULL,NULL),
  (411,'StockImpl','MRO','MARATHON OIL CORP',NULL,'BBG000C8H633',NULL,'9831',NULL,NULL,NULL,40,NULL,NULL,NULL,NULL,NULL,NULL,NULL,NULL,NULL,NULL,NULL,NULL,NULL,NULL,NULL),
  (412,'StockImpl','MS','MORGAN STANLEY',NULL,'BBG000BLZRJ2',NULL,'2841574',NULL,NULL,NULL,40,NULL,NULL,NULL,NULL,NULL,NULL,NULL,NULL,NULL,NULL,NULL,NULL,NULL,NULL,NULL),
  (413,'StockImpl','MSFT','MICROSOFT CORP',NULL,'BBG000BPH459',NULL,'272093',NULL,NULL,NULL,40,NULL,NULL,NULL,NULL,NULL,NULL,NULL,NULL,NULL,NULL,NULL,NULL,NULL,NULL,NULL),
  (414,'StockImpl','MSI','MOTOROLA SOLUTIONS INC',NULL,'BBG000BP8Z50',NULL,'81581011',NULL,NULL,NULL,40,NULL,NULL,NULL,NULL,NULL,NULL,NULL,NULL,NULL,NULL,NULL,NULL,NULL,NULL,NULL),
  (415,'StockImpl','MTB','M & T BANK CORP',NULL,'BBG000D9KWL9',NULL,'2585323',NULL,NULL,NULL,40,NULL,NULL,NULL,NULL,NULL,NULL,NULL,NULL,NULL,NULL,NULL,NULL,NULL,NULL,NULL),
  (416,'StockImpl','MU','MICRON TECHNOLOGY INC',NULL,'BBG000C5Z1S3',NULL,'9939',NULL,NULL,NULL,40,NULL,NULL,NULL,NULL,NULL,NULL,NULL,NULL,NULL,NULL,NULL,NULL,NULL,NULL,NULL),
  (417,'StockImpl','MUR','MURPHY OIL CORP',NULL,'BBG000BPMH90',NULL,'9952',NULL,NULL,NULL,40,NULL,NULL,NULL,NULL,NULL,NULL,NULL,NULL,NULL,NULL,NULL,NULL,NULL,NULL,NULL),
  (418,'StockImpl','MYL','MYLAN NV',NULL,'BBG000BPQD31',NULL,'185731883',NULL,NULL,NULL,40,NULL,NULL,NULL,NULL,NULL,NULL,NULL,NULL,NULL,NULL,NULL,NULL,NULL,NULL,NULL),
  (419,'StockImpl','NAVI','NAVIENT CORP',NULL,'BBG004MN1R41',NULL,'148782986',NULL,NULL,NULL,40,NULL,NULL,NULL,NULL,NULL,NULL,NULL,NULL,NULL,NULL,NULL,NULL,NULL,NULL,NULL),
  (420,'StockImpl','NBL','NOBLE ENERGY INC',NULL,'BBG000BPT0C6',NULL,'10109',NULL,NULL,NULL,40,NULL,NULL,NULL,NULL,NULL,NULL,NULL,NULL,NULL,NULL,NULL,NULL,NULL,NULL,NULL),
  (421,'StockImpl','NDAQ','NASDAQ OMX GROUP/THE',NULL,'BBG000F5VVB6',NULL,'29380756',NULL,NULL,NULL,40,NULL,NULL,NULL,NULL,NULL,NULL,NULL,NULL,NULL,NULL,NULL,NULL,NULL,NULL,NULL),
  (422,'StockImpl','NEE','NEXTERA ENERGY INC',NULL,'BBG000BJSBJ0',NULL,'75960201',NULL,NULL,NULL,40,NULL,NULL,NULL,NULL,NULL,NULL,NULL,NULL,NULL,NULL,NULL,NULL,NULL,NULL,NULL),
  (423,'StockImpl','NEM','NEWMONT MINING CORP',NULL,'BBG000BPWXK1',NULL,'10174',NULL,NULL,NULL,40,NULL,NULL,NULL,NULL,NULL,NULL,NULL,NULL,NULL,NULL,NULL,NULL,NULL,NULL,NULL),
  (424,'StockImpl','NFLX','NETFLIX INC',NULL,'BBG000CL9VN6',NULL,'15124833',NULL,NULL,NULL,40,NULL,NULL,NULL,NULL,NULL,NULL,NULL,NULL,NULL,NULL,NULL,NULL,NULL,NULL,NULL),
  (425,'StockImpl','NFX','NEWFIELD EXPLORATION CO',NULL,'BBG000BK6G19',NULL,'10209',NULL,NULL,NULL,40,NULL,NULL,NULL,NULL,NULL,NULL,NULL,NULL,NULL,NULL,NULL,NULL,NULL,NULL,NULL),
  (426,'StockImpl','NI','NISOURCE INC',NULL,'BBG000BPZBB6',NULL,'10260',NULL,NULL,NULL,40,NULL,NULL,NULL,NULL,NULL,NULL,NULL,NULL,NULL,NULL,NULL,NULL,NULL,NULL,NULL),
  (427,'StockImpl','NKE','NIKE INC -CL B',NULL,'BBG000C5HS04',NULL,'10291',NULL,NULL,NULL,40,NULL,NULL,NULL,NULL,NULL,NULL,NULL,NULL,NULL,NULL,NULL,NULL,NULL,NULL,NULL),
  (428,'StockImpl','NLSN','NIELSEN NV',NULL,'BBG0088CYPX8',NULL,'83434923',NULL,NULL,NULL,40,NULL,NULL,NULL,NULL,NULL,NULL,NULL,NULL,NULL,NULL,NULL,NULL,NULL,NULL,NULL),
  (429,'StockImpl','NOC','NORTHROP GRUMMAN CORP',NULL,'BBG000BQ2C28',NULL,'10376',NULL,NULL,NULL,40,NULL,NULL,NULL,NULL,NULL,NULL,NULL,NULL,NULL,NULL,NULL,NULL,NULL,NULL,NULL),
  (430,'StockImpl','NOV','NATIONAL OILWELL VARCO INC',NULL,'BBG000BJX8C8',NULL,'2585583',NULL,NULL,NULL,40,NULL,NULL,NULL,NULL,NULL,NULL,NULL,NULL,NULL,NULL,NULL,NULL,NULL,NULL,NULL),
  (431,'StockImpl','NRG','NRG ENERGY INC',NULL,'BBG000D8RG11',NULL,'10188791',NULL,NULL,NULL,40,NULL,NULL,NULL,NULL,NULL,NULL,NULL,NULL,NULL,NULL,NULL,NULL,NULL,NULL,NULL),
  (432,'StockImpl','NSC','NORFOLK SOUTHERN CORP',NULL,'BBG000BQ5DS5',NULL,'10497',NULL,NULL,NULL,40,NULL,NULL,NULL,NULL,NULL,NULL,NULL,NULL,NULL,NULL,NULL,NULL,NULL,NULL,NULL),
  (433,'StockImpl','NTAP','NETAPP INC',NULL,'BBG000FP1N32',NULL,'49921110',NULL,NULL,NULL,40,NULL,NULL,NULL,NULL,NULL,NULL,NULL,NULL,NULL,NULL,NULL,NULL,NULL,NULL,NULL),
  (434,'StockImpl','NTRS','NORTHERN TRUST CORP',NULL,'BBG000BQ74K1',NULL,'272565',NULL,NULL,NULL,40,NULL,NULL,NULL,NULL,NULL,NULL,NULL,NULL,NULL,NULL,NULL,NULL,NULL,NULL,NULL),
  (435,'StockImpl','NUE','NUCOR CORP',NULL,'BBG000BQ8KV2',NULL,'10557',NULL,NULL,NULL,40,NULL,NULL,NULL,NULL,NULL,NULL,NULL,NULL,NULL,NULL,NULL,NULL,NULL,NULL,NULL),
  (436,'StockImpl','NVDA','NVIDIA CORP',NULL,'BBG000BBJQV0',NULL,'4815747',NULL,NULL,NULL,40,NULL,NULL,NULL,NULL,NULL,NULL,NULL,NULL,NULL,NULL,NULL,NULL,NULL,NULL,NULL),
  (437,'StockImpl','NWL','NEWELL RUBBERMAID INC',NULL,'BBG000BQC9V2',NULL,'10627',NULL,NULL,NULL,40,NULL,NULL,NULL,NULL,NULL,NULL,NULL,NULL,NULL,NULL,NULL,NULL,NULL,NULL,NULL),
  (438,'StockImpl','NWS','News Corp. Class B',NULL,'BBG0035M2ZB7',NULL,'129348130',NULL,NULL,NULL,40,NULL,NULL,NULL,NULL,NULL,NULL,NULL,NULL,NULL,NULL,NULL,NULL,NULL,NULL,NULL),
  (439,'StockImpl','NWSA','NEWS CORP - CLASS A',NULL,'BBG0035LY913',NULL,'129348126',NULL,NULL,NULL,40,NULL,NULL,NULL,NULL,NULL,NULL,NULL,NULL,NULL,NULL,NULL,NULL,NULL,NULL,NULL),
  (440,'StockImpl','O','REALTY INCOME CORP',NULL,'BBG000DHPN63',NULL,'10672',NULL,NULL,NULL,40,NULL,NULL,NULL,NULL,NULL,NULL,NULL,NULL,NULL,NULL,NULL,NULL,NULL,NULL,NULL),
  (441,'StockImpl','OI','OWENS-ILLINOIS INC',NULL,'BBG000CNWNL6',NULL,'10760',NULL,NULL,NULL,40,NULL,NULL,NULL,NULL,NULL,NULL,NULL,NULL,NULL,NULL,NULL,NULL,NULL,NULL,NULL),
  (442,'StockImpl','OKE','ONEOK INC',NULL,'BBG000BQHGR6',NULL,'10794',NULL,NULL,NULL,40,NULL,NULL,NULL,NULL,NULL,NULL,NULL,NULL,NULL,NULL,NULL,NULL,NULL,NULL,NULL),
  (443,'StockImpl','OMC','OMNICOM GROUP',NULL,'BBG000BS9489',NULL,'10811',NULL,NULL,NULL,40,NULL,NULL,NULL,NULL,NULL,NULL,NULL,NULL,NULL,NULL,NULL,NULL,NULL,NULL,NULL),
  (444,'StockImpl','ORCL','ORACLE CORP',NULL,'BBG000BQLTW7',NULL,'272800',NULL,NULL,NULL,40,NULL,NULL,NULL,NULL,NULL,NULL,NULL,NULL,NULL,NULL,NULL,NULL,NULL,NULL,NULL),
  (445,'StockImpl','ORLY','O\'REILLY AUTOMOTIVE INC',NULL,'BBG000BGYWY6',NULL,'82457808',NULL,NULL,NULL,40,NULL,NULL,NULL,NULL,NULL,NULL,NULL,NULL,NULL,NULL,NULL,NULL,NULL,NULL,NULL),
  (446,'StockImpl','OXY','OCCIDENTAL PETROLEUM CORP',NULL,'BBG000BQQ2S6',NULL,'10880',NULL,NULL,NULL,40,NULL,NULL,NULL,NULL,NULL,NULL,NULL,NULL,NULL,NULL,NULL,NULL,NULL,NULL,NULL),
  (447,'StockImpl','PAYX','PAYCHEX INC',NULL,'BBG000BQSQ38',NULL,'272942',NULL,NULL,NULL,40,NULL,NULL,NULL,NULL,NULL,NULL,NULL,NULL,NULL,NULL,NULL,NULL,NULL,NULL,NULL),
  (448,'StockImpl','PBCT','PEOPLE\'S UNITED FINANCIAL',NULL,'BBG000BQT4L6',NULL,'43670008',NULL,NULL,NULL,40,NULL,NULL,NULL,NULL,NULL,NULL,NULL,NULL,NULL,NULL,NULL,NULL,NULL,NULL,NULL),
  (449,'StockImpl','PBI','PITNEY BOWES INC',NULL,'BBG000BQTMJ9',NULL,'10920',NULL,NULL,NULL,40,NULL,NULL,NULL,NULL,NULL,NULL,NULL,NULL,NULL,NULL,NULL,NULL,NULL,NULL,NULL),
  (450,'StockImpl','PCAR','PACCAR INC',NULL,'BBG000BQVTF5',NULL,'272992',NULL,NULL,NULL,40,NULL,NULL,NULL,NULL,NULL,NULL,NULL,NULL,NULL,NULL,NULL,NULL,NULL,NULL,NULL),
  (451,'StockImpl','PCG','P G & E CORP',NULL,'BBG000BQWPC5',NULL,'2586035',NULL,NULL,NULL,40,NULL,NULL,NULL,NULL,NULL,NULL,NULL,NULL,NULL,NULL,NULL,NULL,NULL,NULL,NULL),
  (452,'StockImpl','PCLN','PRICELINE GROUP INC/THE',NULL,'BBG000BLBVN4',NULL,'4651842',NULL,NULL,NULL,40,NULL,NULL,NULL,NULL,NULL,NULL,NULL,NULL,NULL,NULL,NULL,NULL,NULL,NULL,NULL),
  (453,'StockImpl','PDCO','PATTERSON COS INC',NULL,'BBG000BQY289',NULL,'273035',NULL,NULL,NULL,40,NULL,NULL,NULL,NULL,NULL,NULL,NULL,NULL,NULL,NULL,NULL,NULL,NULL,NULL,NULL),
  (454,'StockImpl','PEG','PUBLIC SERVICE ENTERPRISE GP',NULL,'BBG000BQZMH4',NULL,'11005',NULL,NULL,NULL,40,NULL,NULL,NULL,NULL,NULL,NULL,NULL,NULL,NULL,NULL,NULL,NULL,NULL,NULL,NULL),
  (455,'StockImpl','PEP','PEPSICO INC',NULL,'BBG000DH7JK6',NULL,'11017',NULL,NULL,NULL,40,NULL,NULL,NULL,NULL,NULL,NULL,NULL,NULL,NULL,NULL,NULL,NULL,NULL,NULL,NULL),
  (456,'StockImpl','PFE','PFIZER INC',NULL,'BBG000BR2B91',NULL,'11031',NULL,NULL,NULL,40,NULL,NULL,NULL,NULL,NULL,NULL,NULL,NULL,NULL,NULL,NULL,NULL,NULL,NULL,NULL),
  (457,'StockImpl','PFG','PRINCIPAL FINANCIAL GROUP',NULL,'BBG000NSCNT7',NULL,'11032',NULL,NULL,NULL,40,NULL,NULL,NULL,NULL,NULL,NULL,NULL,NULL,NULL,NULL,NULL,NULL,NULL,NULL,NULL),
  (458,'StockImpl','PG','PROCTER & GAMBLE CO/THE',NULL,'BBG000BR2TH3',NULL,'11054',NULL,NULL,NULL,40,NULL,NULL,NULL,NULL,NULL,NULL,NULL,NULL,NULL,NULL,NULL,NULL,NULL,NULL,NULL),
  (459,'StockImpl','PGR','PROGRESSIVE CORP',NULL,'BBG000BR37X2',NULL,'11080',NULL,NULL,NULL,40,NULL,NULL,NULL,NULL,NULL,NULL,NULL,NULL,NULL,NULL,NULL,NULL,NULL,NULL,NULL),
  (460,'StockImpl','PH','PARKER HANNIFIN CORP',NULL,'BBG000BR3KL6',NULL,'11094',NULL,NULL,NULL,40,NULL,NULL,NULL,NULL,NULL,NULL,NULL,NULL,NULL,NULL,NULL,NULL,NULL,NULL,NULL),
  (461,'StockImpl','PHM','PULTE GROUP INC',NULL,'BBG000BR54L0',NULL,'11109',NULL,NULL,NULL,40,NULL,NULL,NULL,NULL,NULL,NULL,NULL,NULL,NULL,NULL,NULL,NULL,NULL,NULL,NULL),
  (462,'StockImpl','PKI','PERKINELMER INC',NULL,'BBG000FXW512',NULL,'6737',NULL,NULL,NULL,40,NULL,NULL,NULL,NULL,NULL,NULL,NULL,NULL,NULL,NULL,NULL,NULL,NULL,NULL,NULL),
  (463,'StockImpl','PLD','PROLOGIS INC',NULL,'BBG000B9Z0J8',NULL,'88819288',NULL,NULL,NULL,40,NULL,NULL,NULL,NULL,NULL,NULL,NULL,NULL,NULL,NULL,NULL,NULL,NULL,NULL,NULL),
  (464,'StockImpl','PM','PHILIP MORRIS INTERNATIONAL',NULL,'BBG000J2XL74',NULL,'49588376',NULL,NULL,NULL,40,NULL,NULL,NULL,NULL,NULL,NULL,NULL,NULL,NULL,NULL,NULL,NULL,NULL,NULL,NULL),
  (465,'StockImpl','PNC','PNC FINANCIAL SERVICES GROUP',NULL,'BBG000BRD0D8',NULL,'11240',NULL,NULL,NULL,40,NULL,NULL,NULL,NULL,NULL,NULL,NULL,NULL,NULL,NULL,NULL,NULL,NULL,NULL,NULL),
  (466,'StockImpl','PNR','PENTAIR PLC',NULL,'BBG000C221G9',NULL,'153068487',NULL,NULL,NULL,40,NULL,NULL,NULL,NULL,NULL,NULL,NULL,NULL,NULL,NULL,NULL,NULL,NULL,NULL,NULL),
  (467,'StockImpl','PNW','PINNACLE WEST CAPITAL',NULL,'BBG000BRDSX5',NULL,'11257',NULL,NULL,NULL,40,NULL,NULL,NULL,NULL,NULL,NULL,NULL,NULL,NULL,NULL,NULL,NULL,NULL,NULL,NULL),
  (468,'StockImpl','POM','PEPCO HOLDINGS INC',NULL,'BBG000DQX1D4',NULL,'11265',NULL,NULL,NULL,40,NULL,NULL,NULL,NULL,NULL,NULL,NULL,NULL,NULL,NULL,NULL,NULL,NULL,NULL,NULL),
  (469,'StockImpl','PPG','PPG INDUSTRIES INC',NULL,'BBG000BRJ809',NULL,'11295',NULL,NULL,NULL,40,NULL,NULL,NULL,NULL,NULL,NULL,NULL,NULL,NULL,NULL,NULL,NULL,NULL,NULL,NULL),
  (470,'StockImpl','PPL','PPL CORPORATION',NULL,'BBG000BRJL00',NULL,'661547',NULL,NULL,NULL,40,NULL,NULL,NULL,NULL,NULL,NULL,NULL,NULL,NULL,NULL,NULL,NULL,NULL,NULL,NULL),
  (471,'StockImpl','PRGO','PERRIGO CO PLC',NULL,'BBG000CNFQW6',NULL,'140067524',NULL,NULL,NULL,40,NULL,NULL,NULL,NULL,NULL,NULL,NULL,NULL,NULL,NULL,NULL,NULL,NULL,NULL,NULL),
  (472,'StockImpl','PRU','PRUDENTIAL FINANCIAL INC',NULL,'BBG000HCJMF9',NULL,'13865082',NULL,NULL,NULL,40,NULL,NULL,NULL,NULL,NULL,NULL,NULL,NULL,NULL,NULL,NULL,NULL,NULL,NULL,NULL),
  (473,'StockImpl','PSA','PUBLIC STORAGE',NULL,'BBG000BPPN67',NULL,'12002',NULL,NULL,NULL,40,NULL,NULL,NULL,NULL,NULL,NULL,NULL,NULL,NULL,NULL,NULL,NULL,NULL,NULL,NULL),
  (474,'StockImpl','PSX','PHILLIPS 66',NULL,'BBG00286S4N9',NULL,'105669270',NULL,NULL,NULL,40,NULL,NULL,NULL,NULL,NULL,NULL,NULL,NULL,NULL,NULL,NULL,NULL,NULL,NULL,NULL),
  (475,'StockImpl','PVH','PVH CORP',NULL,'BBG000BRRG02',NULL,'90794895',NULL,NULL,NULL,40,NULL,NULL,NULL,NULL,NULL,NULL,NULL,NULL,NULL,NULL,NULL,NULL,NULL,NULL,NULL),
  (476,'StockImpl','PWR','QUANTA SERVICES INC',NULL,'BBG000BBL8V7',NULL,'6608432',NULL,NULL,NULL,40,NULL,NULL,NULL,NULL,NULL,NULL,NULL,NULL,NULL,NULL,NULL,NULL,NULL,NULL,NULL),
  (477,'StockImpl','PX','PRAXAIR INC',NULL,'BBG000CGQ6M4',NULL,'11450',NULL,NULL,NULL,40,NULL,NULL,NULL,NULL,NULL,NULL,NULL,NULL,NULL,NULL,NULL,NULL,NULL,NULL,NULL),
  (478,'StockImpl','PXD','PIONEER NATURAL RESOURCES CO',NULL,'BBG000BXRPH1',NULL,'3142097',NULL,NULL,NULL,40,NULL,NULL,NULL,NULL,NULL,NULL,NULL,NULL,NULL,NULL,NULL,NULL,NULL,NULL,NULL),
  (479,'StockImpl','PYPL','PayPal',NULL,'BBG0077VNXV6',NULL,'199169591',NULL,NULL,NULL,40,NULL,NULL,NULL,NULL,NULL,NULL,NULL,NULL,NULL,NULL,NULL,NULL,NULL,NULL,NULL),
  (480,'StockImpl','QCOM','QUALCOMM INC',NULL,'BBG000CGC1X8',NULL,'273544',NULL,NULL,NULL,40,NULL,NULL,NULL,NULL,NULL,NULL,NULL,NULL,NULL,NULL,NULL,NULL,NULL,NULL,NULL),
  (481,'StockImpl','QRVO','QORVO INC',NULL,'BBG007TJF1N7',NULL,'179002152',NULL,NULL,NULL,40,NULL,NULL,NULL,NULL,NULL,NULL,NULL,NULL,NULL,NULL,NULL,NULL,NULL,NULL,NULL),
  (482,'StockImpl','R','RYDER SYSTEM INC',NULL,'BBG000BRVP70',NULL,'11478',NULL,NULL,NULL,40,NULL,NULL,NULL,NULL,NULL,NULL,NULL,NULL,NULL,NULL,NULL,NULL,NULL,NULL,NULL),
  (483,'StockImpl','RAI','REYNOLDS AMERICAN INC',NULL,'BBG000BBB3K1',NULL,'4740381',NULL,NULL,NULL,40,NULL,NULL,NULL,NULL,NULL,NULL,NULL,NULL,NULL,NULL,NULL,NULL,NULL,NULL,NULL),
  (484,'StockImpl','RCL','ROYAL CARIBBEAN CRUISES LTD',NULL,'BBG000BB5792',NULL,'11520',NULL,NULL,NULL,40,NULL,NULL,NULL,NULL,NULL,NULL,NULL,NULL,NULL,NULL,NULL,NULL,NULL,NULL,NULL),
  (485,'StockImpl','REGN','REGENERON PHARMACEUTICALS',NULL,'BBG000C734W3',NULL,'273733',NULL,NULL,NULL,40,NULL,NULL,NULL,NULL,NULL,NULL,NULL,NULL,NULL,NULL,NULL,NULL,NULL,NULL,NULL),
  (486,'StockImpl','RF','REGIONS FINANCIAL CORP',NULL,'BBG000Q3JN03',NULL,'273815',NULL,NULL,NULL,40,NULL,NULL,NULL,NULL,NULL,NULL,NULL,NULL,NULL,NULL,NULL,NULL,NULL,NULL,NULL),
  (487,'StockImpl','RHI','ROBERT HALF INTL INC',NULL,'BBG000BS5DR2',NULL,'11634',NULL,NULL,NULL,40,NULL,NULL,NULL,NULL,NULL,NULL,NULL,NULL,NULL,NULL,NULL,NULL,NULL,NULL,NULL),
  (488,'StockImpl','RHT','RED HAT INC',NULL,'BBG000BWXL85',NULL,'5090107',NULL,NULL,NULL,40,NULL,NULL,NULL,NULL,NULL,NULL,NULL,NULL,NULL,NULL,NULL,NULL,NULL,NULL,NULL),
  (489,'StockImpl','RIG','TRANSOCEAN LTD',NULL,'BBG000BH5LT6',NULL,'56505491',NULL,NULL,NULL,40,NULL,NULL,NULL,NULL,NULL,NULL,NULL,NULL,NULL,NULL,NULL,NULL,NULL,NULL,NULL),
  (490,'StockImpl','RL','RALPH LAUREN CORP',NULL,'BBG000BS0ZF1',NULL,'92306678',NULL,NULL,NULL,40,NULL,NULL,NULL,NULL,NULL,NULL,NULL,NULL,NULL,NULL,NULL,NULL,NULL,NULL,NULL),
  (491,'StockImpl','ROK','ROCKWELL AUTOMATION INC',NULL,'BBG000BBCDZ2',NULL,'11697',NULL,NULL,NULL,40,NULL,NULL,NULL,NULL,NULL,NULL,NULL,NULL,NULL,NULL,NULL,NULL,NULL,NULL,NULL),
  (492,'StockImpl','ROP','ROPER TECHNOLOGIES INC',NULL,'BBG000F1ZSN5',NULL,'2585629',NULL,NULL,NULL,40,NULL,NULL,NULL,NULL,NULL,NULL,NULL,NULL,NULL,NULL,NULL,NULL,NULL,NULL,NULL),
  (493,'StockImpl','ROST','ROSS STORES INC',NULL,'BBG000BSBZH7',NULL,'273939',NULL,NULL,NULL,40,NULL,NULL,NULL,NULL,NULL,NULL,NULL,NULL,NULL,NULL,NULL,NULL,NULL,NULL,NULL),
  (494,'StockImpl','RRC','RANGE RESOURCES CORP',NULL,'BBG000FVXD63',NULL,'6608450',NULL,NULL,NULL,40,NULL,NULL,NULL,NULL,NULL,NULL,NULL,NULL,NULL,NULL,NULL,NULL,NULL,NULL,NULL),
  (495,'StockImpl','RSG','REPUBLIC SERVICES INC',NULL,'BBG000BPXVJ6',NULL,'6478024',NULL,NULL,NULL,40,NULL,NULL,NULL,NULL,NULL,NULL,NULL,NULL,NULL,NULL,NULL,NULL,NULL,NULL,NULL),
  (496,'StockImpl','RTN','RAYTHEON COMPANY',NULL,'BBG000BSD7C2',NULL,'11758',NULL,NULL,NULL,40,NULL,NULL,NULL,NULL,NULL,NULL,NULL,NULL,NULL,NULL,NULL,NULL,NULL,NULL,NULL),
  (497,'StockImpl','SBUX','STARBUCKS CORP',NULL,'BBG000CTQBF3',NULL,'274105',NULL,NULL,NULL,40,NULL,NULL,NULL,NULL,NULL,NULL,NULL,NULL,NULL,NULL,NULL,NULL,NULL,NULL,NULL),
  (498,'StockImpl','SCG','SCANA CORP',NULL,'BBG000BSLLB3',NULL,'11902',NULL,NULL,NULL,40,NULL,NULL,NULL,NULL,NULL,NULL,NULL,NULL,NULL,NULL,NULL,NULL,NULL,NULL,NULL),
  (499,'StockImpl','SCHW','SCHWAB (CHARLES) CORP',NULL,'BBG000BSLZY7',NULL,'11905',NULL,NULL,NULL,40,NULL,NULL,NULL,NULL,NULL,NULL,NULL,NULL,NULL,NULL,NULL,NULL,NULL,NULL,NULL),
  (500,'StockImpl','SE','SPECTRA ENERGY CORP',NULL,'BBG000DNTSP4',NULL,'41993017',NULL,NULL,NULL,40,NULL,NULL,NULL,NULL,NULL,NULL,NULL,NULL,NULL,NULL,NULL,NULL,NULL,NULL,NULL),
  (501,'StockImpl','SEE','SEALED AIR CORP',NULL,'BBG000C22QV7',NULL,'4082282',NULL,NULL,NULL,40,NULL,NULL,NULL,NULL,NULL,NULL,NULL,NULL,NULL,NULL,NULL,NULL,NULL,NULL,NULL),
  (502,'StockImpl','SHW','SHERWIN-WILLIAMS CO/THE',NULL,'BBG000BSXQV7',NULL,'12120',NULL,NULL,NULL,40,NULL,NULL,NULL,NULL,NULL,NULL,NULL,NULL,NULL,NULL,NULL,NULL,NULL,NULL,NULL),
  (503,'StockImpl','SIG','Signet Jewelers',NULL,'BBG000C4ZZ10',NULL,'53747825',NULL,NULL,NULL,40,NULL,NULL,NULL,NULL,NULL,NULL,NULL,NULL,NULL,NULL,NULL,NULL,NULL,NULL,NULL),
  (504,'StockImpl','SJM','JM SMUCKER CO/THE',NULL,'BBG000BT1715',NULL,'15130038',NULL,NULL,NULL,40,NULL,NULL,NULL,NULL,NULL,NULL,NULL,NULL,NULL,NULL,NULL,NULL,NULL,NULL,NULL),
  (505,'StockImpl','SLB','SCHLUMBERGER LTD',NULL,'BBG000BT41Q8',NULL,'12200',NULL,NULL,NULL,40,NULL,NULL,NULL,NULL,NULL,NULL,NULL,NULL,NULL,NULL,NULL,NULL,NULL,NULL,NULL),
  (506,'StockImpl','SLG','SL GREEN REALTY CORP',NULL,'BBG000BVP5P2',NULL,'6608473',NULL,NULL,NULL,40,NULL,NULL,NULL,NULL,NULL,NULL,NULL,NULL,NULL,NULL,NULL,NULL,NULL,NULL,NULL),
  (507,'StockImpl','SNA','SNAP-ON INC',NULL,'BBG000BT7JW9',NULL,'12259',NULL,NULL,NULL,40,NULL,NULL,NULL,NULL,NULL,NULL,NULL,NULL,NULL,NULL,NULL,NULL,NULL,NULL,NULL),
  (508,'StockImpl','SNDK','SANDISK CORP',NULL,'BBG000FG3C43',NULL,'2025886',NULL,NULL,NULL,40,NULL,NULL,NULL,NULL,NULL,NULL,NULL,NULL,NULL,NULL,NULL,NULL,NULL,NULL,NULL),
  (509,'StockImpl','SNI','SCRIPPS NETWORKS INTER-CL A',NULL,'BBG000RQW961',NULL,'51782225',NULL,NULL,NULL,40,NULL,NULL,NULL,NULL,NULL,NULL,NULL,NULL,NULL,NULL,NULL,NULL,NULL,NULL,NULL),
  (510,'StockImpl','SO','SOUTHERN CO/THE',NULL,'BBG000BT9DW0',NULL,'12300',NULL,NULL,NULL,40,NULL,NULL,NULL,NULL,NULL,NULL,NULL,NULL,NULL,NULL,NULL,NULL,NULL,NULL,NULL),
  (511,'StockImpl','SPG','SIMON PROPERTY GROUP INC',NULL,'BBG000BJ2D31',NULL,'2009113',NULL,NULL,NULL,40,NULL,NULL,NULL,NULL,NULL,NULL,NULL,NULL,NULL,NULL,NULL,NULL,NULL,NULL,NULL),
  (512,'StockImpl','SPLS','STAPLES INC',NULL,'BBG000BCBCM7',NULL,'274599',NULL,NULL,NULL,40,NULL,NULL,NULL,NULL,NULL,NULL,NULL,NULL,NULL,NULL,NULL,NULL,NULL,NULL,NULL),
  (513,'StockImpl','SRCL','STERICYCLE INC',NULL,'BBG000H3FZM6',NULL,'6478100',NULL,NULL,NULL,40,NULL,NULL,NULL,NULL,NULL,NULL,NULL,NULL,NULL,NULL,NULL,NULL,NULL,NULL,NULL),
  (514,'StockImpl','SRE','SEMPRA ENERGY',NULL,'BBG000C2ZCH8',NULL,'11020',NULL,NULL,NULL,40,NULL,NULL,NULL,NULL,NULL,NULL,NULL,NULL,NULL,NULL,NULL,NULL,NULL,NULL,NULL),
  (515,'StockImpl','STI','SUNTRUST BANKS INC',NULL,'BBG000BTKGG8',NULL,'12451',NULL,NULL,NULL,40,NULL,NULL,NULL,NULL,NULL,NULL,NULL,NULL,NULL,NULL,NULL,NULL,NULL,NULL,NULL),
  (516,'StockImpl','STJ','ST JUDE MEDICAL INC',NULL,'BBG000F15NW9',NULL,'2467215',NULL,NULL,NULL,40,NULL,NULL,NULL,NULL,NULL,NULL,NULL,NULL,NULL,NULL,NULL,NULL,NULL,NULL,NULL),
  (517,'StockImpl','STT','STATE STREET CORP',NULL,'BBG000BKFBD7',NULL,'2730980',NULL,NULL,NULL,40,NULL,NULL,NULL,NULL,NULL,NULL,NULL,NULL,NULL,NULL,NULL,NULL,NULL,NULL,NULL),
  (518,'StockImpl','STX','SEAGATE TECHNOLOGY',NULL,'BBG000F0KF42',NULL,'76915240',NULL,NULL,NULL,40,NULL,NULL,NULL,NULL,NULL,NULL,NULL,NULL,NULL,NULL,NULL,NULL,NULL,NULL,NULL),
  (519,'StockImpl','STZ','CONSTELLATION BRANDS INC-A',NULL,'BBG000J1QLT0',NULL,'276066',NULL,NULL,NULL,40,NULL,NULL,NULL,NULL,NULL,NULL,NULL,NULL,NULL,NULL,NULL,NULL,NULL,NULL,NULL),
  (520,'StockImpl','SWK','STANLEY BLACK & DECKER INC',NULL,'BBG000BTQR96',NULL,'73354293',NULL,NULL,NULL,40,NULL,NULL,NULL,NULL,NULL,NULL,NULL,NULL,NULL,NULL,NULL,NULL,NULL,NULL,NULL),
  (521,'StockImpl','SWKS','SKYWORKS SOLUTIONS INC',NULL,'BBG000KLB4Q1',NULL,'4726021',NULL,NULL,NULL,40,NULL,NULL,NULL,NULL,NULL,NULL,NULL,NULL,NULL,NULL,NULL,NULL,NULL,NULL,NULL),
  (522,'StockImpl','SWN','SOUTHWESTERN ENERGY CO',NULL,'BBG000BTR593',NULL,'12531',NULL,NULL,NULL,40,NULL,NULL,NULL,NULL,NULL,NULL,NULL,NULL,NULL,NULL,NULL,NULL,NULL,NULL,NULL),
  (523,'StockImpl','SYF','Synchrony Financial',NULL,'BBG00658F3P3',NULL,'162231797',NULL,NULL,NULL,40,NULL,NULL,NULL,NULL,NULL,NULL,NULL,NULL,NULL,NULL,NULL,NULL,NULL,NULL,NULL),
  (524,'StockImpl','SYK','STRYKER CORP',NULL,'BBG000DN7P92',NULL,'4430948',NULL,NULL,NULL,40,NULL,NULL,NULL,NULL,NULL,NULL,NULL,NULL,NULL,NULL,NULL,NULL,NULL,NULL,NULL),
  (525,'StockImpl','SYMC','SYMANTEC CORP',NULL,'BBG000BH2JM1',NULL,'274925',NULL,NULL,NULL,40,NULL,NULL,NULL,NULL,NULL,NULL,NULL,NULL,NULL,NULL,NULL,NULL,NULL,NULL,NULL),
  (526,'StockImpl','SYY','SYSCO CORP',NULL,'BBG000BTVJ25',NULL,'12581',NULL,NULL,NULL,40,NULL,NULL,NULL,NULL,NULL,NULL,NULL,NULL,NULL,NULL,NULL,NULL,NULL,NULL,NULL),
  (527,'StockImpl','T','AT&T INC',NULL,'BBG000BSJK37',NULL,'37018770',NULL,NULL,NULL,40,NULL,NULL,NULL,NULL,NULL,NULL,NULL,NULL,NULL,NULL,NULL,NULL,NULL,NULL,NULL),
  (528,'StockImpl','TAP','MOLSON COORS BREWING CO -B',NULL,'BBG000BS7KS3',NULL,'33191300',NULL,NULL,NULL,40,NULL,NULL,NULL,NULL,NULL,NULL,NULL,NULL,NULL,NULL,NULL,NULL,NULL,NULL,NULL),
  (529,'StockImpl','TDC','TERADATA CORP',NULL,'BBG000R0L5J4',NULL,'46128760',NULL,NULL,NULL,40,NULL,NULL,NULL,NULL,NULL,NULL,NULL,NULL,NULL,NULL,NULL,NULL,NULL,NULL,NULL),
  (530,'StockImpl','TE','TECO ENERGY INC',NULL,'BBG000BV1Y93',NULL,'12687',NULL,NULL,NULL,40,NULL,NULL,NULL,NULL,NULL,NULL,NULL,NULL,NULL,NULL,NULL,NULL,NULL,NULL,NULL),
  (531,'StockImpl','TEL','TE CONNECTIVITY LTD',NULL,'BBG000RGM5P1',NULL,'85548741',NULL,NULL,NULL,40,NULL,NULL,NULL,NULL,NULL,NULL,NULL,NULL,NULL,NULL,NULL,NULL,NULL,NULL,NULL),
  (532,'StockImpl','TGNA','TEGNA INC',NULL,'BBG000BK5DP1',NULL,'196887976',NULL,NULL,NULL,40,NULL,NULL,NULL,NULL,NULL,NULL,NULL,NULL,NULL,NULL,NULL,NULL,NULL,NULL,NULL),
  (533,'StockImpl','TGT','TARGET CORP',NULL,'BBG000H8TVT2',NULL,'6437',NULL,NULL,NULL,40,NULL,NULL,NULL,NULL,NULL,NULL,NULL,NULL,NULL,NULL,NULL,NULL,NULL,NULL,NULL),
  (534,'StockImpl','THC','TENET HEALTHCARE CORP',NULL,'BBG000CPHYL4',NULL,'114929760',NULL,NULL,NULL,40,NULL,NULL,NULL,NULL,NULL,NULL,NULL,NULL,NULL,NULL,NULL,NULL,NULL,NULL,NULL),
  (535,'StockImpl','TIF','TIFFANY & CO',NULL,'BBG000BV75B7',NULL,'12791',NULL,NULL,NULL,40,NULL,NULL,NULL,NULL,NULL,NULL,NULL,NULL,NULL,NULL,NULL,NULL,NULL,NULL,NULL),
  (536,'StockImpl','TJX','TJX COMPANIES INC',NULL,'BBG000BV8DN6',NULL,'12814',NULL,NULL,NULL,40,NULL,NULL,NULL,NULL,NULL,NULL,NULL,NULL,NULL,NULL,NULL,NULL,NULL,NULL,NULL),
  (537,'StockImpl','TMK','TORCHMARK CORP',NULL,'BBG000BVD6X4',NULL,'12856',NULL,NULL,NULL,40,NULL,NULL,NULL,NULL,NULL,NULL,NULL,NULL,NULL,NULL,NULL,NULL,NULL,NULL,NULL),
  (538,'StockImpl','TMO','THERMO FISHER SCIENTIFIC INC',NULL,'BBG000BVDLH9',NULL,'12869',NULL,NULL,NULL,40,NULL,NULL,NULL,NULL,NULL,NULL,NULL,NULL,NULL,NULL,NULL,NULL,NULL,NULL,NULL),
  (539,'StockImpl','TRIP','TRIPADVISOR INC',NULL,'BBG001M8HHB7',NULL,'98542026',NULL,NULL,NULL,40,NULL,NULL,NULL,NULL,NULL,NULL,NULL,NULL,NULL,NULL,NULL,NULL,NULL,NULL,NULL),
  (540,'StockImpl','TROW','T ROWE PRICE GROUP INC',NULL,'BBG000BVMPN3',NULL,'275321',NULL,NULL,NULL,40,NULL,NULL,NULL,NULL,NULL,NULL,NULL,NULL,NULL,NULL,NULL,NULL,NULL,NULL,NULL),
  (541,'StockImpl','TRV','TRAVELERS COS INC/THE',NULL,'BBG000BJ81C1',NULL,'43150617',NULL,NULL,NULL,40,NULL,NULL,NULL,NULL,NULL,NULL,NULL,NULL,NULL,NULL,NULL,NULL,NULL,NULL,NULL),
  (542,'StockImpl','TSCO','TRACTOR SUPPLY COMPANY',NULL,'BBG000BLXZN1',NULL,'6858322',NULL,NULL,NULL,40,NULL,NULL,NULL,NULL,NULL,NULL,NULL,NULL,NULL,NULL,NULL,NULL,NULL,NULL,NULL),
  (543,'StockImpl','TSN','TYSON FOODS INC-CL A',NULL,'BBG000DKCC19',NULL,'275405',NULL,NULL,NULL,40,NULL,NULL,NULL,NULL,NULL,NULL,NULL,NULL,NULL,NULL,NULL,NULL,NULL,NULL,NULL),
  (544,'StockImpl','TSO','TESORO CORP',NULL,'BBG000BVPPM1',NULL,'13011',NULL,NULL,NULL,40,NULL,NULL,NULL,NULL,NULL,NULL,NULL,NULL,NULL,NULL,NULL,NULL,NULL,NULL,NULL),
  (545,'StockImpl','TSS','TOTAL SYSTEM SERVICES INC',NULL,'BBG000C1JTL6',NULL,'13014',NULL,NULL,NULL,40,NULL,NULL,NULL,NULL,NULL,NULL,NULL,NULL,NULL,NULL,NULL,NULL,NULL,NULL,NULL),
  (546,'StockImpl','TWC','TIME WARNER CABLE',NULL,'BBG000H89QJ6',NULL,'58493600',NULL,NULL,NULL,40,NULL,NULL,NULL,NULL,NULL,NULL,NULL,NULL,NULL,NULL,NULL,NULL,NULL,NULL,NULL),
  (547,'StockImpl','TWX','TIME WARNER INC',NULL,'BBG000F0PF65',NULL,'59085966',NULL,NULL,NULL,40,NULL,NULL,NULL,NULL,NULL,NULL,NULL,NULL,NULL,NULL,NULL,NULL,NULL,NULL,NULL),
  (548,'StockImpl','TXN','TEXAS INSTRUMENTS INC',NULL,'BBG000BVV7G1',NULL,'13096',NULL,NULL,NULL,40,NULL,NULL,NULL,NULL,NULL,NULL,NULL,NULL,NULL,NULL,NULL,NULL,NULL,NULL,NULL),
  (549,'StockImpl','TXT','TEXTRON INC',NULL,'BBG000BVVQQ8',NULL,'13101',NULL,NULL,NULL,40,NULL,NULL,NULL,NULL,NULL,NULL,NULL,NULL,NULL,NULL,NULL,NULL,NULL,NULL,NULL),
  (550,'StockImpl','TYC','TYCO INTERNATIONAL PLC',NULL,'BBG000BVWLJ6',NULL,'173432513',NULL,NULL,NULL,40,NULL,NULL,NULL,NULL,NULL,NULL,NULL,NULL,NULL,NULL,NULL,NULL,NULL,NULL,NULL),
  (551,'StockImpl','UA','UNDER ARMOUR INC-CLASS A',NULL,'BBG000BXM6V2',NULL,'36786278',NULL,NULL,NULL,40,NULL,NULL,NULL,NULL,NULL,NULL,NULL,NULL,NULL,NULL,NULL,NULL,NULL,NULL,NULL),
  (552,'StockImpl','UAL','United Continental Holdings',NULL,'BBG000M65M61',NULL,'79498203',NULL,NULL,NULL,40,NULL,NULL,NULL,NULL,NULL,NULL,NULL,NULL,NULL,NULL,NULL,NULL,NULL,NULL,NULL),
  (553,'StockImpl','UDR','UDR Inc',NULL,'BBG000C41023',NULL,'43274444',NULL,NULL,NULL,40,NULL,NULL,NULL,NULL,NULL,NULL,NULL,NULL,NULL,NULL,NULL,NULL,NULL,NULL,NULL),
  (554,'StockImpl','UHS','UNIVERSAL HEALTH SERVICES-B',NULL,'BBG000CB8Q50',NULL,'13206',NULL,NULL,NULL,40,NULL,NULL,NULL,NULL,NULL,NULL,NULL,NULL,NULL,NULL,NULL,NULL,NULL,NULL,NULL),
  (555,'StockImpl','UNH','UNITEDHEALTH GROUP INC',NULL,'BBG000CH5208',NULL,'13272',NULL,NULL,NULL,40,NULL,NULL,NULL,NULL,NULL,NULL,NULL,NULL,NULL,NULL,NULL,NULL,NULL,NULL,NULL),
  (556,'StockImpl','UNM','UNUM GROUP',NULL,'BBG000BW2QX0',NULL,'13277',NULL,NULL,NULL,40,NULL,NULL,NULL,NULL,NULL,NULL,NULL,NULL,NULL,NULL,NULL,NULL,NULL,NULL,NULL),
  (557,'StockImpl','UNP','UNION PACIFIC CORP',NULL,'BBG000BW3299',NULL,'13284',NULL,NULL,NULL,40,NULL,NULL,NULL,NULL,NULL,NULL,NULL,NULL,NULL,NULL,NULL,NULL,NULL,NULL,NULL),
  (558,'StockImpl','UPS','UNITED PARCEL SERVICE-CL B',NULL,'BBG000L9CV04',NULL,'6231002',NULL,NULL,NULL,40,NULL,NULL,NULL,NULL,NULL,NULL,NULL,NULL,NULL,NULL,NULL,NULL,NULL,NULL,NULL),
  (559,'StockImpl','URBN','URBAN OUTFITTERS INC',NULL,'BBG000BL79J3',NULL,'275527',NULL,NULL,NULL,40,NULL,NULL,NULL,NULL,NULL,NULL,NULL,NULL,NULL,NULL,NULL,NULL,NULL,NULL,NULL),
  (560,'StockImpl','URI','UNITED RENTALS INC',NULL,'BBG000BXMFC3',NULL,'3629755',NULL,NULL,NULL,40,NULL,NULL,NULL,NULL,NULL,NULL,NULL,NULL,NULL,NULL,NULL,NULL,NULL,NULL,NULL),
  (561,'StockImpl','USB','US BANCORP',NULL,'BBG000FFDM15',NULL,'11669769',NULL,NULL,NULL,40,NULL,NULL,NULL,NULL,NULL,NULL,NULL,NULL,NULL,NULL,NULL,NULL,NULL,NULL,NULL),
  (562,'StockImpl','UTX','UNITED TECHNOLOGIES CORP',NULL,'BBG000BW8S60',NULL,'13364',NULL,NULL,NULL,40,NULL,NULL,NULL,NULL,NULL,NULL,NULL,NULL,NULL,NULL,NULL,NULL,NULL,NULL,NULL),
  (563,'StockImpl','V','VISA INC-CLASS A SHARES',NULL,'BBG000PSKYX7',NULL,'49462172',NULL,NULL,NULL,40,NULL,NULL,NULL,NULL,NULL,NULL,NULL,NULL,NULL,NULL,NULL,NULL,NULL,NULL,NULL),
  (564,'StockImpl','VAR','VARIAN MEDICAL SYSTEMS INC',NULL,'BBG000BWBZN1',NULL,'13400',NULL,NULL,NULL,40,NULL,NULL,NULL,NULL,NULL,NULL,NULL,NULL,NULL,NULL,NULL,NULL,NULL,NULL,NULL),
  (565,'StockImpl','VFC','VF CORP',NULL,'BBG000BWCKB6',NULL,'13440',NULL,NULL,NULL,40,NULL,NULL,NULL,NULL,NULL,NULL,NULL,NULL,NULL,NULL,NULL,NULL,NULL,NULL,NULL),
  (566,'StockImpl','VIAB','VIACOM INC-CLASS B',NULL,'BBG000DHSPT0',NULL,'37083557',NULL,NULL,NULL,40,NULL,NULL,NULL,NULL,NULL,NULL,NULL,NULL,NULL,NULL,NULL,NULL,NULL,NULL,NULL),
  (567,'StockImpl','VLO','VALERO ENERGY CORP',NULL,'BBG000BBGGQ1',NULL,'13497',NULL,NULL,NULL,40,NULL,NULL,NULL,NULL,NULL,NULL,NULL,NULL,NULL,NULL,NULL,NULL,NULL,NULL,NULL),
  (568,'StockImpl','VMC','VULCAN MATERIALS CO',NULL,'BBG000BWGYF8',NULL,'13515',NULL,NULL,NULL,40,NULL,NULL,NULL,NULL,NULL,NULL,NULL,NULL,NULL,NULL,NULL,NULL,NULL,NULL,NULL),
  (569,'StockImpl','VNO','VORNADO REALTY TRUST',NULL,'BBG000BWHD54',NULL,'13535',NULL,NULL,NULL,40,NULL,NULL,NULL,NULL,NULL,NULL,NULL,NULL,NULL,NULL,NULL,NULL,NULL,NULL,NULL),
  (570,'StockImpl','VRSK','Verisk Analytics',NULL,'BBG000BCZL41',NULL,'69293559',NULL,NULL,NULL,40,NULL,NULL,NULL,NULL,NULL,NULL,NULL,NULL,NULL,NULL,NULL,NULL,NULL,NULL,NULL),
  (571,'StockImpl','VRSN','VERISIGN INC',NULL,'BBG000BGKHZ3',NULL,'4173050',NULL,NULL,NULL,40,NULL,NULL,NULL,NULL,NULL,NULL,NULL,NULL,NULL,NULL,NULL,NULL,NULL,NULL,NULL),
  (572,'StockImpl','VRTX','VERTEX PHARMACEUTICALS INC',NULL,'BBG000C1S2X2',NULL,'275850',NULL,NULL,NULL,40,NULL,NULL,NULL,NULL,NULL,NULL,NULL,NULL,NULL,NULL,NULL,NULL,NULL,NULL,NULL),
  (573,'StockImpl','VTR','VENTAS INC.',NULL,'BBG000FRVHB9',NULL,'4044062',NULL,NULL,NULL,40,NULL,NULL,NULL,NULL,NULL,NULL,NULL,NULL,NULL,NULL,NULL,NULL,NULL,NULL,NULL),
  (574,'StockImpl','VZ','VERIZON COMMUNICATIONS INC',NULL,'BBG000HS77T5',NULL,'4901',NULL,NULL,NULL,40,NULL,NULL,NULL,NULL,NULL,NULL,NULL,NULL,NULL,NULL,NULL,NULL,NULL,NULL,NULL),
  (575,'StockImpl','WAT','WATERS CORP',NULL,'BBG000FQRVM3',NULL,'1448494',NULL,NULL,NULL,40,NULL,NULL,NULL,NULL,NULL,NULL,NULL,NULL,NULL,NULL,NULL,NULL,NULL,NULL,NULL),
  (576,'StockImpl','WBA','WALGREENS BOOTS ALLIANCE INC',NULL,'BBG000BWLMJ4',NULL,'178634687',NULL,NULL,NULL,40,NULL,NULL,NULL,NULL,NULL,NULL,NULL,NULL,NULL,NULL,NULL,NULL,NULL,NULL,NULL),
  (577,'StockImpl','WDC','WESTERN DIGITAL CORP',NULL,'BBG000BWNFZ9',NULL,'13681',NULL,NULL,NULL,40,NULL,NULL,NULL,NULL,NULL,NULL,NULL,NULL,NULL,NULL,NULL,NULL,NULL,NULL,NULL),
  (578,'StockImpl','WEC','WEC ENERGY GROUP INC',NULL,'BBG000BWP7D9',NULL,'198560237',NULL,NULL,NULL,40,NULL,NULL,NULL,NULL,NULL,NULL,NULL,NULL,NULL,NULL,NULL,NULL,NULL,NULL,NULL),
  (579,'StockImpl','WFC','WELLS FARGO & CO',NULL,'BBG000BWQFY7',NULL,'10375',NULL,NULL,NULL,40,NULL,NULL,NULL,NULL,NULL,NULL,NULL,NULL,NULL,NULL,NULL,NULL,NULL,NULL,NULL),
  (580,'StockImpl','WFM','WHOLE FOODS MARKET INC',NULL,'BBG000CPQZ77',NULL,'276024',NULL,NULL,NULL,40,NULL,NULL,NULL,NULL,NULL,NULL,NULL,NULL,NULL,NULL,NULL,NULL,NULL,NULL,NULL),
  (581,'StockImpl','WHR','WHIRLPOOL CORP',NULL,'BBG000BWSV34',NULL,'13751',NULL,NULL,NULL,40,NULL,NULL,NULL,NULL,NULL,NULL,NULL,NULL,NULL,NULL,NULL,NULL,NULL,NULL,NULL),
  (582,'StockImpl','WLTW','Willis Towers Watson',NULL,'BBG000DB3KT1',NULL,'217947855',NULL,NULL,NULL,40,NULL,NULL,NULL,NULL,NULL,NULL,NULL,NULL,NULL,NULL,NULL,NULL,NULL,NULL,NULL),
  (583,'StockImpl','WM','WASTE MANAGEMENT INC',NULL,'BBG000BWVSR1',NULL,'13379',NULL,NULL,NULL,40,NULL,NULL,NULL,NULL,NULL,NULL,NULL,NULL,NULL,NULL,NULL,NULL,NULL,NULL,NULL),
  (584,'StockImpl','WMB','WILLIAMS COS INC',NULL,'BBG000BWVCP8',NULL,'13805',NULL,NULL,NULL,40,NULL,NULL,NULL,NULL,NULL,NULL,NULL,NULL,NULL,NULL,NULL,NULL,NULL,NULL,NULL),
  (585,'StockImpl','WMT','WAL-MART STORES INC',NULL,'BBG000BWXBC2',NULL,'13824',NULL,NULL,NULL,40,NULL,NULL,NULL,NULL,NULL,NULL,NULL,NULL,NULL,NULL,NULL,NULL,NULL,NULL,NULL),
  (586,'StockImpl','WRK','Westrock Co',NULL,'BBG008NXC572',NULL,'198032496',NULL,NULL,NULL,40,NULL,NULL,NULL,NULL,NULL,NULL,NULL,NULL,NULL,NULL,NULL,NULL,NULL,NULL,NULL),
  (587,'StockImpl','WU','WESTERN UNION CO',NULL,'BBG000BB5373',NULL,'40773257',NULL,NULL,NULL,40,NULL,NULL,NULL,NULL,NULL,NULL,NULL,NULL,NULL,NULL,NULL,NULL,NULL,NULL,NULL),
  (588,'StockImpl','WY','WEYERHAEUSER CO',NULL,'BBG000BX3BL3',NULL,'13949',NULL,NULL,NULL,40,NULL,NULL,NULL,NULL,NULL,NULL,NULL,NULL,NULL,NULL,NULL,NULL,NULL,NULL,NULL),
  (589,'StockImpl','WYN','WYNDHAM WORLDWIDE CORP',NULL,'BBG000PV2L86',NULL,'40021002',NULL,NULL,NULL,40,NULL,NULL,NULL,NULL,NULL,NULL,NULL,NULL,NULL,NULL,NULL,NULL,NULL,NULL,NULL),
  (590,'StockImpl','WYNN','WYNN RESORTS LTD.',NULL,'BBG000LD9JQ8',NULL,'16454492',NULL,NULL,NULL,40,NULL,NULL,NULL,NULL,NULL,NULL,NULL,NULL,NULL,NULL,NULL,NULL,NULL,NULL,NULL),
  (591,'StockImpl','XEC','CIMAREX ENERGY CO',NULL,'BBG000D6L294',NULL,'16191746',NULL,NULL,NULL,40,NULL,NULL,NULL,NULL,NULL,NULL,NULL,NULL,NULL,NULL,NULL,NULL,NULL,NULL,NULL),
  (592,'StockImpl','XEL','XCEL ENERGY INC',NULL,'BBG000BCTQ65',NULL,'10517',NULL,NULL,NULL,40,NULL,NULL,NULL,NULL,NULL,NULL,NULL,NULL,NULL,NULL,NULL,NULL,NULL,NULL,NULL),
  (593,'StockImpl','XL','XL GROUP PLC',NULL,'BBG000C9W1Y1',NULL,'76768905',NULL,NULL,NULL,40,NULL,NULL,NULL,NULL,NULL,NULL,NULL,NULL,NULL,NULL,NULL,NULL,NULL,NULL,NULL),
  (594,'StockImpl','XLNX','XILINX INC',NULL,'BBG000C0F570',NULL,'276222',NULL,NULL,NULL,40,NULL,NULL,NULL,NULL,NULL,NULL,NULL,NULL,NULL,NULL,NULL,NULL,NULL,NULL,NULL),
  (595,'StockImpl','XOM','EXXON MOBIL CORP',NULL,'BBG000GZQ728',NULL,'13977',NULL,NULL,NULL,40,NULL,NULL,NULL,NULL,NULL,NULL,NULL,NULL,NULL,NULL,NULL,NULL,NULL,NULL,NULL),
  (596,'StockImpl','XRAY','DENTSPLY INTL INC',NULL,'BBG000BX57K1',NULL,'276229',NULL,NULL,NULL,40,NULL,NULL,NULL,NULL,NULL,NULL,NULL,NULL,NULL,NULL,NULL,NULL,NULL,NULL,NULL),
  (597,'StockImpl','XRX','XEROX CORP',NULL,'BBG000BX5ZF5',NULL,'13980',NULL,NULL,NULL,40,NULL,NULL,NULL,NULL,NULL,NULL,NULL,NULL,NULL,NULL,NULL,NULL,NULL,NULL,NULL),
  (598,'StockImpl','XYL','XYLEM INC',NULL,'BBG001D8R5D0',NULL,'95703740',NULL,NULL,NULL,40,NULL,NULL,NULL,NULL,NULL,NULL,NULL,NULL,NULL,NULL,NULL,NULL,NULL,NULL,NULL),
  (599,'StockImpl','YHOO','YAHOO! INC',NULL,'BBG000GFFQN9',NULL,'3312890',NULL,NULL,NULL,40,NULL,NULL,NULL,NULL,NULL,NULL,NULL,NULL,NULL,NULL,NULL,NULL,NULL,NULL,NULL),
  (600,'StockImpl','YUM','YUM! BRANDS INC',NULL,'BBG000BH3GZ2',NULL,'3206042',NULL,NULL,NULL,40,NULL,NULL,NULL,NULL,NULL,NULL,NULL,NULL,NULL,NULL,NULL,NULL,NULL,NULL,NULL),
  (601,'StockImpl','ZBH','ZIMMER BIOMET HOLDINGS INC',NULL,'BBG000BKPL53',NULL,'12851783',NULL,NULL,NULL,40,NULL,NULL,NULL,NULL,NULL,NULL,NULL,NULL,NULL,NULL,NULL,NULL,NULL,NULL,NULL),
  (602,'StockImpl','ZION','ZIONS BANCORP',NULL,'BBG000BX9WL1',NULL,'276329',NULL,NULL,NULL,40,NULL,NULL,NULL,NULL,NULL,NULL,NULL,NULL,NULL,NULL,NULL,NULL,NULL,NULL,NULL),
  (603,'StockImpl','ZTS','ZOETIS INC',NULL,'BBG0039320N9',NULL,'121665622',NULL,NULL,NULL,40,NULL,NULL,NULL,NULL,NULL,NULL,NULL,NULL,NULL,NULL,NULL,NULL,NULL,NULL,NULL);
