-- MySQL dump 10.13  Distrib 5.1.48, for Win64 (unknown)
--
-- Host: localhost    Database: algotrader
-- ------------------------------------------------------
-- Server version    5.1.48-community-log

/*!40101 SET @OLD_CHARACTER_SET_CLIENT=@@CHARACTER_SET_CLIENT */;
/*!40101 SET @OLD_CHARACTER_SET_RESULTS=@@CHARACTER_SET_RESULTS */;
/*!40101 SET @OLD_COLLATION_CONNECTION=@@COLLATION_CONNECTION */;
/*!40101 SET NAMES utf8 */;
/*!40103 SET @OLD_TIME_ZONE=@@TIME_ZONE */;
/*!40103 SET TIME_ZONE='+00:00' */;
/*!40014 SET @OLD_UNIQUE_CHECKS=@@UNIQUE_CHECKS, UNIQUE_CHECKS=0 */;
/*!40014 SET @OLD_FOREIGN_KEY_CHECKS=@@FOREIGN_KEY_CHECKS, FOREIGN_KEY_CHECKS=0 */;
/*!40101 SET @OLD_SQL_MODE=@@SQL_MODE, SQL_MODE='NO_AUTO_VALUE_ON_ZERO' */;
/*!40111 SET @OLD_SQL_NOTES=@@SQL_NOTES, SQL_NOTES=0 */;

--
-- Dumping data for table `allocation`
--

LOCK TABLES `allocation` WRITE;
/*!40000 ALTER TABLE `allocation` DISABLE KEYS */;
/*!40000 ALTER TABLE `allocation` ENABLE KEYS */;
UNLOCK TABLES;

--
-- Dumping data for table `cash_balance`
--

LOCK TABLES `cash_balance` WRITE;
/*!40000 ALTER TABLE `cash_balance` DISABLE KEYS */;
INSERT INTO `cash_balance` (`ID`, `CURRENCY`, `AMOUNT`, `STRATEGY_FK`) VALUES (1,'EUR','1000000.00',1);
/*!40000 ALTER TABLE `cash_balance` ENABLE KEYS */;
UNLOCK TABLES;

--
-- Dumping data for table `combination`
--

LOCK TABLES `combination` WRITE;
/*!40000 ALTER TABLE `combination` DISABLE KEYS */;
/*!40000 ALTER TABLE `combination` ENABLE KEYS */;
UNLOCK TABLES;

--
-- Dumping data for table `equity_index`
--

LOCK TABLES `equity_index` WRITE;
/*!40000 ALTER TABLE `equity_index` DISABLE KEYS */;
INSERT INTO `equity_index` (`ID`) VALUES (2);
INSERT INTO `equity_index` (`ID`) VALUES (3);
INSERT INTO `equity_index` (`ID`) VALUES (4);
INSERT INTO `equity_index` (`ID`) VALUES (5);
INSERT INTO `equity_index` (`ID`) VALUES (12);
INSERT INTO `equity_index` (`ID`) VALUES (29);
/*!40000 ALTER TABLE `equity_index` ENABLE KEYS */;
UNLOCK TABLES;

--
-- Dumping data for table `forex`
--

LOCK TABLES `forex` WRITE;
/*!40000 ALTER TABLE `forex` DISABLE KEYS */;
INSERT INTO `forex` (`ID`, `BASE_CURRENCY`) VALUES (8,'EUR');
INSERT INTO `forex` (`ID`, `BASE_CURRENCY`) VALUES (9,'USD');
INSERT INTO `forex` (`ID`, `BASE_CURRENCY`) VALUES (10,'EUR');
INSERT INTO `forex` (`ID`, `BASE_CURRENCY`) VALUES (11,'GBP');
/*!40000 ALTER TABLE `forex` ENABLE KEYS */;
UNLOCK TABLES;

--
-- Dumping data for table `future`
--

LOCK TABLES `future` WRITE;
/*!40000 ALTER TABLE `future` DISABLE KEYS */;
/*!40000 ALTER TABLE `future` ENABLE KEYS */;
UNLOCK TABLES;

--
-- Dumping data for table `future_family`
--

LOCK TABLES `future_family` WRITE;
/*!40000 ALTER TABLE `future_family` DISABLE KEYS */;
INSERT INTO `future_family` (`ID`, `LENGTH`, `INTREST`, `DIVIDEND`, `MARGIN_PARAMETER`, `EXPIRATION_TYPE`, `EXPIRATION_MONTHS`) VALUES (10,3,0.0015000000,0.0300000000,490.9000000000,'NEXT_3_RD_FRIDAY_3_MONTHS',3);
INSERT INTO `future_family` (`ID`, `LENGTH`, `INTREST`, `DIVIDEND`, `MARGIN_PARAMETER`, `EXPIRATION_TYPE`, `EXPIRATION_MONTHS`) VALUES (22,8,0.0015000000,0.0300000000,490.9000000000,'THIRTY_DAYS_BEFORE_NEXT_3_RD_FRIDAY',1);
INSERT INTO `future_family` (`ID`, `LENGTH`, `INTREST`, `DIVIDEND`, `MARGIN_PARAMETER`, `EXPIRATION_TYPE`, `EXPIRATION_MONTHS`) VALUES (23,3,0.0015000000,0.0300000000,490.9000000000,'THIRTY_DAYS_BEFORE_NEXT_3_RD_FRIDAY',1);
/*!40000 ALTER TABLE `future_family` ENABLE KEYS */;
UNLOCK TABLES;

--
-- Dumping data for table `generic_future`
--

LOCK TABLES `generic_future` WRITE;
/*!40000 ALTER TABLE `generic_future` DISABLE KEYS */;
INSERT INTO `generic_future` (`ID`, `DURATION`) VALUES (13,1);
INSERT INTO `generic_future` (`ID`, `DURATION`) VALUES (14,1);
INSERT INTO `generic_future` (`ID`, `DURATION`) VALUES (15,1);
INSERT INTO `generic_future` (`ID`, `DURATION`) VALUES (21,1);
INSERT INTO `generic_future` (`ID`, `DURATION`) VALUES (22,2);
INSERT INTO `generic_future` (`ID`, `DURATION`) VALUES (23,3);
INSERT INTO `generic_future` (`ID`, `DURATION`) VALUES (24,4);
INSERT INTO `generic_future` (`ID`, `DURATION`) VALUES (25,5);
INSERT INTO `generic_future` (`ID`, `DURATION`) VALUES (26,6);
INSERT INTO `generic_future` (`ID`, `DURATION`) VALUES (27,7);
INSERT INTO `generic_future` (`ID`, `DURATION`) VALUES (28,8);
/*!40000 ALTER TABLE `generic_future` ENABLE KEYS */;
UNLOCK TABLES;

--
-- Dumping data for table `generic_future_family`
--

LOCK TABLES `generic_future_family` WRITE;
/*!40000 ALTER TABLE `generic_future_family` DISABLE KEYS */;
INSERT INTO `generic_future_family` (`ID`, `EXPIRATION_TYPE`) VALUES (12,'NEXT_3_RD_FRIDAY');
INSERT INTO `generic_future_family` (`ID`, `EXPIRATION_TYPE`) VALUES (13,'NEXT_3_RD_FRIDAY');
INSERT INTO `generic_future_family` (`ID`, `EXPIRATION_TYPE`) VALUES (14,'NEXT_3_RD_FRIDAY');
INSERT INTO `generic_future_family` (`ID`, `EXPIRATION_TYPE`) VALUES (21,'THIRTY_DAYS_BEFORE_NEXT_3_RD_FRIDAY');
/*!40000 ALTER TABLE `generic_future_family` ENABLE KEYS */;
UNLOCK TABLES;

--
-- Dumping data for table `implied_volatility`
--

LOCK TABLES `implied_volatility` WRITE;
/*!40000 ALTER TABLE `implied_volatility` DISABLE KEYS */;
INSERT INTO `implied_volatility` (`ID`, `DURATION`, `MONEYNESS`) VALUES (30,12,100);
INSERT INTO `implied_volatility` (`ID`, `DURATION`, `MONEYNESS`) VALUES (31,12,95);
INSERT INTO `implied_volatility` (`ID`, `DURATION`, `MONEYNESS`) VALUES (32,12,90);
INSERT INTO `implied_volatility` (`ID`, `DURATION`, `MONEYNESS`) VALUES (33,12,80);
INSERT INTO `implied_volatility` (`ID`, `DURATION`, `MONEYNESS`) VALUES (34,18,100);
INSERT INTO `implied_volatility` (`ID`, `DURATION`, `MONEYNESS`) VALUES (35,18,95);
INSERT INTO `implied_volatility` (`ID`, `DURATION`, `MONEYNESS`) VALUES (36,18,90);
INSERT INTO `implied_volatility` (`ID`, `DURATION`, `MONEYNESS`) VALUES (37,18,80);
/*!40000 ALTER TABLE `implied_volatility` ENABLE KEYS */;
UNLOCK TABLES;

--
-- Dumping data for table `intrest_rate`
--

LOCK TABLES `intrest_rate` WRITE;
/*!40000 ALTER TABLE `intrest_rate` DISABLE KEYS */;
INSERT INTO `intrest_rate` (`ID`, `DURATION`) VALUES (6,604800000);
INSERT INTO `intrest_rate` (`ID`, `DURATION`) VALUES (7,2592000000);
/*!40000 ALTER TABLE `intrest_rate` ENABLE KEYS */;
UNLOCK TABLES;

--
-- Dumping data for table `security`
--

LOCK TABLES `security` WRITE;
/*!40000 ALTER TABLE `security` DISABLE KEYS */;
INSERT INTO `security` (`id`, `ISIN`, `SYMBOL`, `UNDERLAYING_FK`, `VOLATILITY_FK`, `SECURITY_FAMILY_FK`, `INTREST_RATE_FAMILY_FK`) VALUES (2,'DE0009652396','ESTX50',NULL,3,4,NULL);
INSERT INTO `security` (`id`, `ISIN`, `SYMBOL`, `UNDERLAYING_FK`, `VOLATILITY_FK`, `SECURITY_FAMILY_FK`, `INTREST_RATE_FAMILY_FK`) VALUES (3,'DE000A0C3QF1','V2TX',2,NULL,5,NULL);
INSERT INTO `security` (`id`, `ISIN`, `SYMBOL`, `UNDERLAYING_FK`, `VOLATILITY_FK`, `SECURITY_FAMILY_FK`, `INTREST_RATE_FAMILY_FK`) VALUES (4,'CH0008616382','SMI',NULL,5,1,7);
INSERT INTO `security` (`id`, `ISIN`, `SYMBOL`, `UNDERLAYING_FK`, `VOLATILITY_FK`, `SECURITY_FAMILY_FK`, `INTREST_RATE_FAMILY_FK`) VALUES (5,'CH0019900841','V3X',4,NULL,2,NULL);
INSERT INTO `security` (`id`, `ISIN`, `SYMBOL`, `UNDERLAYING_FK`, `VOLATILITY_FK`, `SECURITY_FAMILY_FK`, `INTREST_RATE_FAMILY_FK`) VALUES (6,'CH0007475228','CHFDOMDEP1W',NULL,NULL,7,NULL);
INSERT INTO `security` (`id`, `ISIN`, `SYMBOL`, `UNDERLAYING_FK`, `VOLATILITY_FK`, `SECURITY_FAMILY_FK`, `INTREST_RATE_FAMILY_FK`) VALUES (7,'CH0007473702','CHFDOMDEP1M',NULL,NULL,7,NULL);
INSERT INTO `security` (`id`, `ISIN`, `SYMBOL`, `UNDERLAYING_FK`, `VOLATILITY_FK`, `SECURITY_FAMILY_FK`, `INTREST_RATE_FAMILY_FK`) VALUES (8,'EU0009654078','EUR.CHF',NULL,NULL,8,NULL);
INSERT INTO `security` (`id`, `ISIN`, `SYMBOL`, `UNDERLAYING_FK`, `VOLATILITY_FK`, `SECURITY_FAMILY_FK`, `INTREST_RATE_FAMILY_FK`) VALUES (9,'XC0009652816','USD.CHF',NULL,NULL,8,NULL);
INSERT INTO `security` (`id`, `ISIN`, `SYMBOL`, `UNDERLAYING_FK`, `VOLATILITY_FK`, `SECURITY_FAMILY_FK`, `INTREST_RATE_FAMILY_FK`) VALUES (10,'EU0009652759','EUR.USD',NULL,NULL,9,NULL);
INSERT INTO `security` (`id`, `ISIN`, `SYMBOL`, `UNDERLAYING_FK`, `VOLATILITY_FK`, `SECURITY_FAMILY_FK`, `INTREST_RATE_FAMILY_FK`) VALUES (11,'GB0031973075','GBP.USD',NULL,NULL,9,NULL);
INSERT INTO `security` (`id`, `ISIN`, `SYMBOL`, `UNDERLAYING_FK`, `VOLATILITY_FK`, `SECURITY_FAMILY_FK`, `INTREST_RATE_FAMILY_FK`) VALUES (12,'US78378X1072','SPX',NULL,29,11,NULL);
INSERT INTO `security` (`id`, `ISIN`, `SYMBOL`, `UNDERLAYING_FK`, `VOLATILITY_FK`, `SECURITY_FAMILY_FK`, `INTREST_RATE_FAMILY_FK`) VALUES (13,'GFES1M','GF ES 1M',NULL,NULL,12,NULL);
INSERT INTO `security` (`id`, `ISIN`, `SYMBOL`, `UNDERLAYING_FK`, `VOLATILITY_FK`, `SECURITY_FAMILY_FK`, `INTREST_RATE_FAMILY_FK`) VALUES (14,'GFLH1M','GF LH 1M',NULL,NULL,13,NULL);
INSERT INTO `security` (`id`, `ISIN`, `SYMBOL`, `UNDERLAYING_FK`, `VOLATILITY_FK`, `SECURITY_FAMILY_FK`, `INTREST_RATE_FAMILY_FK`) VALUES (15,'GFNG1M','GF NG 1M',NULL,NULL,14,NULL);
INSERT INTO `security` (`id`, `ISIN`, `SYMBOL`, `UNDERLAYING_FK`, `VOLATILITY_FK`, `SECURITY_FAMILY_FK`, `INTREST_RATE_FAMILY_FK`) VALUES (21,'UX1','UX1',29,NULL,21,NULL);
INSERT INTO `security` (`id`, `ISIN`, `SYMBOL`, `UNDERLAYING_FK`, `VOLATILITY_FK`, `SECURITY_FAMILY_FK`, `INTREST_RATE_FAMILY_FK`) VALUES (22,'UX2','UX2',29,NULL,21,NULL);
INSERT INTO `security` (`id`, `ISIN`, `SYMBOL`, `UNDERLAYING_FK`, `VOLATILITY_FK`, `SECURITY_FAMILY_FK`, `INTREST_RATE_FAMILY_FK`) VALUES (23,'UX3','UX3',29,NULL,21,NULL);
INSERT INTO `security` (`id`, `ISIN`, `SYMBOL`, `UNDERLAYING_FK`, `VOLATILITY_FK`, `SECURITY_FAMILY_FK`, `INTREST_RATE_FAMILY_FK`) VALUES (24,'UX4','UX4',29,NULL,21,NULL);
INSERT INTO `security` (`id`, `ISIN`, `SYMBOL`, `UNDERLAYING_FK`, `VOLATILITY_FK`, `SECURITY_FAMILY_FK`, `INTREST_RATE_FAMILY_FK`) VALUES (25,'UX5','UX5',29,NULL,21,NULL);
INSERT INTO `security` (`id`, `ISIN`, `SYMBOL`, `UNDERLAYING_FK`, `VOLATILITY_FK`, `SECURITY_FAMILY_FK`, `INTREST_RATE_FAMILY_FK`) VALUES (26,'UX6','UX6',29,NULL,21,NULL);
INSERT INTO `security` (`id`, `ISIN`, `SYMBOL`, `UNDERLAYING_FK`, `VOLATILITY_FK`, `SECURITY_FAMILY_FK`, `INTREST_RATE_FAMILY_FK`) VALUES (27,'UX7','UX7',29,NULL,21,NULL);
INSERT INTO `security` (`id`, `ISIN`, `SYMBOL`, `UNDERLAYING_FK`, `VOLATILITY_FK`, `SECURITY_FAMILY_FK`, `INTREST_RATE_FAMILY_FK`) VALUES (28,'UX8','UX8',29,NULL,21,NULL);
INSERT INTO `security` (`id`, `ISIN`, `SYMBOL`, `UNDERLAYING_FK`, `VOLATILITY_FK`, `SECURITY_FAMILY_FK`, `INTREST_RATE_FAMILY_FK`) VALUES (29,'XD0016891059','VIX',12,NULL,20,NULL);
INSERT INTO `security` (`id`, `ISIN`, `SYMBOL`, `UNDERLAYING_FK`, `VOLATILITY_FK`, `SECURITY_FAMILY_FK`, `INTREST_RATE_FAMILY_FK`) VALUES (30,'IVSPX12M100','IV SPX 12M 100',12,NULL,25,NULL);
INSERT INTO `security` (`id`, `ISIN`, `SYMBOL`, `UNDERLAYING_FK`, `VOLATILITY_FK`, `SECURITY_FAMILY_FK`, `INTREST_RATE_FAMILY_FK`) VALUES (31,'IVSPX12M95','IV SPX 12M 95',12,NULL,25,NULL);
INSERT INTO `security` (`id`, `ISIN`, `SYMBOL`, `UNDERLAYING_FK`, `VOLATILITY_FK`, `SECURITY_FAMILY_FK`, `INTREST_RATE_FAMILY_FK`) VALUES (32,'IVSPX12M90','IV SPX 12M 90',12,NULL,25,NULL);
INSERT INTO `security` (`id`, `ISIN`, `SYMBOL`, `UNDERLAYING_FK`, `VOLATILITY_FK`, `SECURITY_FAMILY_FK`, `INTREST_RATE_FAMILY_FK`) VALUES (33,'IVSPX12M80','IV SPX 12M 80',12,NULL,25,NULL);
INSERT INTO `security` (`id`, `ISIN`, `SYMBOL`, `UNDERLAYING_FK`, `VOLATILITY_FK`, `SECURITY_FAMILY_FK`, `INTREST_RATE_FAMILY_FK`) VALUES (34,'IVSPX18M100','IV SPX 18M 100',12,NULL,25,NULL);
INSERT INTO `security` (`id`, `ISIN`, `SYMBOL`, `UNDERLAYING_FK`, `VOLATILITY_FK`, `SECURITY_FAMILY_FK`, `INTREST_RATE_FAMILY_FK`) VALUES (35,'IVSPX18M95','IV SPX 18M 95',12,NULL,25,NULL);
INSERT INTO `security` (`id`, `ISIN`, `SYMBOL`, `UNDERLAYING_FK`, `VOLATILITY_FK`, `SECURITY_FAMILY_FK`, `INTREST_RATE_FAMILY_FK`) VALUES (36,'IVSPX18M90','IV SPX 18M 90',12,NULL,25,NULL);
INSERT INTO `security` (`id`, `ISIN`, `SYMBOL`, `UNDERLAYING_FK`, `VOLATILITY_FK`, `SECURITY_FAMILY_FK`, `INTREST_RATE_FAMILY_FK`) VALUES (37,'IVSPX18M80','IV SPX 18M 80',12,NULL,25,NULL);
INSERT INTO `security` (`id`, `ISIN`, `SYMBOL`, `UNDERLAYING_FK`, `VOLATILITY_FK`, `SECURITY_FAMILY_FK`, `INTREST_RATE_FAMILY_FK`) VALUES (40,'GOOG','GOOG',NULL,NULL,40,NULL);
INSERT INTO `security` (`id`, `ISIN`, `SYMBOL`, `UNDERLAYING_FK`, `VOLATILITY_FK`, `SECURITY_FAMILY_FK`, `INTREST_RATE_FAMILY_FK`) VALUES (41,'MMM','MMM',NULL,NULL,41,NULL);
INSERT INTO `security` (`id`, `ISIN`, `SYMBOL`, `UNDERLAYING_FK`, `VOLATILITY_FK`, `SECURITY_FAMILY_FK`, `INTREST_RATE_FAMILY_FK`) VALUES (42,'AA','AA',NULL,NULL,41,NULL);
INSERT INTO `security` (`id`, `ISIN`, `SYMBOL`, `UNDERLAYING_FK`, `VOLATILITY_FK`, `SECURITY_FAMILY_FK`, `INTREST_RATE_FAMILY_FK`) VALUES (43,'AXP','AXP',NULL,NULL,41,NULL);
INSERT INTO `security` (`id`, `ISIN`, `SYMBOL`, `UNDERLAYING_FK`, `VOLATILITY_FK`, `SECURITY_FAMILY_FK`, `INTREST_RATE_FAMILY_FK`) VALUES (44,'T','T',NULL,NULL,41,NULL);
INSERT INTO `security` (`id`, `ISIN`, `SYMBOL`, `UNDERLAYING_FK`, `VOLATILITY_FK`, `SECURITY_FAMILY_FK`, `INTREST_RATE_FAMILY_FK`) VALUES (45,'BAC','BAC',NULL,NULL,41,NULL);
INSERT INTO `security` (`id`, `ISIN`, `SYMBOL`, `UNDERLAYING_FK`, `VOLATILITY_FK`, `SECURITY_FAMILY_FK`, `INTREST_RATE_FAMILY_FK`) VALUES (46,'BA','BA',NULL,NULL,41,NULL);
INSERT INTO `security` (`id`, `ISIN`, `SYMBOL`, `UNDERLAYING_FK`, `VOLATILITY_FK`, `SECURITY_FAMILY_FK`, `INTREST_RATE_FAMILY_FK`) VALUES (47,'CAT','CAT',NULL,NULL,41,NULL);
INSERT INTO `security` (`id`, `ISIN`, `SYMBOL`, `UNDERLAYING_FK`, `VOLATILITY_FK`, `SECURITY_FAMILY_FK`, `INTREST_RATE_FAMILY_FK`) VALUES (48,'CVX','CVX',NULL,NULL,41,NULL);
INSERT INTO `security` (`id`, `ISIN`, `SYMBOL`, `UNDERLAYING_FK`, `VOLATILITY_FK`, `SECURITY_FAMILY_FK`, `INTREST_RATE_FAMILY_FK`) VALUES (49,'CSCO','CSCO',NULL,NULL,40,NULL);
INSERT INTO `security` (`id`, `ISIN`, `SYMBOL`, `UNDERLAYING_FK`, `VOLATILITY_FK`, `SECURITY_FAMILY_FK`, `INTREST_RATE_FAMILY_FK`) VALUES (50,'KO','KO',NULL,NULL,41,NULL);
INSERT INTO `security` (`id`, `ISIN`, `SYMBOL`, `UNDERLAYING_FK`, `VOLATILITY_FK`, `SECURITY_FAMILY_FK`, `INTREST_RATE_FAMILY_FK`) VALUES (51,'DD','DD',NULL,NULL,41,NULL);
INSERT INTO `security` (`id`, `ISIN`, `SYMBOL`, `UNDERLAYING_FK`, `VOLATILITY_FK`, `SECURITY_FAMILY_FK`, `INTREST_RATE_FAMILY_FK`) VALUES (52,'XOM','XOM',NULL,NULL,41,NULL);
INSERT INTO `security` (`id`, `ISIN`, `SYMBOL`, `UNDERLAYING_FK`, `VOLATILITY_FK`, `SECURITY_FAMILY_FK`, `INTREST_RATE_FAMILY_FK`) VALUES (53,'GE','GE',NULL,NULL,41,NULL);
INSERT INTO `security` (`id`, `ISIN`, `SYMBOL`, `UNDERLAYING_FK`, `VOLATILITY_FK`, `SECURITY_FAMILY_FK`, `INTREST_RATE_FAMILY_FK`) VALUES (54,'HPQ','HPQ',NULL,NULL,41,NULL);
INSERT INTO `security` (`id`, `ISIN`, `SYMBOL`, `UNDERLAYING_FK`, `VOLATILITY_FK`, `SECURITY_FAMILY_FK`, `INTREST_RATE_FAMILY_FK`) VALUES (55,'HD','HD',NULL,NULL,41,NULL);
INSERT INTO `security` (`id`, `ISIN`, `SYMBOL`, `UNDERLAYING_FK`, `VOLATILITY_FK`, `SECURITY_FAMILY_FK`, `INTREST_RATE_FAMILY_FK`) VALUES (56,'INTC','INTC',NULL,NULL,40,NULL);
INSERT INTO `security` (`id`, `ISIN`, `SYMBOL`, `UNDERLAYING_FK`, `VOLATILITY_FK`, `SECURITY_FAMILY_FK`, `INTREST_RATE_FAMILY_FK`) VALUES (57,'IBM','IBM',NULL,NULL,41,NULL);
INSERT INTO `security` (`id`, `ISIN`, `SYMBOL`, `UNDERLAYING_FK`, `VOLATILITY_FK`, `SECURITY_FAMILY_FK`, `INTREST_RATE_FAMILY_FK`) VALUES (58,'JNJ','JNJ',NULL,NULL,41,NULL);
INSERT INTO `security` (`id`, `ISIN`, `SYMBOL`, `UNDERLAYING_FK`, `VOLATILITY_FK`, `SECURITY_FAMILY_FK`, `INTREST_RATE_FAMILY_FK`) VALUES (59,'JPM','JPM',NULL,NULL,41,NULL);
INSERT INTO `security` (`id`, `ISIN`, `SYMBOL`, `UNDERLAYING_FK`, `VOLATILITY_FK`, `SECURITY_FAMILY_FK`, `INTREST_RATE_FAMILY_FK`) VALUES (60,'KFT','KFT',NULL,NULL,41,NULL);
INSERT INTO `security` (`id`, `ISIN`, `SYMBOL`, `UNDERLAYING_FK`, `VOLATILITY_FK`, `SECURITY_FAMILY_FK`, `INTREST_RATE_FAMILY_FK`) VALUES (61,'MCD','MCD',NULL,NULL,41,NULL);
INSERT INTO `security` (`id`, `ISIN`, `SYMBOL`, `UNDERLAYING_FK`, `VOLATILITY_FK`, `SECURITY_FAMILY_FK`, `INTREST_RATE_FAMILY_FK`) VALUES (62,'MRK','MRK',NULL,NULL,41,NULL);
INSERT INTO `security` (`id`, `ISIN`, `SYMBOL`, `UNDERLAYING_FK`, `VOLATILITY_FK`, `SECURITY_FAMILY_FK`, `INTREST_RATE_FAMILY_FK`) VALUES (63,'MSFT','MSFT',NULL,NULL,40,NULL);
INSERT INTO `security` (`id`, `ISIN`, `SYMBOL`, `UNDERLAYING_FK`, `VOLATILITY_FK`, `SECURITY_FAMILY_FK`, `INTREST_RATE_FAMILY_FK`) VALUES (64,'PFE','PFE',NULL,NULL,41,NULL);
INSERT INTO `security` (`id`, `ISIN`, `SYMBOL`, `UNDERLAYING_FK`, `VOLATILITY_FK`, `SECURITY_FAMILY_FK`, `INTREST_RATE_FAMILY_FK`) VALUES (65,'PG','PG',NULL,NULL,41,NULL);
INSERT INTO `security` (`id`, `ISIN`, `SYMBOL`, `UNDERLAYING_FK`, `VOLATILITY_FK`, `SECURITY_FAMILY_FK`, `INTREST_RATE_FAMILY_FK`) VALUES (66,'TRV','TRV',NULL,NULL,41,NULL);
INSERT INTO `security` (`id`, `ISIN`, `SYMBOL`, `UNDERLAYING_FK`, `VOLATILITY_FK`, `SECURITY_FAMILY_FK`, `INTREST_RATE_FAMILY_FK`) VALUES (67,'UTX','UTX',NULL,NULL,41,NULL);
INSERT INTO `security` (`id`, `ISIN`, `SYMBOL`, `UNDERLAYING_FK`, `VOLATILITY_FK`, `SECURITY_FAMILY_FK`, `INTREST_RATE_FAMILY_FK`) VALUES (68,'VZ','VZ',NULL,NULL,41,NULL);
INSERT INTO `security` (`id`, `ISIN`, `SYMBOL`, `UNDERLAYING_FK`, `VOLATILITY_FK`, `SECURITY_FAMILY_FK`, `INTREST_RATE_FAMILY_FK`) VALUES (69,'WMT','WMT',NULL,NULL,41,NULL);
INSERT INTO `security` (`id`, `ISIN`, `SYMBOL`, `UNDERLAYING_FK`, `VOLATILITY_FK`, `SECURITY_FAMILY_FK`, `INTREST_RATE_FAMILY_FK`) VALUES (70,'DIS','DIS',NULL,NULL,41,NULL);
INSERT INTO `security` (`id`, `ISIN`, `SYMBOL`, `UNDERLAYING_FK`, `VOLATILITY_FK`, `SECURITY_FAMILY_FK`, `INTREST_RATE_FAMILY_FK`) VALUES (71,'ATVI','ATVI',NULL,NULL,40,NULL);
INSERT INTO `security` (`id`, `ISIN`, `SYMBOL`, `UNDERLAYING_FK`, `VOLATILITY_FK`, `SECURITY_FAMILY_FK`, `INTREST_RATE_FAMILY_FK`) VALUES (72,'ADBE','ADBE',NULL,NULL,40,NULL);
INSERT INTO `security` (`id`, `ISIN`, `SYMBOL`, `UNDERLAYING_FK`, `VOLATILITY_FK`, `SECURITY_FAMILY_FK`, `INTREST_RATE_FAMILY_FK`) VALUES (73,'AKAM','AKAM',NULL,NULL,40,NULL);
INSERT INTO `security` (`id`, `ISIN`, `SYMBOL`, `UNDERLAYING_FK`, `VOLATILITY_FK`, `SECURITY_FAMILY_FK`, `INTREST_RATE_FAMILY_FK`) VALUES (74,'ALXN','ALXN',NULL,NULL,40,NULL);
INSERT INTO `security` (`id`, `ISIN`, `SYMBOL`, `UNDERLAYING_FK`, `VOLATILITY_FK`, `SECURITY_FAMILY_FK`, `INTREST_RATE_FAMILY_FK`) VALUES (75,'ALTR','ALTR',NULL,NULL,40,NULL);
INSERT INTO `security` (`id`, `ISIN`, `SYMBOL`, `UNDERLAYING_FK`, `VOLATILITY_FK`, `SECURITY_FAMILY_FK`, `INTREST_RATE_FAMILY_FK`) VALUES (76,'AMZN','AMZN',NULL,NULL,40,NULL);
INSERT INTO `security` (`id`, `ISIN`, `SYMBOL`, `UNDERLAYING_FK`, `VOLATILITY_FK`, `SECURITY_FAMILY_FK`, `INTREST_RATE_FAMILY_FK`) VALUES (77,'AMGN','AMGN',NULL,NULL,40,NULL);
INSERT INTO `security` (`id`, `ISIN`, `SYMBOL`, `UNDERLAYING_FK`, `VOLATILITY_FK`, `SECURITY_FAMILY_FK`, `INTREST_RATE_FAMILY_FK`) VALUES (78,'APOL','APOL',NULL,NULL,40,NULL);
INSERT INTO `security` (`id`, `ISIN`, `SYMBOL`, `UNDERLAYING_FK`, `VOLATILITY_FK`, `SECURITY_FAMILY_FK`, `INTREST_RATE_FAMILY_FK`) VALUES (79,'AAPL','AAPL',NULL,NULL,40,NULL);
INSERT INTO `security` (`id`, `ISIN`, `SYMBOL`, `UNDERLAYING_FK`, `VOLATILITY_FK`, `SECURITY_FAMILY_FK`, `INTREST_RATE_FAMILY_FK`) VALUES (80,'AMAT','AMAT',NULL,NULL,40,NULL);
INSERT INTO `security` (`id`, `ISIN`, `SYMBOL`, `UNDERLAYING_FK`, `VOLATILITY_FK`, `SECURITY_FAMILY_FK`, `INTREST_RATE_FAMILY_FK`) VALUES (81,'ADSK','ADSK',NULL,NULL,40,NULL);
INSERT INTO `security` (`id`, `ISIN`, `SYMBOL`, `UNDERLAYING_FK`, `VOLATILITY_FK`, `SECURITY_FAMILY_FK`, `INTREST_RATE_FAMILY_FK`) VALUES (82,'ADP','ADP',NULL,NULL,40,NULL);
INSERT INTO `security` (`id`, `ISIN`, `SYMBOL`, `UNDERLAYING_FK`, `VOLATILITY_FK`, `SECURITY_FAMILY_FK`, `INTREST_RATE_FAMILY_FK`) VALUES (83,'BIDU','BIDU',NULL,NULL,40,NULL);
INSERT INTO `security` (`id`, `ISIN`, `SYMBOL`, `UNDERLAYING_FK`, `VOLATILITY_FK`, `SECURITY_FAMILY_FK`, `INTREST_RATE_FAMILY_FK`) VALUES (84,'BBBY','BBBY',NULL,NULL,40,NULL);
INSERT INTO `security` (`id`, `ISIN`, `SYMBOL`, `UNDERLAYING_FK`, `VOLATILITY_FK`, `SECURITY_FAMILY_FK`, `INTREST_RATE_FAMILY_FK`) VALUES (85,'BIIB','BIIB',NULL,NULL,40,NULL);
INSERT INTO `security` (`id`, `ISIN`, `SYMBOL`, `UNDERLAYING_FK`, `VOLATILITY_FK`, `SECURITY_FAMILY_FK`, `INTREST_RATE_FAMILY_FK`) VALUES (86,'BMC','BMC',NULL,NULL,40,NULL);
INSERT INTO `security` (`id`, `ISIN`, `SYMBOL`, `UNDERLAYING_FK`, `VOLATILITY_FK`, `SECURITY_FAMILY_FK`, `INTREST_RATE_FAMILY_FK`) VALUES (87,'BRCM','BRCM',NULL,NULL,40,NULL);
INSERT INTO `security` (`id`, `ISIN`, `SYMBOL`, `UNDERLAYING_FK`, `VOLATILITY_FK`, `SECURITY_FAMILY_FK`, `INTREST_RATE_FAMILY_FK`) VALUES (88,'CHRW','CHRW',NULL,NULL,40,NULL);
INSERT INTO `security` (`id`, `ISIN`, `SYMBOL`, `UNDERLAYING_FK`, `VOLATILITY_FK`, `SECURITY_FAMILY_FK`, `INTREST_RATE_FAMILY_FK`) VALUES (89,'CA','CA',NULL,NULL,40,NULL);
INSERT INTO `security` (`id`, `ISIN`, `SYMBOL`, `UNDERLAYING_FK`, `VOLATILITY_FK`, `SECURITY_FAMILY_FK`, `INTREST_RATE_FAMILY_FK`) VALUES (90,'CELG','CELG',NULL,NULL,40,NULL);
INSERT INTO `security` (`id`, `ISIN`, `SYMBOL`, `UNDERLAYING_FK`, `VOLATILITY_FK`, `SECURITY_FAMILY_FK`, `INTREST_RATE_FAMILY_FK`) VALUES (91,'CERN','CERN',NULL,NULL,40,NULL);
INSERT INTO `security` (`id`, `ISIN`, `SYMBOL`, `UNDERLAYING_FK`, `VOLATILITY_FK`, `SECURITY_FAMILY_FK`, `INTREST_RATE_FAMILY_FK`) VALUES (92,'CHKP','CHKP',NULL,NULL,40,NULL);
INSERT INTO `security` (`id`, `ISIN`, `SYMBOL`, `UNDERLAYING_FK`, `VOLATILITY_FK`, `SECURITY_FAMILY_FK`, `INTREST_RATE_FAMILY_FK`) VALUES (93,'CTXS','CTXS',NULL,NULL,40,NULL);
INSERT INTO `security` (`id`, `ISIN`, `SYMBOL`, `UNDERLAYING_FK`, `VOLATILITY_FK`, `SECURITY_FAMILY_FK`, `INTREST_RATE_FAMILY_FK`) VALUES (94,'CTSH','CTSH',NULL,NULL,40,NULL);
INSERT INTO `security` (`id`, `ISIN`, `SYMBOL`, `UNDERLAYING_FK`, `VOLATILITY_FK`, `SECURITY_FAMILY_FK`, `INTREST_RATE_FAMILY_FK`) VALUES (95,'CMCSA','CMCSA',NULL,NULL,40,NULL);
INSERT INTO `security` (`id`, `ISIN`, `SYMBOL`, `UNDERLAYING_FK`, `VOLATILITY_FK`, `SECURITY_FAMILY_FK`, `INTREST_RATE_FAMILY_FK`) VALUES (96,'COST','COST',NULL,NULL,40,NULL);
INSERT INTO `security` (`id`, `ISIN`, `SYMBOL`, `UNDERLAYING_FK`, `VOLATILITY_FK`, `SECURITY_FAMILY_FK`, `INTREST_RATE_FAMILY_FK`) VALUES (97,'CTRP','CTRP',NULL,NULL,40,NULL);
INSERT INTO `security` (`id`, `ISIN`, `SYMBOL`, `UNDERLAYING_FK`, `VOLATILITY_FK`, `SECURITY_FAMILY_FK`, `INTREST_RATE_FAMILY_FK`) VALUES (98,'DELL','DELL',NULL,NULL,40,NULL);
INSERT INTO `security` (`id`, `ISIN`, `SYMBOL`, `UNDERLAYING_FK`, `VOLATILITY_FK`, `SECURITY_FAMILY_FK`, `INTREST_RATE_FAMILY_FK`) VALUES (99,'XRAY','XRAY',NULL,NULL,40,NULL);
INSERT INTO `security` (`id`, `ISIN`, `SYMBOL`, `UNDERLAYING_FK`, `VOLATILITY_FK`, `SECURITY_FAMILY_FK`, `INTREST_RATE_FAMILY_FK`) VALUES (100,'DTV','DTV',NULL,NULL,40,NULL);
INSERT INTO `security` (`id`, `ISIN`, `SYMBOL`, `UNDERLAYING_FK`, `VOLATILITY_FK`, `SECURITY_FAMILY_FK`, `INTREST_RATE_FAMILY_FK`) VALUES (101,'DLTR','DLTR',NULL,NULL,40,NULL);
INSERT INTO `security` (`id`, `ISIN`, `SYMBOL`, `UNDERLAYING_FK`, `VOLATILITY_FK`, `SECURITY_FAMILY_FK`, `INTREST_RATE_FAMILY_FK`) VALUES (102,'EBAY','EBAY',NULL,NULL,40,NULL);
INSERT INTO `security` (`id`, `ISIN`, `SYMBOL`, `UNDERLAYING_FK`, `VOLATILITY_FK`, `SECURITY_FAMILY_FK`, `INTREST_RATE_FAMILY_FK`) VALUES (103,'ERTS','ERTS',NULL,NULL,40,NULL);
INSERT INTO `security` (`id`, `ISIN`, `SYMBOL`, `UNDERLAYING_FK`, `VOLATILITY_FK`, `SECURITY_FAMILY_FK`, `INTREST_RATE_FAMILY_FK`) VALUES (104,'EXPE','EXPE',NULL,NULL,40,NULL);
INSERT INTO `security` (`id`, `ISIN`, `SYMBOL`, `UNDERLAYING_FK`, `VOLATILITY_FK`, `SECURITY_FAMILY_FK`, `INTREST_RATE_FAMILY_FK`) VALUES (105,'EXPD','EXPD',NULL,NULL,40,NULL);
INSERT INTO `security` (`id`, `ISIN`, `SYMBOL`, `UNDERLAYING_FK`, `VOLATILITY_FK`, `SECURITY_FAMILY_FK`, `INTREST_RATE_FAMILY_FK`) VALUES (106,'ESRX','ESRX',NULL,NULL,40,NULL);
INSERT INTO `security` (`id`, `ISIN`, `SYMBOL`, `UNDERLAYING_FK`, `VOLATILITY_FK`, `SECURITY_FAMILY_FK`, `INTREST_RATE_FAMILY_FK`) VALUES (107,'FFIV','FFIV',NULL,NULL,40,NULL);
INSERT INTO `security` (`id`, `ISIN`, `SYMBOL`, `UNDERLAYING_FK`, `VOLATILITY_FK`, `SECURITY_FAMILY_FK`, `INTREST_RATE_FAMILY_FK`) VALUES (108,'FAST','FAST',NULL,NULL,40,NULL);
INSERT INTO `security` (`id`, `ISIN`, `SYMBOL`, `UNDERLAYING_FK`, `VOLATILITY_FK`, `SECURITY_FAMILY_FK`, `INTREST_RATE_FAMILY_FK`) VALUES (109,'FSLR','FSLR',NULL,NULL,40,NULL);
INSERT INTO `security` (`id`, `ISIN`, `SYMBOL`, `UNDERLAYING_FK`, `VOLATILITY_FK`, `SECURITY_FAMILY_FK`, `INTREST_RATE_FAMILY_FK`) VALUES (110,'FISV','FISV',NULL,NULL,40,NULL);
INSERT INTO `security` (`id`, `ISIN`, `SYMBOL`, `UNDERLAYING_FK`, `VOLATILITY_FK`, `SECURITY_FAMILY_FK`, `INTREST_RATE_FAMILY_FK`) VALUES (111,'FLEX','FLEX',NULL,NULL,40,NULL);
INSERT INTO `security` (`id`, `ISIN`, `SYMBOL`, `UNDERLAYING_FK`, `VOLATILITY_FK`, `SECURITY_FAMILY_FK`, `INTREST_RATE_FAMILY_FK`) VALUES (112,'FLIR','FLIR',NULL,NULL,40,NULL);
INSERT INTO `security` (`id`, `ISIN`, `SYMBOL`, `UNDERLAYING_FK`, `VOLATILITY_FK`, `SECURITY_FAMILY_FK`, `INTREST_RATE_FAMILY_FK`) VALUES (113,'GRMN','GRMN',NULL,NULL,40,NULL);
INSERT INTO `security` (`id`, `ISIN`, `SYMBOL`, `UNDERLAYING_FK`, `VOLATILITY_FK`, `SECURITY_FAMILY_FK`, `INTREST_RATE_FAMILY_FK`) VALUES (114,'GILD','GILD',NULL,NULL,40,NULL);
INSERT INTO `security` (`id`, `ISIN`, `SYMBOL`, `UNDERLAYING_FK`, `VOLATILITY_FK`, `SECURITY_FAMILY_FK`, `INTREST_RATE_FAMILY_FK`) VALUES (115,'GMCR','GMCR',NULL,NULL,40,NULL);
INSERT INTO `security` (`id`, `ISIN`, `SYMBOL`, `UNDERLAYING_FK`, `VOLATILITY_FK`, `SECURITY_FAMILY_FK`, `INTREST_RATE_FAMILY_FK`) VALUES (116,'HSIC','HSIC',NULL,NULL,40,NULL);
INSERT INTO `security` (`id`, `ISIN`, `SYMBOL`, `UNDERLAYING_FK`, `VOLATILITY_FK`, `SECURITY_FAMILY_FK`, `INTREST_RATE_FAMILY_FK`) VALUES (117,'ILMN','ILMN',NULL,NULL,40,NULL);
INSERT INTO `security` (`id`, `ISIN`, `SYMBOL`, `UNDERLAYING_FK`, `VOLATILITY_FK`, `SECURITY_FAMILY_FK`, `INTREST_RATE_FAMILY_FK`) VALUES (118,'INFY','INFY',NULL,NULL,40,NULL);
INSERT INTO `security` (`id`, `ISIN`, `SYMBOL`, `UNDERLAYING_FK`, `VOLATILITY_FK`, `SECURITY_FAMILY_FK`, `INTREST_RATE_FAMILY_FK`) VALUES (119,'INTU','INTU',NULL,NULL,40,NULL);
INSERT INTO `security` (`id`, `ISIN`, `SYMBOL`, `UNDERLAYING_FK`, `VOLATILITY_FK`, `SECURITY_FAMILY_FK`, `INTREST_RATE_FAMILY_FK`) VALUES (120,'ISRG','ISRG',NULL,NULL,40,NULL);
INSERT INTO `security` (`id`, `ISIN`, `SYMBOL`, `UNDERLAYING_FK`, `VOLATILITY_FK`, `SECURITY_FAMILY_FK`, `INTREST_RATE_FAMILY_FK`) VALUES (121,'JOYG','JOYG',NULL,NULL,40,NULL);
INSERT INTO `security` (`id`, `ISIN`, `SYMBOL`, `UNDERLAYING_FK`, `VOLATILITY_FK`, `SECURITY_FAMILY_FK`, `INTREST_RATE_FAMILY_FK`) VALUES (122,'KLAC','KLAC',NULL,NULL,40,NULL);
INSERT INTO `security` (`id`, `ISIN`, `SYMBOL`, `UNDERLAYING_FK`, `VOLATILITY_FK`, `SECURITY_FAMILY_FK`, `INTREST_RATE_FAMILY_FK`) VALUES (123,'LRCX','LRCX',NULL,NULL,40,NULL);
INSERT INTO `security` (`id`, `ISIN`, `SYMBOL`, `UNDERLAYING_FK`, `VOLATILITY_FK`, `SECURITY_FAMILY_FK`, `INTREST_RATE_FAMILY_FK`) VALUES (124,'LINTA','LINTA',NULL,NULL,40,NULL);
INSERT INTO `security` (`id`, `ISIN`, `SYMBOL`, `UNDERLAYING_FK`, `VOLATILITY_FK`, `SECURITY_FAMILY_FK`, `INTREST_RATE_FAMILY_FK`) VALUES (125,'LIFE','LIFE',NULL,NULL,40,NULL);
INSERT INTO `security` (`id`, `ISIN`, `SYMBOL`, `UNDERLAYING_FK`, `VOLATILITY_FK`, `SECURITY_FAMILY_FK`, `INTREST_RATE_FAMILY_FK`) VALUES (126,'LLTC','LLTC',NULL,NULL,40,NULL);
INSERT INTO `security` (`id`, `ISIN`, `SYMBOL`, `UNDERLAYING_FK`, `VOLATILITY_FK`, `SECURITY_FAMILY_FK`, `INTREST_RATE_FAMILY_FK`) VALUES (127,'MRVL','MRVL',NULL,NULL,40,NULL);
INSERT INTO `security` (`id`, `ISIN`, `SYMBOL`, `UNDERLAYING_FK`, `VOLATILITY_FK`, `SECURITY_FAMILY_FK`, `INTREST_RATE_FAMILY_FK`) VALUES (128,'MAT','MAT',NULL,NULL,40,NULL);
INSERT INTO `security` (`id`, `ISIN`, `SYMBOL`, `UNDERLAYING_FK`, `VOLATILITY_FK`, `SECURITY_FAMILY_FK`, `INTREST_RATE_FAMILY_FK`) VALUES (129,'MXIM','MXIM',NULL,NULL,40,NULL);
INSERT INTO `security` (`id`, `ISIN`, `SYMBOL`, `UNDERLAYING_FK`, `VOLATILITY_FK`, `SECURITY_FAMILY_FK`, `INTREST_RATE_FAMILY_FK`) VALUES (130,'MCHP','MCHP',NULL,NULL,40,NULL);
INSERT INTO `security` (`id`, `ISIN`, `SYMBOL`, `UNDERLAYING_FK`, `VOLATILITY_FK`, `SECURITY_FAMILY_FK`, `INTREST_RATE_FAMILY_FK`) VALUES (131,'MU','MU',NULL,NULL,40,NULL);
INSERT INTO `security` (`id`, `ISIN`, `SYMBOL`, `UNDERLAYING_FK`, `VOLATILITY_FK`, `SECURITY_FAMILY_FK`, `INTREST_RATE_FAMILY_FK`) VALUES (132,'MYL','MYL',NULL,NULL,40,NULL);
INSERT INTO `security` (`id`, `ISIN`, `SYMBOL`, `UNDERLAYING_FK`, `VOLATILITY_FK`, `SECURITY_FAMILY_FK`, `INTREST_RATE_FAMILY_FK`) VALUES (133,'NTAP','NTAP',NULL,NULL,40,NULL);
INSERT INTO `security` (`id`, `ISIN`, `SYMBOL`, `UNDERLAYING_FK`, `VOLATILITY_FK`, `SECURITY_FAMILY_FK`, `INTREST_RATE_FAMILY_FK`) VALUES (134,'NFLX','NFLX',NULL,NULL,40,NULL);
INSERT INTO `security` (`id`, `ISIN`, `SYMBOL`, `UNDERLAYING_FK`, `VOLATILITY_FK`, `SECURITY_FAMILY_FK`, `INTREST_RATE_FAMILY_FK`) VALUES (135,'NWSA','NWSA',NULL,NULL,40,NULL);
INSERT INTO `security` (`id`, `ISIN`, `SYMBOL`, `UNDERLAYING_FK`, `VOLATILITY_FK`, `SECURITY_FAMILY_FK`, `INTREST_RATE_FAMILY_FK`) VALUES (136,'NIHD','NIHD',NULL,NULL,40,NULL);
INSERT INTO `security` (`id`, `ISIN`, `SYMBOL`, `UNDERLAYING_FK`, `VOLATILITY_FK`, `SECURITY_FAMILY_FK`, `INTREST_RATE_FAMILY_FK`) VALUES (137,'NVDA','NVDA',NULL,NULL,40,NULL);
INSERT INTO `security` (`id`, `ISIN`, `SYMBOL`, `UNDERLAYING_FK`, `VOLATILITY_FK`, `SECURITY_FAMILY_FK`, `INTREST_RATE_FAMILY_FK`) VALUES (138,'ORLY','ORLY',NULL,NULL,40,NULL);
INSERT INTO `security` (`id`, `ISIN`, `SYMBOL`, `UNDERLAYING_FK`, `VOLATILITY_FK`, `SECURITY_FAMILY_FK`, `INTREST_RATE_FAMILY_FK`) VALUES (139,'ORCL','ORCL',NULL,NULL,40,NULL);
INSERT INTO `security` (`id`, `ISIN`, `SYMBOL`, `UNDERLAYING_FK`, `VOLATILITY_FK`, `SECURITY_FAMILY_FK`, `INTREST_RATE_FAMILY_FK`) VALUES (140,'PCAR','PCAR',NULL,NULL,40,NULL);
INSERT INTO `security` (`id`, `ISIN`, `SYMBOL`, `UNDERLAYING_FK`, `VOLATILITY_FK`, `SECURITY_FAMILY_FK`, `INTREST_RATE_FAMILY_FK`) VALUES (141,'PAYX','PAYX',NULL,NULL,40,NULL);
INSERT INTO `security` (`id`, `ISIN`, `SYMBOL`, `UNDERLAYING_FK`, `VOLATILITY_FK`, `SECURITY_FAMILY_FK`, `INTREST_RATE_FAMILY_FK`) VALUES (142,'PCLN','PCLN',NULL,NULL,40,NULL);
INSERT INTO `security` (`id`, `ISIN`, `SYMBOL`, `UNDERLAYING_FK`, `VOLATILITY_FK`, `SECURITY_FAMILY_FK`, `INTREST_RATE_FAMILY_FK`) VALUES (143,'QGEN','QGEN',NULL,NULL,40,NULL);
INSERT INTO `security` (`id`, `ISIN`, `SYMBOL`, `UNDERLAYING_FK`, `VOLATILITY_FK`, `SECURITY_FAMILY_FK`, `INTREST_RATE_FAMILY_FK`) VALUES (144,'QCOM','QCOM',NULL,NULL,40,NULL);
INSERT INTO `security` (`id`, `ISIN`, `SYMBOL`, `UNDERLAYING_FK`, `VOLATILITY_FK`, `SECURITY_FAMILY_FK`, `INTREST_RATE_FAMILY_FK`) VALUES (145,'RIMM','RIMM',NULL,NULL,40,NULL);
INSERT INTO `security` (`id`, `ISIN`, `SYMBOL`, `UNDERLAYING_FK`, `VOLATILITY_FK`, `SECURITY_FAMILY_FK`, `INTREST_RATE_FAMILY_FK`) VALUES (146,'ROST','ROST',NULL,NULL,40,NULL);
INSERT INTO `security` (`id`, `ISIN`, `SYMBOL`, `UNDERLAYING_FK`, `VOLATILITY_FK`, `SECURITY_FAMILY_FK`, `INTREST_RATE_FAMILY_FK`) VALUES (147,'SNDK','SNDK',NULL,NULL,40,NULL);
INSERT INTO `security` (`id`, `ISIN`, `SYMBOL`, `UNDERLAYING_FK`, `VOLATILITY_FK`, `SECURITY_FAMILY_FK`, `INTREST_RATE_FAMILY_FK`) VALUES (148,'STX','STX',NULL,NULL,40,NULL);
INSERT INTO `security` (`id`, `ISIN`, `SYMBOL`, `UNDERLAYING_FK`, `VOLATILITY_FK`, `SECURITY_FAMILY_FK`, `INTREST_RATE_FAMILY_FK`) VALUES (149,'SHLD','SHLD',NULL,NULL,40,NULL);
INSERT INTO `security` (`id`, `ISIN`, `SYMBOL`, `UNDERLAYING_FK`, `VOLATILITY_FK`, `SECURITY_FAMILY_FK`, `INTREST_RATE_FAMILY_FK`) VALUES (150,'SIAL','SIAL',NULL,NULL,40,NULL);
INSERT INTO `security` (`id`, `ISIN`, `SYMBOL`, `UNDERLAYING_FK`, `VOLATILITY_FK`, `SECURITY_FAMILY_FK`, `INTREST_RATE_FAMILY_FK`) VALUES (151,'SIRI','SIRI',NULL,NULL,40,NULL);
INSERT INTO `security` (`id`, `ISIN`, `SYMBOL`, `UNDERLAYING_FK`, `VOLATILITY_FK`, `SECURITY_FAMILY_FK`, `INTREST_RATE_FAMILY_FK`) VALUES (152,'SPLS','SPLS',NULL,NULL,40,NULL);
INSERT INTO `security` (`id`, `ISIN`, `SYMBOL`, `UNDERLAYING_FK`, `VOLATILITY_FK`, `SECURITY_FAMILY_FK`, `INTREST_RATE_FAMILY_FK`) VALUES (153,'SBUX','SBUX',NULL,NULL,40,NULL);
INSERT INTO `security` (`id`, `ISIN`, `SYMBOL`, `UNDERLAYING_FK`, `VOLATILITY_FK`, `SECURITY_FAMILY_FK`, `INTREST_RATE_FAMILY_FK`) VALUES (154,'SRCL','SRCL',NULL,NULL,40,NULL);
INSERT INTO `security` (`id`, `ISIN`, `SYMBOL`, `UNDERLAYING_FK`, `VOLATILITY_FK`, `SECURITY_FAMILY_FK`, `INTREST_RATE_FAMILY_FK`) VALUES (155,'SYMC','SYMC',NULL,NULL,40,NULL);
INSERT INTO `security` (`id`, `ISIN`, `SYMBOL`, `UNDERLAYING_FK`, `VOLATILITY_FK`, `SECURITY_FAMILY_FK`, `INTREST_RATE_FAMILY_FK`) VALUES (156,'TEVA','TEVA',NULL,NULL,40,NULL);
INSERT INTO `security` (`id`, `ISIN`, `SYMBOL`, `UNDERLAYING_FK`, `VOLATILITY_FK`, `SECURITY_FAMILY_FK`, `INTREST_RATE_FAMILY_FK`) VALUES (157,'URBN','URBN',NULL,NULL,40,NULL);
INSERT INTO `security` (`id`, `ISIN`, `SYMBOL`, `UNDERLAYING_FK`, `VOLATILITY_FK`, `SECURITY_FAMILY_FK`, `INTREST_RATE_FAMILY_FK`) VALUES (158,'VRSN','VRSN',NULL,NULL,40,NULL);
INSERT INTO `security` (`id`, `ISIN`, `SYMBOL`, `UNDERLAYING_FK`, `VOLATILITY_FK`, `SECURITY_FAMILY_FK`, `INTREST_RATE_FAMILY_FK`) VALUES (159,'VRTX','VRTX',NULL,NULL,40,NULL);
INSERT INTO `security` (`id`, `ISIN`, `SYMBOL`, `UNDERLAYING_FK`, `VOLATILITY_FK`, `SECURITY_FAMILY_FK`, `INTREST_RATE_FAMILY_FK`) VALUES (160,'VMED','VMED',NULL,NULL,40,NULL);
INSERT INTO `security` (`id`, `ISIN`, `SYMBOL`, `UNDERLAYING_FK`, `VOLATILITY_FK`, `SECURITY_FAMILY_FK`, `INTREST_RATE_FAMILY_FK`) VALUES (161,'VOD','VOD',NULL,NULL,40,NULL);
INSERT INTO `security` (`id`, `ISIN`, `SYMBOL`, `UNDERLAYING_FK`, `VOLATILITY_FK`, `SECURITY_FAMILY_FK`, `INTREST_RATE_FAMILY_FK`) VALUES (162,'WCRX','WCRX',NULL,NULL,40,NULL);
INSERT INTO `security` (`id`, `ISIN`, `SYMBOL`, `UNDERLAYING_FK`, `VOLATILITY_FK`, `SECURITY_FAMILY_FK`, `INTREST_RATE_FAMILY_FK`) VALUES (163,'WFM','WFM',NULL,NULL,40,NULL);
INSERT INTO `security` (`id`, `ISIN`, `SYMBOL`, `UNDERLAYING_FK`, `VOLATILITY_FK`, `SECURITY_FAMILY_FK`, `INTREST_RATE_FAMILY_FK`) VALUES (164,'WYNN','WYNN',NULL,NULL,40,NULL);
INSERT INTO `security` (`id`, `ISIN`, `SYMBOL`, `UNDERLAYING_FK`, `VOLATILITY_FK`, `SECURITY_FAMILY_FK`, `INTREST_RATE_FAMILY_FK`) VALUES (165,'XLNX','XLNX',NULL,NULL,40,NULL);
INSERT INTO `security` (`id`, `ISIN`, `SYMBOL`, `UNDERLAYING_FK`, `VOLATILITY_FK`, `SECURITY_FAMILY_FK`, `INTREST_RATE_FAMILY_FK`) VALUES (166,'YHOO','YHOO',NULL,NULL,40,NULL);
/*!40000 ALTER TABLE `security` ENABLE KEYS */;
UNLOCK TABLES;

--
-- Dumping data for table `security_family`
--

LOCK TABLES `security_family` WRITE;
/*!40000 ALTER TABLE `security_family` DISABLE KEYS */;
INSERT INTO `security_family` (`id`, `NAME`, `MARKET`, `CURRENCY`, `CONTRACT_SIZE`, `TICK_SIZE`, `COMMISSION`, `MARKET_OPEN`, `MARKET_CLOSE`, `TRADEABLE`, `SIMULATABLE`, `SPREAD_SLOPE`, `SPREAD_CONSTANT`, `MAX_SPREAD_SLOPE`, `MAX_SPREAD_CONSTANT`, `PERIODICITY`, `UNDERLAYING_FK`) VALUES (1,'SMI','SOFFEX','CHF',1,0.1,'0.00000','09:00:00','17:20:00','\0','\0',NULL,NULL,NULL,NULL,'MINUTE',NULL);
INSERT INTO `security_family` (`id`, `NAME`, `MARKET`, `CURRENCY`, `CONTRACT_SIZE`, `TICK_SIZE`, `COMMISSION`, `MARKET_OPEN`, `MARKET_CLOSE`, `TRADEABLE`, `SIMULATABLE`, `SPREAD_SLOPE`, `SPREAD_CONSTANT`, `MAX_SPREAD_SLOPE`, `MAX_SPREAD_CONSTANT`, `PERIODICITY`, `UNDERLAYING_FK`) VALUES (2,'VSMI','DTB','CHF',1,0.01,NULL,'09:00:00','17:20:00','\0','\0',NULL,NULL,NULL,NULL,'MINUTE',4);
INSERT INTO `security_family` (`id`, `NAME`, `MARKET`, `CURRENCY`, `CONTRACT_SIZE`, `TICK_SIZE`, `COMMISSION`, `MARKET_OPEN`, `MARKET_CLOSE`, `TRADEABLE`, `SIMULATABLE`, `SPREAD_SLOPE`, `SPREAD_CONSTANT`, `MAX_SPREAD_SLOPE`, `MAX_SPREAD_CONSTANT`, `PERIODICITY`, `UNDERLAYING_FK`) VALUES (3,'OSMI','SOFFEX','CHF',10,0.1,'2.40000','09:10:00','17:10:00','','',0.033,11.7,0.037,25,'MINUTE',4);
INSERT INTO `security_family` (`id`, `NAME`, `MARKET`, `CURRENCY`, `CONTRACT_SIZE`, `TICK_SIZE`, `COMMISSION`, `MARKET_OPEN`, `MARKET_CLOSE`, `TRADEABLE`, `SIMULATABLE`, `SPREAD_SLOPE`, `SPREAD_CONSTANT`, `MAX_SPREAD_SLOPE`, `MAX_SPREAD_CONSTANT`, `PERIODICITY`, `UNDERLAYING_FK`) VALUES (4,'ESTX50','DTB','EUR',1,0.01,NULL,'09:00:00','17:30:00','\0','\0',NULL,NULL,NULL,NULL,'MINUTE',NULL);
INSERT INTO `security_family` (`id`, `NAME`, `MARKET`, `CURRENCY`, `CONTRACT_SIZE`, `TICK_SIZE`, `COMMISSION`, `MARKET_OPEN`, `MARKET_CLOSE`, `TRADEABLE`, `SIMULATABLE`, `SPREAD_SLOPE`, `SPREAD_CONSTANT`, `MAX_SPREAD_SLOPE`, `MAX_SPREAD_CONSTANT`, `PERIODICITY`, `UNDERLAYING_FK`) VALUES (5,'V2TX','DTB','EUR',1,0.01,NULL,'09:00:00','17:30:00','\0','\0',NULL,NULL,NULL,NULL,'MINUTE',2);
INSERT INTO `security_family` (`id`, `NAME`, `MARKET`, `CURRENCY`, `CONTRACT_SIZE`, `TICK_SIZE`, `COMMISSION`, `MARKET_OPEN`, `MARKET_CLOSE`, `TRADEABLE`, `SIMULATABLE`, `SPREAD_SLOPE`, `SPREAD_CONSTANT`, `MAX_SPREAD_SLOPE`, `MAX_SPREAD_CONSTANT`, `PERIODICITY`, `UNDERLAYING_FK`) VALUES (6,'OESX','DTB','EUR',10,0.1,'1.21000','09:10:00','17:20:00','','',0.0133,6.7265,0.015,20,'MINUTE',2);
INSERT INTO `security_family` (`id`, `NAME`, `MARKET`, `CURRENCY`, `CONTRACT_SIZE`, `TICK_SIZE`, `COMMISSION`, `MARKET_OPEN`, `MARKET_CLOSE`, `TRADEABLE`, `SIMULATABLE`, `SPREAD_SLOPE`, `SPREAD_CONSTANT`, `MAX_SPREAD_SLOPE`, `MAX_SPREAD_CONSTANT`, `PERIODICITY`, `UNDERLAYING_FK`) VALUES (7,'DEPOSIT RATE CHF','IDEALPRO','CHF',1,0.01,NULL,'09:00:00','17:30:00','\0','\0',NULL,NULL,NULL,NULL,'DAY',NULL);
INSERT INTO `security_family` (`id`, `NAME`, `MARKET`, `CURRENCY`, `CONTRACT_SIZE`, `TICK_SIZE`, `COMMISSION`, `MARKET_OPEN`, `MARKET_CLOSE`, `TRADEABLE`, `SIMULATABLE`, `SPREAD_SLOPE`, `SPREAD_CONSTANT`, `MAX_SPREAD_SLOPE`, `MAX_SPREAD_CONSTANT`, `PERIODICITY`, `UNDERLAYING_FK`) VALUES (8,'CHF FOREX','IDEALPRO','CHF',1,5e-005,'0.00002','07:00:00','23:00:00','','\0',0,0.0001,0,0.0004,'HOUR',NULL);
INSERT INTO `security_family` (`id`, `NAME`, `MARKET`, `CURRENCY`, `CONTRACT_SIZE`, `TICK_SIZE`, `COMMISSION`, `MARKET_OPEN`, `MARKET_CLOSE`, `TRADEABLE`, `SIMULATABLE`, `SPREAD_SLOPE`, `SPREAD_CONSTANT`, `MAX_SPREAD_SLOPE`, `MAX_SPREAD_CONSTANT`, `PERIODICITY`, `UNDERLAYING_FK`) VALUES (9,'USD FOREX','IDEALPRO','USD',1,5e-005,'0.00002','07:00:00','23:00:00','','\0',0,0.0001,0,0.0004,'HOUR',NULL);
INSERT INTO `security_family` (`id`, `NAME`, `MARKET`, `CURRENCY`, `CONTRACT_SIZE`, `TICK_SIZE`, `COMMISSION`, `MARKET_OPEN`, `MARKET_CLOSE`, `TRADEABLE`, `SIMULATABLE`, `SPREAD_SLOPE`, `SPREAD_CONSTANT`, `MAX_SPREAD_SLOPE`, `MAX_SPREAD_CONSTANT`, `PERIODICITY`, `UNDERLAYING_FK`) VALUES (10,'FSMI','SOFFEX','CHF',10,1,'4.00000','07:50:00','22:00:00','','',0.0003,0,0.037,25,'MINUTE',4);
INSERT INTO `security_family` (`id`, `NAME`, `MARKET`, `CURRENCY`, `CONTRACT_SIZE`, `TICK_SIZE`, `COMMISSION`, `MARKET_OPEN`, `MARKET_CLOSE`, `TRADEABLE`, `SIMULATABLE`, `SPREAD_SLOPE`, `SPREAD_CONSTANT`, `MAX_SPREAD_SLOPE`, `MAX_SPREAD_CONSTANT`, `PERIODICITY`, `UNDERLAYING_FK`) VALUES (11,'SPX','SMART','USD',1,0.01,'0.00000','15:30:00','22:00:00','\0','\0',NULL,NULL,NULL,NULL,'MINUTE',NULL);
INSERT INTO `security_family` (`id`, `NAME`, `MARKET`, `CURRENCY`, `CONTRACT_SIZE`, `TICK_SIZE`, `COMMISSION`, `MARKET_OPEN`, `MARKET_CLOSE`, `TRADEABLE`, `SIMULATABLE`, `SPREAD_SLOPE`, `SPREAD_CONSTANT`, `MAX_SPREAD_SLOPE`, `MAX_SPREAD_CONSTANT`, `PERIODICITY`, `UNDERLAYING_FK`) VALUES (12,'GFES','GLOBEX','USD',1,0.01,'0.00000','08:00:00','18:00:00','\0','\0',NULL,NULL,NULL,NULL,'HOUR',NULL);
INSERT INTO `security_family` (`id`, `NAME`, `MARKET`, `CURRENCY`, `CONTRACT_SIZE`, `TICK_SIZE`, `COMMISSION`, `MARKET_OPEN`, `MARKET_CLOSE`, `TRADEABLE`, `SIMULATABLE`, `SPREAD_SLOPE`, `SPREAD_CONSTANT`, `MAX_SPREAD_SLOPE`, `MAX_SPREAD_CONSTANT`, `PERIODICITY`, `UNDERLAYING_FK`) VALUES (13,'GFLH','CME','USD',1,0.01,'0.00000','08:00:00','18:00:00','\0','\0',NULL,NULL,NULL,NULL,'HOUR',NULL);
INSERT INTO `security_family` (`id`, `NAME`, `MARKET`, `CURRENCY`, `CONTRACT_SIZE`, `TICK_SIZE`, `COMMISSION`, `MARKET_OPEN`, `MARKET_CLOSE`, `TRADEABLE`, `SIMULATABLE`, `SPREAD_SLOPE`, `SPREAD_CONSTANT`, `MAX_SPREAD_SLOPE`, `MAX_SPREAD_CONSTANT`, `PERIODICITY`, `UNDERLAYING_FK`) VALUES (14,'GFNG','NYMEX','USD',1,0.01,'0.00000','08:00:00','18:00:00','\0','\0',NULL,NULL,NULL,NULL,'HOUR',NULL);
INSERT INTO `security_family` (`id`, `NAME`, `MARKET`, `CURRENCY`, `CONTRACT_SIZE`, `TICK_SIZE`, `COMMISSION`, `MARKET_OPEN`, `MARKET_CLOSE`, `TRADEABLE`, `SIMULATABLE`, `SPREAD_SLOPE`, `SPREAD_CONSTANT`, `MAX_SPREAD_SLOPE`, `MAX_SPREAD_CONSTANT`, `PERIODICITY`, `UNDERLAYING_FK`) VALUES (20,'VIX','CBOE','USD',1,0.01,NULL,'15:30:00','22:00:00','\0','\0',NULL,NULL,NULL,NULL,'MINUTE',12);
INSERT INTO `security_family` (`id`, `NAME`, `MARKET`, `CURRENCY`, `CONTRACT_SIZE`, `TICK_SIZE`, `COMMISSION`, `MARKET_OPEN`, `MARKET_CLOSE`, `TRADEABLE`, `SIMULATABLE`, `SPREAD_SLOPE`, `SPREAD_CONSTANT`, `MAX_SPREAD_SLOPE`, `MAX_SPREAD_CONSTANT`, `PERIODICITY`, `UNDERLAYING_FK`) VALUES (21,'UX','CFE','USD',1000,0.05,NULL,'14:00:00','22:15:00','\0','\0',NULL,NULL,NULL,NULL,'MINUTE',29);
INSERT INTO `security_family` (`id`, `NAME`, `MARKET`, `CURRENCY`, `CONTRACT_SIZE`, `TICK_SIZE`, `COMMISSION`, `MARKET_OPEN`, `MARKET_CLOSE`, `TRADEABLE`, `SIMULATABLE`, `SPREAD_SLOPE`, `SPREAD_CONSTANT`, `MAX_SPREAD_SLOPE`, `MAX_SPREAD_CONSTANT`, `PERIODICITY`, `UNDERLAYING_FK`) VALUES (22,'FVIX','CFE','USD',1000,0.05,'1.87000','14:00:00','22:15:00','','',0,75,0,400,'MINUTE',29);
INSERT INTO `security_family` (`id`, `NAME`, `MARKET`, `CURRENCY`, `CONTRACT_SIZE`, `TICK_SIZE`, `COMMISSION`, `MARKET_OPEN`, `MARKET_CLOSE`, `TRADEABLE`, `SIMULATABLE`, `SPREAD_SLOPE`, `SPREAD_CONSTANT`, `MAX_SPREAD_SLOPE`, `MAX_SPREAD_CONSTANT`, `PERIODICITY`, `UNDERLAYING_FK`) VALUES (23,'MFVIX','CFE','USD',100,0.05,'1.87000','14:00:00','22:15:00','','',0,75,0,400,'MINUTE',29);
INSERT INTO `security_family` (`id`, `NAME`, `MARKET`, `CURRENCY`, `CONTRACT_SIZE`, `TICK_SIZE`, `COMMISSION`, `MARKET_OPEN`, `MARKET_CLOSE`, `TRADEABLE`, `SIMULATABLE`, `SPREAD_SLOPE`, `SPREAD_CONSTANT`, `MAX_SPREAD_SLOPE`, `MAX_SPREAD_CONSTANT`, `PERIODICITY`, `UNDERLAYING_FK`) VALUES (24,'OSPX','CBOE','USD',100,0.1,'1.02000','15:30:00','22:15:00','','',0.013,6.726,0.015,20,'MINUTE',12);
INSERT INTO `security_family` (`id`, `NAME`, `MARKET`, `CURRENCY`, `CONTRACT_SIZE`, `TICK_SIZE`, `COMMISSION`, `MARKET_OPEN`, `MARKET_CLOSE`, `TRADEABLE`, `SIMULATABLE`, `SPREAD_SLOPE`, `SPREAD_CONSTANT`, `MAX_SPREAD_SLOPE`, `MAX_SPREAD_CONSTANT`, `PERIODICITY`, `UNDERLAYING_FK`) VALUES (25,'IVSPX','CBOE','USD',1,0.0001,NULL,'15:30:00','22:15:00','\0','\0',NULL,NULL,NULL,NULL,'DAY',12);
INSERT INTO `security_family` (`id`, `NAME`, `MARKET`, `CURRENCY`, `CONTRACT_SIZE`, `TICK_SIZE`, `COMMISSION`, `MARKET_OPEN`, `MARKET_CLOSE`, `TRADEABLE`, `SIMULATABLE`, `SPREAD_SLOPE`, `SPREAD_CONSTANT`, `MAX_SPREAD_SLOPE`, `MAX_SPREAD_CONSTANT`, `PERIODICITY`, `UNDERLAYING_FK`) VALUES (26,'OVIX','CBOE','USD',100,0.1,'1.02000','15:30:00','22:15:00','','',0.013,6.726,0.015,20,'MINUTE',29);
INSERT INTO `security_family` (`id`, `NAME`, `MARKET`, `CURRENCY`, `CONTRACT_SIZE`, `TICK_SIZE`, `COMMISSION`, `MARKET_OPEN`, `MARKET_CLOSE`, `TRADEABLE`, `SIMULATABLE`, `SPREAD_SLOPE`, `SPREAD_CONSTANT`, `MAX_SPREAD_SLOPE`, `MAX_SPREAD_CONSTANT`, `PERIODICITY`, `UNDERLAYING_FK`) VALUES (40,'NASDAQ','NASDAQ','USD',1,0.1,'0.00000','00:00:00','23:59:59','','\0',NULL,NULL,NULL,NULL,'MINUTE',NULL);
INSERT INTO `security_family` (`id`, `NAME`, `MARKET`, `CURRENCY`, `CONTRACT_SIZE`, `TICK_SIZE`, `COMMISSION`, `MARKET_OPEN`, `MARKET_CLOSE`, `TRADEABLE`, `SIMULATABLE`, `SPREAD_SLOPE`, `SPREAD_CONSTANT`, `MAX_SPREAD_SLOPE`, `MAX_SPREAD_CONSTANT`, `PERIODICITY`, `UNDERLAYING_FK`) VALUES (41,'NYSE','NYSE','USD',1,0.1,'0.00000','00:00:00','23:59:59','','\0',NULL,NULL,NULL,NULL,'MINUTE',NULL);
/*!40000 ALTER TABLE `security_family` ENABLE KEYS */;
UNLOCK TABLES;

--
-- Dumping data for table `stock`
--

LOCK TABLES `stock` WRITE;
/*!40000 ALTER TABLE `stock` DISABLE KEYS */;
INSERT INTO `stock` (`ID`) VALUES (40);
INSERT INTO `stock` (`ID`) VALUES (41);
INSERT INTO `stock` (`ID`) VALUES (42);
INSERT INTO `stock` (`ID`) VALUES (43);
INSERT INTO `stock` (`ID`) VALUES (44);
INSERT INTO `stock` (`ID`) VALUES (45);
INSERT INTO `stock` (`ID`) VALUES (46);
INSERT INTO `stock` (`ID`) VALUES (47);
INSERT INTO `stock` (`ID`) VALUES (48);
INSERT INTO `stock` (`ID`) VALUES (49);
INSERT INTO `stock` (`ID`) VALUES (50);
INSERT INTO `stock` (`ID`) VALUES (51);
INSERT INTO `stock` (`ID`) VALUES (52);
INSERT INTO `stock` (`ID`) VALUES (53);
INSERT INTO `stock` (`ID`) VALUES (54);
INSERT INTO `stock` (`ID`) VALUES (55);
INSERT INTO `stock` (`ID`) VALUES (56);
INSERT INTO `stock` (`ID`) VALUES (57);
INSERT INTO `stock` (`ID`) VALUES (58);
INSERT INTO `stock` (`ID`) VALUES (59);
INSERT INTO `stock` (`ID`) VALUES (60);
INSERT INTO `stock` (`ID`) VALUES (61);
INSERT INTO `stock` (`ID`) VALUES (62);
INSERT INTO `stock` (`ID`) VALUES (63);
INSERT INTO `stock` (`ID`) VALUES (64);
INSERT INTO `stock` (`ID`) VALUES (65);
INSERT INTO `stock` (`ID`) VALUES (66);
INSERT INTO `stock` (`ID`) VALUES (67);
INSERT INTO `stock` (`ID`) VALUES (68);
INSERT INTO `stock` (`ID`) VALUES (69);
INSERT INTO `stock` (`ID`) VALUES (70);
INSERT INTO `stock` (`ID`) VALUES (71);
INSERT INTO `stock` (`ID`) VALUES (72);
INSERT INTO `stock` (`ID`) VALUES (73);
INSERT INTO `stock` (`ID`) VALUES (74);
INSERT INTO `stock` (`ID`) VALUES (75);
INSERT INTO `stock` (`ID`) VALUES (76);
INSERT INTO `stock` (`ID`) VALUES (77);
INSERT INTO `stock` (`ID`) VALUES (78);
INSERT INTO `stock` (`ID`) VALUES (79);
INSERT INTO `stock` (`ID`) VALUES (80);
INSERT INTO `stock` (`ID`) VALUES (81);
INSERT INTO `stock` (`ID`) VALUES (82);
INSERT INTO `stock` (`ID`) VALUES (83);
INSERT INTO `stock` (`ID`) VALUES (84);
INSERT INTO `stock` (`ID`) VALUES (85);
INSERT INTO `stock` (`ID`) VALUES (86);
INSERT INTO `stock` (`ID`) VALUES (87);
INSERT INTO `stock` (`ID`) VALUES (88);
INSERT INTO `stock` (`ID`) VALUES (89);
INSERT INTO `stock` (`ID`) VALUES (90);
INSERT INTO `stock` (`ID`) VALUES (91);
INSERT INTO `stock` (`ID`) VALUES (92);
INSERT INTO `stock` (`ID`) VALUES (93);
INSERT INTO `stock` (`ID`) VALUES (94);
INSERT INTO `stock` (`ID`) VALUES (95);
INSERT INTO `stock` (`ID`) VALUES (96);
INSERT INTO `stock` (`ID`) VALUES (97);
INSERT INTO `stock` (`ID`) VALUES (98);
INSERT INTO `stock` (`ID`) VALUES (99);
INSERT INTO `stock` (`ID`) VALUES (100);
INSERT INTO `stock` (`ID`) VALUES (101);
INSERT INTO `stock` (`ID`) VALUES (102);
INSERT INTO `stock` (`ID`) VALUES (103);
INSERT INTO `stock` (`ID`) VALUES (104);
INSERT INTO `stock` (`ID`) VALUES (105);
INSERT INTO `stock` (`ID`) VALUES (106);
INSERT INTO `stock` (`ID`) VALUES (107);
INSERT INTO `stock` (`ID`) VALUES (108);
INSERT INTO `stock` (`ID`) VALUES (109);
INSERT INTO `stock` (`ID`) VALUES (110);
INSERT INTO `stock` (`ID`) VALUES (111);
INSERT INTO `stock` (`ID`) VALUES (112);
INSERT INTO `stock` (`ID`) VALUES (113);
INSERT INTO `stock` (`ID`) VALUES (114);
INSERT INTO `stock` (`ID`) VALUES (115);
INSERT INTO `stock` (`ID`) VALUES (116);
INSERT INTO `stock` (`ID`) VALUES (117);
INSERT INTO `stock` (`ID`) VALUES (118);
INSERT INTO `stock` (`ID`) VALUES (119);
INSERT INTO `stock` (`ID`) VALUES (120);
INSERT INTO `stock` (`ID`) VALUES (121);
INSERT INTO `stock` (`ID`) VALUES (122);
INSERT INTO `stock` (`ID`) VALUES (123);
INSERT INTO `stock` (`ID`) VALUES (124);
INSERT INTO `stock` (`ID`) VALUES (125);
INSERT INTO `stock` (`ID`) VALUES (126);
INSERT INTO `stock` (`ID`) VALUES (127);
INSERT INTO `stock` (`ID`) VALUES (128);
INSERT INTO `stock` (`ID`) VALUES (129);
INSERT INTO `stock` (`ID`) VALUES (130);
INSERT INTO `stock` (`ID`) VALUES (131);
INSERT INTO `stock` (`ID`) VALUES (132);
INSERT INTO `stock` (`ID`) VALUES (133);
INSERT INTO `stock` (`ID`) VALUES (134);
INSERT INTO `stock` (`ID`) VALUES (135);
INSERT INTO `stock` (`ID`) VALUES (136);
INSERT INTO `stock` (`ID`) VALUES (137);
INSERT INTO `stock` (`ID`) VALUES (138);
INSERT INTO `stock` (`ID`) VALUES (139);
INSERT INTO `stock` (`ID`) VALUES (140);
INSERT INTO `stock` (`ID`) VALUES (141);
INSERT INTO `stock` (`ID`) VALUES (142);
INSERT INTO `stock` (`ID`) VALUES (143);
INSERT INTO `stock` (`ID`) VALUES (144);
INSERT INTO `stock` (`ID`) VALUES (145);
INSERT INTO `stock` (`ID`) VALUES (146);
INSERT INTO `stock` (`ID`) VALUES (147);
INSERT INTO `stock` (`ID`) VALUES (148);
INSERT INTO `stock` (`ID`) VALUES (149);
INSERT INTO `stock` (`ID`) VALUES (150);
INSERT INTO `stock` (`ID`) VALUES (151);
INSERT INTO `stock` (`ID`) VALUES (152);
INSERT INTO `stock` (`ID`) VALUES (153);
INSERT INTO `stock` (`ID`) VALUES (154);
INSERT INTO `stock` (`ID`) VALUES (155);
INSERT INTO `stock` (`ID`) VALUES (156);
INSERT INTO `stock` (`ID`) VALUES (157);
INSERT INTO `stock` (`ID`) VALUES (158);
INSERT INTO `stock` (`ID`) VALUES (159);
INSERT INTO `stock` (`ID`) VALUES (160);
INSERT INTO `stock` (`ID`) VALUES (161);
INSERT INTO `stock` (`ID`) VALUES (162);
INSERT INTO `stock` (`ID`) VALUES (163);
INSERT INTO `stock` (`ID`) VALUES (164);
INSERT INTO `stock` (`ID`) VALUES (165);
INSERT INTO `stock` (`ID`) VALUES (166);
/*!40000 ALTER TABLE `stock` ENABLE KEYS */;
UNLOCK TABLES;

--
-- Dumping data for table `stock_option`
--

LOCK TABLES `stock_option` WRITE;
/*!40000 ALTER TABLE `stock_option` DISABLE KEYS */;
/*!40000 ALTER TABLE `stock_option` ENABLE KEYS */;
UNLOCK TABLES;

--
-- Dumping data for table `stock_option_family`
--

LOCK TABLES `stock_option_family` WRITE;
/*!40000 ALTER TABLE `stock_option_family` DISABLE KEYS */;
INSERT INTO `stock_option_family` (`ID`, `STRIKE_DISTANCE`, `INTREST`, `DIVIDEND`, `MARGIN_PARAMETER`, `EXPIRATION_TYPE`) VALUES (3,50.0000000000,0.0015000000,0.0300000000,0.0750000000,'NEXT_3_RD_FRIDAY');
INSERT INTO `stock_option_family` (`ID`, `STRIKE_DISTANCE`, `INTREST`, `DIVIDEND`, `MARGIN_PARAMETER`, `EXPIRATION_TYPE`) VALUES (6,25.0000000000,0.0060000000,0.0300000000,0.0750000000,'NEXT_3_RD_FRIDAY');
INSERT INTO `stock_option_family` (`ID`, `STRIKE_DISTANCE`, `INTREST`, `DIVIDEND`, `MARGIN_PARAMETER`, `EXPIRATION_TYPE`) VALUES (24,5.0000000000,0.0090000000,0.0200000000,0.0750000000,'NEXT_3_RD_FRIDAY');
INSERT INTO `stock_option_family` (`ID`, `STRIKE_DISTANCE`, `INTREST`, `DIVIDEND`, `MARGIN_PARAMETER`, `EXPIRATION_TYPE`) VALUES (26,1.0000000000,0.0090000000,0.0200000000,0.0750000000,'NEXT_3_RD_FRIDAY');
/*!40000 ALTER TABLE `stock_option_family` ENABLE KEYS */;
UNLOCK TABLES;

--
-- Dumping data for table `strategy`
--

LOCK TABLES `strategy` WRITE;
/*!40000 ALTER TABLE `strategy` DISABLE KEYS */;
INSERT INTO `strategy` (`id`, `NAME`, `FAMILY`, `AUTO_ACTIVATE`, `ALLOCATION`, `MODULES`) VALUES (1,'BASE','BASE','',0.000,'market-data,current-values,market-data-simulation,trades,portfolio,performance,ib,algo');
INSERT INTO `strategy` (`id`, `NAME`, `FAMILY`, `AUTO_ACTIVATE`, `ALLOCATION`, `MODULES`) VALUES (2,'SMI','THETA','\0',0.000,'theta-init,theta-main');
INSERT INTO `strategy` (`id`, `NAME`, `FAMILY`, `AUTO_ACTIVATE`, `ALLOCATION`, `MODULES`) VALUES (3,'ESTX50','THETA','\0',0.000,'theta-init,theta-main');
INSERT INTO `strategy` (`id`, `NAME`, `FAMILY`, `AUTO_ACTIVATE`, `ALLOCATION`, `MODULES`) VALUES (4,'MULTIIND','MULTIIND','\0',0.000,'multiind-movavcross,multiind-main');
INSERT INTO `strategy` (`id`, `NAME`, `FAMILY`, `AUTO_ACTIVATE`, `ALLOCATION`, `MODULES`) VALUES (5,'EASTWEST','EASTWEST','',1.000,'eastwest-init,eastwest-main,volcarry-main,tailhedge-main');
INSERT INTO `strategy` (`id`, `NAME`, `FAMILY`, `AUTO_ACTIVATE`, `ALLOCATION`, `MODULES`) VALUES (6,'PERIODIC','PERIODIC','\0',0.000,'main');
/*!40000 ALTER TABLE `strategy` ENABLE KEYS */;
UNLOCK TABLES;

--
-- Dumping data for table `tick`
--

LOCK TABLES `tick` WRITE;
/*!40000 ALTER TABLE `tick` DISABLE KEYS */;
INSERT INTO `tick` (`id`, `DATE_TIME`, `LAST`, `LAST_DATE_TIME`, `VOL`, `VOL_BID`, `VOL_ASK`, `BID`, `ASK`, `OPEN_INTREST`, `SETTLEMENT`, `SECURITY_FK`) VALUES (1,'2004-01-01 00:00:00',NULL,NULL,0,0,0,'1.00000','1.00000',0,'0.00000',8);
INSERT INTO `tick` (`id`, `DATE_TIME`, `LAST`, `LAST_DATE_TIME`, `VOL`, `VOL_BID`, `VOL_ASK`, `BID`, `ASK`, `OPEN_INTREST`, `SETTLEMENT`, `SECURITY_FK`) VALUES (4,'2004-01-01 00:00:00',NULL,NULL,0,0,0,'1.00000','1.00000',0,'0.00000',11);
INSERT INTO `tick` (`id`, `DATE_TIME`, `LAST`, `LAST_DATE_TIME`, `VOL`, `VOL_BID`, `VOL_ASK`, `BID`, `ASK`, `OPEN_INTREST`, `SETTLEMENT`, `SECURITY_FK`) VALUES (3,'2004-01-01 00:00:00',NULL,NULL,0,0,0,'1.00000','1.00000',0,'0.00000',10);
INSERT INTO `tick` (`id`, `DATE_TIME`, `LAST`, `LAST_DATE_TIME`, `VOL`, `VOL_BID`, `VOL_ASK`, `BID`, `ASK`, `OPEN_INTREST`, `SETTLEMENT`, `SECURITY_FK`) VALUES (2,'2004-01-01 00:00:00',NULL,NULL,0,0,0,'1.00000','1.00000',0,'0.00000',9);
/*!40000 ALTER TABLE `tick` ENABLE KEYS */;
UNLOCK TABLES;

--
-- Dumping data for table `transaction`
--

LOCK TABLES `transaction` WRITE;
/*!40000 ALTER TABLE `transaction` DISABLE KEYS */;
INSERT INTO `transaction` (`id`, `NUMBER`, `DATE_TIME`, `QUANTITY`, `PRICE`, `COMMISSION`, `CURRENCY`, `TYPE`, `DESCRIPTION`, `SECURITY_FK`, `STRATEGY_FK`, `POSITION_FK`) VALUES (1,NULL,'1990-01-01 00:00:00',1,'1000000.00000','0.00','EUR','CREDIT',NULL,NULL,1,NULL);
/*!40000 ALTER TABLE `transaction` ENABLE KEYS */;
UNLOCK TABLES;

--
-- Dumping data for table `watch_list_item`
--

LOCK TABLES `watch_list_item` WRITE;
/*!40000 ALTER TABLE `watch_list_item` DISABLE KEYS */;
INSERT INTO `watch_list_item` (`id`, `PERSISTENT`, `SECURITY_FK`, `STRATEGY_FK`, `UPPER_ALERT_VALUE`, `LOWER_ALERT_VALUE`) VALUES (1,'',2,3,NULL,NULL);
INSERT INTO `watch_list_item` (`id`, `PERSISTENT`, `SECURITY_FK`, `STRATEGY_FK`, `UPPER_ALERT_VALUE`, `LOWER_ALERT_VALUE`) VALUES (2,'',3,3,NULL,NULL);
INSERT INTO `watch_list_item` (`id`, `PERSISTENT`, `SECURITY_FK`, `STRATEGY_FK`, `UPPER_ALERT_VALUE`, `LOWER_ALERT_VALUE`) VALUES (3,'',4,2,NULL,NULL);
INSERT INTO `watch_list_item` (`id`, `PERSISTENT`, `SECURITY_FK`, `STRATEGY_FK`, `UPPER_ALERT_VALUE`, `LOWER_ALERT_VALUE`) VALUES (4,'',8,2,NULL,NULL);
INSERT INTO `watch_list_item` (`id`, `PERSISTENT`, `SECURITY_FK`, `STRATEGY_FK`, `UPPER_ALERT_VALUE`, `LOWER_ALERT_VALUE`) VALUES (5,'',5,2,NULL,NULL);
INSERT INTO `watch_list_item` (`id`, `PERSISTENT`, `SECURITY_FK`, `STRATEGY_FK`, `UPPER_ALERT_VALUE`, `LOWER_ALERT_VALUE`) VALUES (6,'',12,4,NULL,NULL);
INSERT INTO `watch_list_item` (`id`, `PERSISTENT`, `SECURITY_FK`, `STRATEGY_FK`, `UPPER_ALERT_VALUE`, `LOWER_ALERT_VALUE`) VALUES (7,'',13,4,NULL,NULL);
INSERT INTO `watch_list_item` (`id`, `PERSISTENT`, `SECURITY_FK`, `STRATEGY_FK`, `UPPER_ALERT_VALUE`, `LOWER_ALERT_VALUE`) VALUES (8,'',14,4,NULL,NULL);
INSERT INTO `watch_list_item` (`id`, `PERSISTENT`, `SECURITY_FK`, `STRATEGY_FK`, `UPPER_ALERT_VALUE`, `LOWER_ALERT_VALUE`) VALUES (9,'',15,4,NULL,NULL);
INSERT INTO `watch_list_item` (`id`, `PERSISTENT`, `SECURITY_FK`, `STRATEGY_FK`, `UPPER_ALERT_VALUE`, `LOWER_ALERT_VALUE`) VALUES (10,'',29,5,NULL,NULL);
INSERT INTO `watch_list_item` (`id`, `PERSISTENT`, `SECURITY_FK`, `STRATEGY_FK`, `UPPER_ALERT_VALUE`, `LOWER_ALERT_VALUE`) VALUES (11,'',21,5,NULL,NULL);
INSERT INTO `watch_list_item` (`id`, `PERSISTENT`, `SECURITY_FK`, `STRATEGY_FK`, `UPPER_ALERT_VALUE`, `LOWER_ALERT_VALUE`) VALUES (12,'',22,5,NULL,NULL);
INSERT INTO `watch_list_item` (`id`, `PERSISTENT`, `SECURITY_FK`, `STRATEGY_FK`, `UPPER_ALERT_VALUE`, `LOWER_ALERT_VALUE`) VALUES (13,'',23,5,NULL,NULL);
INSERT INTO `watch_list_item` (`id`, `PERSISTENT`, `SECURITY_FK`, `STRATEGY_FK`, `UPPER_ALERT_VALUE`, `LOWER_ALERT_VALUE`) VALUES (14,'',24,5,NULL,NULL);
INSERT INTO `watch_list_item` (`id`, `PERSISTENT`, `SECURITY_FK`, `STRATEGY_FK`, `UPPER_ALERT_VALUE`, `LOWER_ALERT_VALUE`) VALUES (15,'',25,5,NULL,NULL);
INSERT INTO `watch_list_item` (`id`, `PERSISTENT`, `SECURITY_FK`, `STRATEGY_FK`, `UPPER_ALERT_VALUE`, `LOWER_ALERT_VALUE`) VALUES (16,'',26,5,NULL,NULL);
INSERT INTO `watch_list_item` (`id`, `PERSISTENT`, `SECURITY_FK`, `STRATEGY_FK`, `UPPER_ALERT_VALUE`, `LOWER_ALERT_VALUE`) VALUES (17,'',27,5,NULL,NULL);
INSERT INTO `watch_list_item` (`id`, `PERSISTENT`, `SECURITY_FK`, `STRATEGY_FK`, `UPPER_ALERT_VALUE`, `LOWER_ALERT_VALUE`) VALUES (18,'',28,5,NULL,NULL);
INSERT INTO `watch_list_item` (`id`, `PERSISTENT`, `SECURITY_FK`, `STRATEGY_FK`, `UPPER_ALERT_VALUE`, `LOWER_ALERT_VALUE`) VALUES (19,'',10,5,NULL,NULL);
/*!40000 ALTER TABLE `watch_list_item` ENABLE KEYS */;
UNLOCK TABLES;
/*!40103 SET TIME_ZONE=@OLD_TIME_ZONE */;

/*!40101 SET SQL_MODE=@OLD_SQL_MODE */;
/*!40014 SET FOREIGN_KEY_CHECKS=@OLD_FOREIGN_KEY_CHECKS */;
/*!40014 SET UNIQUE_CHECKS=@OLD_UNIQUE_CHECKS */;
/*!40101 SET CHARACTER_SET_CLIENT=@OLD_CHARACTER_SET_CLIENT */;
/*!40101 SET CHARACTER_SET_RESULTS=@OLD_CHARACTER_SET_RESULTS */;
/*!40101 SET COLLATION_CONNECTION=@OLD_COLLATION_CONNECTION */;
/*!40111 SET SQL_NOTES=@OLD_SQL_NOTES */;

-- Dump completed on 2011-11-22 13:15:02
