SET FOREIGN_KEY_CHECKS=0;

INSERT INTO `account` (`ID`, `NAME`, `ACTIVE`, `BROKER`, `ORDER_SERVICE_TYPE`, `SESSION_QUALIFIER`, `EXT_ACCOUNT`, `EXT_ACCOUNT_GROUP`, `EXT_ALLOCATION_PROFILE`, `EXT_CLEARING_ACCOUNT`) VALUES 
  (100,'IB_NATIVE_TEST',0,'IB','IB_NATIVE',NULL,'DU127027',NULL,NULL,NULL),
  (101,'IB_FIX_TEST',0,'IB','IB_FIX','IBFT',NULL,NULL,NULL,NULL),
  (103,'DC_TEST',0,'DC','DC_FIX','DCT',NULL,NULL,NULL,NULL),
  (104,'JPM_TEST',0,'JPM','JPM_FIX','JPMT',NULL,NULL,NULL,NULL),
  (105,'RT_TEST',0,'RT','RT_FIX','RTT',NULL,NULL,NULL,NULL),
  (106,'LMAX_TEST',0,'LMAX','LMAX_FIX','LMAXT',NULL,NULL,NULL,NULL),
  (107,'FXCM_TEST',0,'FXCM','FXCM_FIX','FXCM','01727399',NULL,NULL,NULL),
  (108,'CNX_TEST',0,'CNX','CNX_FIX','CNXT',NULL,NULL,NULL,NULL);

INSERT INTO `exchange` (`ID`, `NAME`, `IB_CODE`, `TIME_ZONE`) VALUES 
  (1,'IDEALPRO','IDEALPRO','US/Eastern'),
  (2,'SMART','SMART','US/Eastern'),
  (100,'GLOBEX','GLOBEX','America/Chicago'),
  (101,'ECBOT','ECBOT','America/Chicago'),
  (102,'NYMEX','NYMEX','America/New_York'),
  (103,'ICEUS','ICEUS','America/New_York'),
  (104,'FTA','FTA','Europe/Amsterdam'),
  (105,'MONEP','MONEP','Europe/Paris'),
  (106,'DTB','DTB','Europe/Berlin'),
  (107,'MEFFRV','MEFFRV','Europe/Madrid'),
  (108,'IDEM','IDEM','Europe/Rome'),
  (109,'ICEEU','ICEEU','Europe/London'),
  (110,'OMS','OMS','Europe/Stockholm'),
  (111,'SOFFEX','SOFFEX','Europe/Zurich'),
  (112,'SGX','SGX','Asia/Singapor'),
  (113,'CDE','CDE','America/Montreal'),
  (114,'HKFE','HKFE','Asia/Hong_Kong'),
  (115,'OSE.JPN','OSE.JPN','Asia/Tokyo'),
  (116,'SNFE','SNFE','Australia/Sydney'),
  (117,'IPE','IPE','America/New_York'),
  (118,'NYBOT','NYBOT','America/New_York'),
  (119,'MATIF','MATIF','Europe/Paris');

INSERT INTO `forex` (`ID`, `BASE_CURRENCY`) VALUES 
  (1,'AUD'),
  (2,'AUD'),
  (3,'AUD'),
  (4,'AUD'),
  (5,'AUD'),
  (6,'CAD'),
  (7,'CAD'),
  (8,'CHF'),
  (9,'EUR'),
  (10,'EUR'),
  (11,'EUR'),
  (12,'EUR'),
  (13,'EUR'),
  (14,'EUR'),
  (15,'EUR'),
  (16,'EUR'),
  (17,'EUR'),
  (18,'GBP'),
  (19,'GBP'),
  (20,'GBP'),
  (21,'GBP'),
  (22,'GBP'),
  (23,'GBP'),
  (24,'NZD'),
  (25,'NZD'),
  (26,'NZD'),
  (27,'USD'),
  (28,'USD'),
  (29,'USD'),
  (30,'USD'),
  (31,'USD'),
  (32,'USD');

INSERT INTO `future_family` (`ID`, `INTREST`, `DIVIDEND`, `EXPIRATION_TYPE`, `EXPIRATION_DISTANCE`, `LENGTH`) VALUES 
  (1,0,0,'NEXT_3_RD_FRIDAY','MONTH_1',1),
  (2,0,0,'NEXT_3_RD_FRIDAY','MONTH_1',1),
  (3,0,0,'NEXT_3_RD_FRIDAY','MONTH_1',1),
  (4,0,0,'NEXT_3_RD_FRIDAY','MONTH_1',1),
  (5,0,0,'NEXT_3_RD_FRIDAY','MONTH_1',1),
  (6,0,0,'NEXT_3_RD_FRIDAY','MONTH_1',1),
  (7,0,0,'NEXT_3_RD_FRIDAY','MONTH_1',1),
  (8,0,0,'NEXT_3_RD_FRIDAY','MONTH_1',1),
  (9,0,0,'NEXT_3_RD_FRIDAY','MONTH_1',1),
  (10,0,0,'NEXT_3_RD_FRIDAY','MONTH_1',1),
  (11,0,0,'NEXT_3_RD_FRIDAY','MONTH_1',1),
  (12,0,0,'NEXT_3_RD_FRIDAY','MONTH_1',1),
  (13,0,0,'NEXT_3_RD_FRIDAY','MONTH_1',1),
  (14,0,0,'NEXT_3_RD_FRIDAY','MONTH_1',1),
  (15,0,0,'NEXT_3_RD_FRIDAY','MONTH_1',1),
  (16,0,0,'NEXT_3_RD_FRIDAY','MONTH_1',1),
  (17,0,0,'NEXT_3_RD_FRIDAY','MONTH_1',1),
  (18,0,0,'NEXT_3_RD_FRIDAY','MONTH_1',1),
  (19,0,0,'NEXT_3_RD_FRIDAY','MONTH_1',1),
  (20,0,0,'NEXT_3_RD_FRIDAY','MONTH_1',1),
  (21,0,0,'NEXT_3_RD_FRIDAY','MONTH_1',1),
  (22,0,0,'NEXT_3_RD_FRIDAY','MONTH_1',1),
  (23,0,0,'NEXT_3_RD_FRIDAY','MONTH_1',1),
  (24,0,0,'NEXT_3_RD_FRIDAY','MONTH_1',1),
  (25,0,0,'NEXT_3_RD_FRIDAY','MONTH_1',1),
  (26,0,0,'NEXT_3_RD_FRIDAY','MONTH_1',1),
  (27,0,0,'NEXT_3_RD_FRIDAY','MONTH_1',1),
  (28,0,0,'NEXT_3_RD_FRIDAY','MONTH_1',1),
  (29,0,0,'NEXT_3_RD_FRIDAY','MONTH_1',1),
  (30,0,0,'NEXT_3_RD_FRIDAY','MONTH_1',1),
  (31,0,0,'NEXT_3_RD_FRIDAY','MONTH_1',1),
  (32,0,0,'NEXT_3_RD_FRIDAY','MONTH_1',1),
  (33,0,0,'NEXT_3_RD_FRIDAY','MONTH_1',1),
  (34,0,0,'NEXT_3_RD_FRIDAY','MONTH_1',1),
  (35,0,0,'NEXT_3_RD_FRIDAY','MONTH_1',1),
  (36,0,0,'NEXT_3_RD_FRIDAY','MONTH_1',1),
  (37,0,0,'NEXT_3_RD_FRIDAY','MONTH_1',1),
  (38,0,0,'NEXT_3_RD_FRIDAY','MONTH_1',1),
  (39,0,0,'NEXT_3_RD_FRIDAY','MONTH_1',1),
  (40,0,0,'NEXT_3_RD_FRIDAY','MONTH_1',1),
  (42,0,0,'NEXT_3_RD_FRIDAY','MONTH_1',1),
  (43,0,0,'NEXT_3_RD_FRIDAY','MONTH_1',1),
  (44,0,0,'NEXT_3_RD_FRIDAY','MONTH_1',1),
  (45,0,0,'NEXT_3_RD_FRIDAY','MONTH_1',1),
  (46,0,0,'NEXT_3_RD_FRIDAY','MONTH_1',1),
  (47,0,0,'NEXT_3_RD_FRIDAY','MONTH_1',1),
  (48,0,0,'NEXT_3_RD_FRIDAY','MONTH_1',1),
  (49,0,0,'NEXT_3_RD_FRIDAY','MONTH_1',1),
  (50,0,0,'NEXT_3_RD_FRIDAY','MONTH_1',1),
  (51,0,0,'NEXT_3_RD_FRIDAY','MONTH_1',1),
  (52,0,0,'NEXT_3_RD_FRIDAY','MONTH_1',1),
  (53,0,0,'NEXT_3_RD_FRIDAY','MONTH_1',1),
  (54,0,0,'NEXT_3_RD_FRIDAY','MONTH_1',1),
  (55,0,0,'NEXT_3_RD_FRIDAY','MONTH_1',1),
  (56,0,0,'NEXT_3_RD_FRIDAY','MONTH_1',1),
  (57,0,0,'NEXT_3_RD_FRIDAY','MONTH_1',1),
  (58,0,0,'NEXT_3_RD_FRIDAY','MONTH_1',1),
  (59,0,0,'NEXT_3_RD_FRIDAY','MONTH_1',1),
  (60,0,0,'NEXT_3_RD_FRIDAY','MONTH_1',1),
  (61,0,0,'NEXT_3_RD_FRIDAY','MONTH_1',1),
  (62,0,0,'NEXT_3_RD_FRIDAY','MONTH_1',1),
  (63,0,0,'NEXT_3_RD_FRIDAY','MONTH_1',1),
  (64,0,0,'NEXT_3_RD_FRIDAY','MONTH_1',1),
  (65,0,0,'NEXT_3_RD_FRIDAY','MONTH_1',1),
  (66,0,0,'NEXT_3_RD_FRIDAY','MONTH_1',1),
  (67,0,0,'NEXT_3_RD_FRIDAY','MONTH_1',1),
  (68,0,0,'NEXT_3_RD_FRIDAY','MONTH_1',1),
  (69,0,0,'NEXT_3_RD_FRIDAY','MONTH_1',1),
  (70,0,0,'NEXT_3_RD_FRIDAY','MONTH_1',1),
  (71,0,0,'NEXT_3_RD_FRIDAY','MONTH_1',1),
  (72,0,0,'NEXT_3_RD_FRIDAY','MONTH_1',1),
  (73,0,0,'NEXT_3_RD_FRIDAY','MONTH_1',1),
  (74,0,0,'NEXT_3_RD_FRIDAY','MONTH_1',1),
  (75,0,0,'NEXT_3_RD_FRIDAY','MONTH_1',1),
  (76,0,0,'NEXT_3_RD_FRIDAY','MONTH_1',1),
  (77,0,0,'NEXT_3_RD_FRIDAY','MONTH_1',1),
  (78,0,0,'NEXT_3_RD_FRIDAY','MONTH_1',1),
  (79,0,0,'NEXT_3_RD_FRIDAY','MONTH_1',1),
  (80,0,0,'NEXT_3_RD_FRIDAY','MONTH_1',1),
  (81,0,0,'NEXT_3_RD_FRIDAY','MONTH_1',1),
  (82,0,0,'NEXT_3_RD_FRIDAY','MONTH_1',1),
  (83,0,0,'NEXT_3_RD_FRIDAY','MONTH_1',1),
  (84,0,0,'NEXT_3_RD_FRIDAY','MONTH_1',1),
  (85,0,0,'NEXT_3_RD_FRIDAY','MONTH_1',1),
  (86,0,0,'NEXT_3_RD_FRIDAY','MONTH_1',1),
  (87,0,0,'NEXT_3_RD_FRIDAY','MONTH_1',1),
  (88,0,0,'NEXT_3_RD_FRIDAY','MONTH_1',1),
  (89,0,0,'NEXT_3_RD_FRIDAY','MONTH_1',1),
  (90,0,0,'NEXT_3_RD_FRIDAY','MONTH_1',1),
  (91,0,0,'NEXT_3_RD_FRIDAY','MONTH_1',1),
  (92,0,0,'NEXT_3_RD_FRIDAY','MONTH_1',1),
  (93,0,0,'NEXT_3_RD_FRIDAY','MONTH_1',1),
  (94,0,0,'NEXT_3_RD_FRIDAY','MONTH_1',1);

INSERT INTO `order_preference` (`ID`, `NAME`, `ORDER_TYPE`, `DEFAULT_ACCOUNT_FK`, `VERSION`) VALUES 
  (201,'SLICING','SLICING',100,0),
  (202,'DEFAULT','MARKET',100,0);

INSERT INTO `property` (`ID`, `NAME`, `PERSISTENT`, `INT_VALUE`, `DOUBLE_VALUE`, `MONEY_VALUE`, `TEXT_VALUE`, `DATE_TIME_VALUE`, `BOOLEAN_VALUE`, `PROPERTY_HOLDER_FK`, `VERSION`) VALUES 
  (37,'minVolPct',1,NULL,0.2,NULL,NULL,NULL,NULL,201,0),
  (39,'maxVolPct',1,NULL,1,NULL,NULL,NULL,NULL,201,0),
  (40,'maxQuantity',1,20,NULL,NULL,NULL,NULL,NULL,201,0),
  (41,'minDuration',1,NULL,1,NULL,NULL,NULL,NULL,201,0),
  (42,'maxDuration',1,NULL,2,NULL,NULL,NULL,NULL,201,0),
  (43,'minDelay',1,NULL,2,NULL,NULL,NULL,NULL,201,0),
  (44,'maxDelay',1,NULL,3,NULL,NULL,NULL,NULL,201,0);

INSERT INTO `security` (`ID`, `SYMBOL`, `DESCRIPTION`, `ISIN`, `BBGID`, `RIC`, `CONID`, `LMAXID`, `UNDERLYING_FK`, `SECURITY_FAMILY_FK`) VALUES 
  (1,'AUD.CAD',NULL,NULL,NULL,NULL,'15016138','100667',NULL,1),
  (2,'AUD.CHF',NULL,NULL,NULL,NULL,'15016125','100619',NULL,2),
  (3,'AUD.JPY',NULL,NULL,NULL,NULL,'15016133','4008',NULL,3),
  (4,'AUD.NZD',NULL,NULL,NULL,NULL,'39453424','100615',NULL,4),
  (5,'AUD.USD',NULL,NULL,NULL,NULL,'14433401','4007',NULL,5),
  (6,'CAD.CHF',NULL,NULL,NULL,NULL,'15016234','100671',NULL,2),
  (7,'CAD.JPY',NULL,NULL,NULL,NULL,'15016241','100669',NULL,3),
  (8,'CHF.JPY',NULL,NULL,NULL,NULL,'14321010','4009',NULL,3),
  (9,'EUR.AUD',NULL,NULL,NULL,NULL,'15016065','4016',NULL,6),
  (10,'EUR.CAD',NULL,NULL,NULL,NULL,'15016068','4015',NULL,1),
  (11,'EUR.CHF',NULL,NULL,NULL,NULL,'12087817','4011',NULL,2),
  (12,'EUR.GBP',NULL,NULL,NULL,NULL,'12087807','4003',NULL,7),
  (13,'EUR.JPY',NULL,NULL,NULL,NULL,'14321016','4006',NULL,3),
  (14,'EUR.NZD',NULL,NULL,NULL,NULL,'47101302','100515',NULL,4),
  (15,'EUR.PLN',NULL,NULL,NULL,NULL,'75015682','100519',NULL,8),
  (16,'EUR.RUB',NULL,NULL,NULL,NULL,'92620186','100679',NULL,9),
  (17,'EUR.USD',NULL,NULL,NULL,NULL,'12087792','4001',NULL,5),
  (18,'GBP.AUD',NULL,NULL,NULL,NULL,'15016075','4017',NULL,6),
  (19,'GBP.CAD',NULL,NULL,NULL,NULL,'15016078','4014',NULL,1),
  (20,'GBP.CHF',NULL,NULL,NULL,NULL,'12087826','4012',NULL,2),
  (21,'GBP.JPY',NULL,NULL,NULL,NULL,'14321015','4005',NULL,3),
  (22,'GBP.NZD',NULL,NULL,NULL,NULL,'47101305','100517',NULL,4),
  (23,'GBP.USD',NULL,NULL,NULL,NULL,'12087797','4002',NULL,5),
  (24,'NZD.CAD',NULL,NULL,NULL,NULL,'46189223','100673',NULL,1),
  (25,'NZD.JPY',NULL,NULL,NULL,NULL,'39453444','100617',NULL,3),
  (26,'NZD.USD',NULL,NULL,NULL,NULL,'39453441','100613',NULL,5),
  (27,'USD.CAD',NULL,NULL,NULL,NULL,'15016062','4013',NULL,1),
  (28,'USD.CHF',NULL,NULL,NULL,NULL,'12087820','4010',NULL,2),
  (29,'USD.HKD',NULL,NULL,NULL,NULL,'12345777','100495',NULL,10),
  (30,'USD.JPY',NULL,NULL,NULL,NULL,'15016059','4004',NULL,3),
  (31,'USD.PLN',NULL,NULL,NULL,NULL,'34831481','100523',NULL,8),
  (32,'USD.RUB',NULL,NULL,NULL,NULL,'28454968','100681',NULL,9),
  (100,'MMM','3M CO',NULL,NULL,NULL,'9720',NULL,NULL,40),
  (101,'ACE','ACE LTD',NULL,NULL,NULL,'52614600',NULL,NULL,40),
  (102,'AES','AES CORP',NULL,NULL,NULL,'2560358',NULL,NULL,40),
  (103,'AFL','AFLAC INC',NULL,NULL,NULL,'4227',NULL,NULL,40),
  (104,'GAS','AGL RESOURCES INC',NULL,NULL,NULL,'4631',NULL,NULL,40),
  (105,'AME','AMETEK INC',NULL,NULL,NULL,'4392',NULL,NULL,40),
  (106,'T','AT&T INC',NULL,NULL,NULL,'37018770',NULL,NULL,40),
  (107,'ABBV','ABBVIE INC',NULL,NULL,NULL,'118089500',NULL,NULL,40),
  (108,'ABT','ABBOTT LABORATORIES .',NULL,NULL,NULL,'4065',NULL,NULL,40),
  (109,'ACN','ACCENTURE PLC-CL A',NULL,NULL,NULL,'67889930',NULL,NULL,40),
  (110,'ADBE','ADOBE SYSTEMS INC',NULL,NULL,NULL,'265768',NULL,NULL,40),
  (111,'AET','AETNA INC',NULL,NULL,NULL,'11070844',NULL,NULL,40),
  (112,'AMG','AFFILIATED MANAGERS GROUP',NULL,NULL,NULL,'6607470',NULL,NULL,40),
  (113,'A','AGILENT TECHNOLOGIES INC',NULL,NULL,NULL,'1715006',NULL,NULL,40),
  (114,'APD','AIR PRODUCTS & CHEMICALS INC',NULL,NULL,NULL,'4487',NULL,NULL,40),
  (115,'ARG','AIRGAS INC',NULL,NULL,NULL,'4553',NULL,NULL,40),
  (116,'AKAM','AKAMAI TECHNOLOGIES INC',NULL,NULL,NULL,'6220356',NULL,NULL,40),
  (117,'AA','ALCOA INC',NULL,NULL,NULL,'4005',NULL,NULL,40),
  (118,'ALXN','ALEXION PHARMACEUTICALS INC',NULL,NULL,NULL,'4726176',NULL,NULL,40),
  (119,'ATI','ALLEGHENY TECHNOLOGIES INC',NULL,NULL,NULL,'1946967',NULL,NULL,40),
  (120,'ALLE','ALLEGION PLC',NULL,NULL,NULL,'138438437',NULL,NULL,40),
  (121,'AGN','ALLERGAN PLC',NULL,NULL,NULL,'196610642',NULL,NULL,40),
  (122,'ADS','ALLIANCE DATA SYSTEMS CORP',NULL,NULL,NULL,'12362013',NULL,NULL,40),
  (123,'ALL','ALLSTATE CORP',NULL,NULL,NULL,'4357',NULL,NULL,40),
  (124,'ALTR','ALTERA CORP',NULL,NULL,NULL,'266088',NULL,NULL,40),
  (125,'MO','ALTRIA GROUP INC',NULL,NULL,NULL,'9769',NULL,NULL,40),
  (126,'AMZN','AMAZON.COM INC',NULL,NULL,NULL,'3691937',NULL,NULL,40),
  (127,'AEE','AMEREN CORP',NULL,NULL,NULL,'13181',NULL,NULL,40),
  (128,'AAL','AMERICAN AIRLINES GROUP INC',NULL,NULL,NULL,'139673266',NULL,NULL,40),
  (129,'AEP','AMERICAN ELECTRIC POWER',NULL,NULL,NULL,'4211',NULL,NULL,40),
  (130,'AXP','AMERICAN EXPRESS CO',NULL,NULL,NULL,'4721',NULL,NULL,40),
  (131,'AIG','AMERICAN INTERNATIONAL GROUP',NULL,NULL,NULL,'61319701',NULL,NULL,40),
  (132,'AMT','AMERICAN TOWER CORP',NULL,NULL,NULL,'99831145',NULL,NULL,40),
  (133,'AMP','AMERIPRISE FINANCIAL INC.',NULL,NULL,NULL,'35970258',NULL,NULL,40),
  (134,'ABC','AMERISOURCEBERGEN CORP.',NULL,NULL,NULL,'1714996',NULL,NULL,40),
  (135,'AMGN','AMGEN INC',NULL,NULL,NULL,'266145',NULL,NULL,40),
  (136,'APH','AMPHENOL CORP-CL A',NULL,NULL,NULL,'4493',NULL,NULL,40),
  (137,'APC','ANADARKO PETROLEUM CORP',NULL,NULL,NULL,'4482',NULL,NULL,40),
  (138,'ADI','ANALOG DEVICES INC',NULL,NULL,NULL,'4157',NULL,NULL,40),
  (139,'ANTM','ANTHEM INC',NULL,NULL,NULL,'173962302',NULL,NULL,40),
  (140,'AON','AON PLC',NULL,NULL,NULL,'105316759',NULL,NULL,40),
  (141,'APA','APACHE CORP',NULL,NULL,NULL,'4472',NULL,NULL,40),
  (142,'AIV','APARTMENT INVT & MGMT CO -A',NULL,NULL,NULL,'4316',NULL,NULL,40),
  (143,'AAPL','APPLE INC',NULL,NULL,NULL,'265598',NULL,NULL,40),
  (144,'AMAT','APPLIED MATERIALS INC',NULL,NULL,NULL,'266093',NULL,NULL,40),
  (145,'ADM','ARCHER-DANIELS-MIDLAND CO',NULL,NULL,NULL,'4165',NULL,NULL,40),
  (146,'AIZ','ASSURANT INC',NULL,NULL,NULL,'27727424',NULL,NULL,40),
  (147,'AN','AUTONATION INC',NULL,NULL,NULL,'4528615',NULL,NULL,40),
  (148,'AZO','AUTOZONE INC',NULL,NULL,NULL,'4750',NULL,NULL,40),
  (149,'ADSK','AUTODESK INC',NULL,NULL,NULL,'265681',NULL,NULL,40),
  (150,'ADP','AUTOMATIC DATA PROCESSING',NULL,NULL,NULL,'4661',NULL,NULL,40),
  (151,'AVGO','AVAGO TECHNOLOGIES LTD',NULL,NULL,NULL,'64947230',NULL,NULL,40),
  (152,'AVB','AVALONBAY COMMUNITIES INC',NULL,NULL,NULL,'5026974',NULL,NULL,40),
  (153,'AVY','AVERY DENNISON CORP',NULL,NULL,NULL,'4694',NULL,NULL,40),
  (154,'BBT','BB&T CORPORATION',NULL,NULL,NULL,'2806100',NULL,NULL,40),
  (155,'BHI','BAKER HUGHES INC',NULL,NULL,NULL,'4981',NULL,NULL,40),
  (156,'BLL','BALL CORP',NULL,NULL,NULL,'5052',NULL,NULL,40),
  (157,'BAC','BANK OF AMERICA CORP',NULL,NULL,NULL,'10098',NULL,NULL,40),
  (158,'BCR','CR BARD INC',NULL,NULL,NULL,'4851',NULL,NULL,40),
  (159,'BAX','BAXTER INTERNATIONAL INC.',NULL,NULL,NULL,'8111188',NULL,NULL,40),
  (160,'BDX','BECTON DICKINSON AND CO',NULL,NULL,NULL,'4886',NULL,NULL,40),
  (161,'BBBY','BED BATH & BEYOND INC',NULL,NULL,NULL,'266630',NULL,NULL,40),
  (162,'BBY','BEST BUY CO INC',NULL,NULL,NULL,'4817',NULL,NULL,40),
  (163,'BIIB','BIOGEN INC',NULL,NULL,NULL,'26734397',NULL,NULL,40),
  (164,'BLK','BLACKROCK INC',NULL,NULL,NULL,'5049',NULL,NULL,40),
  (165,'HRB','H&R BLOCK INC',NULL,NULL,NULL,'8130',NULL,NULL,40),
  (166,'BA','BOEING CO/THE',NULL,NULL,NULL,'4762',NULL,NULL,40),
  (167,'BWA','BORGWARNER INC',NULL,NULL,NULL,'5336',NULL,NULL,40),
  (168,'BXP','BOSTON PROPERTIES INC',NULL,NULL,NULL,'5021340',NULL,NULL,40),
  (169,'BSX','BOSTON SCIENTIFIC CORP',NULL,NULL,NULL,'5270',NULL,NULL,40),
  (170,'BMY','BRISTOL-MYERS SQUIBB CO',NULL,NULL,NULL,'5111',NULL,NULL,40),
  (171,'BRCM','BROADCOM CORP-CL A',NULL,NULL,NULL,'4457302',NULL,NULL,40),
  (172,'CA','CA INC',NULL,NULL,NULL,'37875225',NULL,NULL,40),
  (173,'CBG','CBRE GROUP INC - A',NULL,NULL,NULL,'95514904',NULL,NULL,40),
  (174,'CBS','CBS CORP-CLASS B NON VOTING',NULL,NULL,NULL,'37083548',NULL,NULL,40),
  (175,'CF','CF INDUSTRIES HOLDINGS INC',NULL,NULL,NULL,'35447205',NULL,NULL,40),
  (176,'CHRW','C.H. ROBINSON WORLDWIDE INC',NULL,NULL,NULL,'36320731',NULL,NULL,40),
  (177,'CME','CME GROUP INC',NULL,NULL,NULL,'45127739',NULL,NULL,40),
  (178,'CMS','CMS ENERGY CORP',NULL,NULL,NULL,'5840',NULL,NULL,40),
  (179,'CNX','CONSOL ENERGY INC.',NULL,NULL,NULL,'5103007',NULL,NULL,40),
  (180,'CSX','CSX CORP',NULL,NULL,NULL,'6150',NULL,NULL,40),
  (181,'CVS','CVS HEALTH CORP',NULL,NULL,NULL,'2585769',NULL,NULL,40),
  (182,'CVC','CABLEVISION SYSTEMS-NY GRP-A',NULL,NULL,NULL,'754274',NULL,NULL,40),
  (183,'COG','CABOT OIL & GAS CORP',NULL,NULL,NULL,'5946',NULL,NULL,40),
  (184,'CAM','CAMERON INTERNATIONAL CORP',NULL,NULL,NULL,'39110089',NULL,NULL,40),
  (185,'CPB','CAMPBELL SOUP CO',NULL,NULL,NULL,'5980',NULL,NULL,40),
  (186,'COF','CAPITAL ONE FINANCIAL CORP',NULL,NULL,NULL,'5941',NULL,NULL,40),
  (187,'CAH','CARDINAL HEALTH INC',NULL,NULL,NULL,'5407',NULL,NULL,40),
  (188,'KMX','CARMAX INC',NULL,NULL,NULL,'2586156',NULL,NULL,40),
  (189,'CCL','CARNIVAL CORP',NULL,NULL,NULL,'5516',NULL,NULL,40),
  (190,'CAT','CATERPILLAR INC',NULL,NULL,NULL,'5437',NULL,NULL,40),
  (191,'CELG','CELGENE CORP',NULL,NULL,NULL,'267455',NULL,NULL,40),
  (192,'CNP','CENTERPOINT ENERGY INC',NULL,NULL,NULL,'8093',NULL,NULL,40),
  (193,'CTL','CENTURYLINK INC',NULL,NULL,NULL,'6180',NULL,NULL,40),
  (194,'CERN','CERNER CORP',NULL,NULL,NULL,'267475',NULL,NULL,40),
  (195,'CHK','CHESAPEAKE ENERGY CORP',NULL,NULL,NULL,'661417',NULL,NULL,40),
  (196,'CVX','CHEVRON CORP',NULL,NULL,NULL,'5684',NULL,NULL,40),
  (197,'CMG','CHIPOTLE MEXICAN GRILL INC',NULL,NULL,NULL,'37655664',NULL,NULL,40),
  (198,'CB','CHUBB CORP',NULL,NULL,NULL,'5450',NULL,NULL,40),
  (199,'CI','CIGNA CORP',NULL,NULL,NULL,'5702',NULL,NULL,40),
  (200,'XEC','CIMAREX ENERGY CO',NULL,NULL,NULL,'16191746',NULL,NULL,40),
  (201,'CINF','CINCINNATI FINANCIAL CORP',NULL,NULL,NULL,'267661',NULL,NULL,40),
  (202,'CTAS','CINTAS CORP',NULL,NULL,NULL,'268149',NULL,NULL,40),
  (203,'CSCO','CISCO SYSTEMS INC',NULL,NULL,NULL,'268084',NULL,NULL,40),
  (204,'C','CITIGROUP INC',NULL,NULL,NULL,'87335484',NULL,NULL,40),
  (205,'CTXS','CITRIX SYSTEMS INC',NULL,NULL,NULL,'1767080',NULL,NULL,40),
  (206,'CLX','CLOROX COMPANY',NULL,NULL,NULL,'5794',NULL,NULL,40),
  (207,'COH','COACH INC',NULL,NULL,NULL,'10413985',NULL,NULL,40),
  (208,'KO','COCA-COLA CO/THE',NULL,NULL,NULL,'8894',NULL,NULL,40),
  (209,'CCE','COCA-COLA ENTERPRISES',NULL,NULL,NULL,'79595977',NULL,NULL,40),
  (210,'CTSH','COGNIZANT TECH SOLUTIONS-A',NULL,NULL,NULL,'4728759',NULL,NULL,40),
  (211,'CL','COLGATE-PALMOLIVE CO',NULL,NULL,NULL,'5749',NULL,NULL,40),
  (212,'CMCSA','COMCAST CORP-CLASS A',NULL,NULL,NULL,'267748',NULL,NULL,40),
  (213,'CMA','COMERICA INC',NULL,NULL,NULL,'5800',NULL,NULL,40),
  (214,'CSC','COMPUTER SCIENCES CORP',NULL,NULL,NULL,'6100',NULL,NULL,40),
  (215,'CAG','CONAGRA FOODS INC',NULL,NULL,NULL,'5402',NULL,NULL,40),
  (216,'COP','CONOCOPHILLIPS',NULL,NULL,NULL,'10885',NULL,NULL,40),
  (217,'ED','CONSOLIDATED EDISON INC',NULL,NULL,NULL,'6691',NULL,NULL,40),
  (218,'STZ','CONSTELLATION BRANDS INC-A',NULL,NULL,NULL,'276066',NULL,NULL,40),
  (219,'GLW','CORNING INC',NULL,NULL,NULL,'7655',NULL,NULL,40),
  (220,'COST','COSTCO WHOLESALE CORP',NULL,NULL,NULL,'272997',NULL,NULL,40),
  (221,'CCI','CROWN CASTLE INTL CORP',NULL,NULL,NULL,'176571182',NULL,NULL,40),
  (222,'CMI','CUMMINS INC',NULL,NULL,NULL,'6207',NULL,NULL,40),
  (223,'DTV','DIRECTV',NULL,NULL,NULL,'112929551',NULL,NULL,40),
  (224,'DTE','DTE ENERGY COMPANY',NULL,NULL,NULL,'6585',NULL,NULL,40),
  (225,'DVA','DAVITA HEALTHCARE PARTNERS I',NULL,NULL,NULL,'1035459',NULL,NULL,40),
  (226,'DHR','DANAHER CORP',NULL,NULL,NULL,'6442',NULL,NULL,40),
  (227,'DRI','DARDEN RESTAURANTS INC',NULL,NULL,NULL,'661440',NULL,NULL,40),
  (228,'DE','DEERE & CO',NULL,NULL,NULL,'6393',NULL,NULL,40),
  (229,'DLPH','DELPHI AUTOMOTIVE PLC',NULL,NULL,NULL,'97478493',NULL,NULL,40),
  (230,'DAL','DELTA AIR LINES INC.',NULL,NULL,NULL,'44001820',NULL,NULL,40),
  (231,'XRAY','DENTSPLY INTL INC',NULL,NULL,NULL,'276229',NULL,NULL,40),
  (232,'DVN','DEVON ENERGY CORP',NULL,NULL,NULL,'754442',NULL,NULL,40),
  (233,'DO','DIAMOND OFFSHORE DRILLING',NULL,NULL,NULL,'1311127',NULL,NULL,40),
  (234,'DFS','DISCOVER FINANCIAL SERVICES',NULL,NULL,NULL,'44652220',NULL,NULL,40),
  (235,'DISCA','DISCOVERY COMMUNICATIONS-A',NULL,NULL,NULL,'53855036',NULL,NULL,40),
  (236,'DISCK','DISCOVERY COMMUNICATIONS-C',NULL,NULL,NULL,'53855095',NULL,NULL,40),
  (237,'DG','DOLLAR GENERAL CORP',NULL,NULL,NULL,'70212228',NULL,NULL,40),
  (238,'DLTR','DOLLAR TREE INC',NULL,NULL,NULL,'49388062',NULL,NULL,40),
  (239,'D','DOMINION RESOURCES INC/VA',NULL,NULL,NULL,'6327',NULL,NULL,40),
  (240,'DOV','DOVER CORP',NULL,NULL,NULL,'6517',NULL,NULL,40),
  (241,'DOW','DOW CHEMICAL CO/THE',NULL,NULL,NULL,'6522',NULL,NULL,40),
  (242,'DPS','DR PEPPER SNAPPLE GROUP INC',NULL,NULL,NULL,'50860546',NULL,NULL,40),
  (243,'DUK','DUKE ENERGY CORP',NULL,NULL,NULL,'110176011',NULL,NULL,40),
  (244,'DNB','DUN & BRADSTREET CORPORATION',NULL,NULL,NULL,'1715032',NULL,NULL,40),
  (245,'ETFC','E*TRADE FINANCIAL CORPORATION',NULL,NULL,NULL,'75961319',NULL,NULL,40),
  (246,'DD','DU PONT (E.I.) DE NEMOURS',NULL,NULL,NULL,'6366',NULL,NULL,40),
  (247,'EMC','EMC CORP/MA',NULL,NULL,NULL,'6813',NULL,NULL,40),
  (248,'EOG','EOG RESOURCES INC',NULL,NULL,NULL,'6890',NULL,NULL,40),
  (249,'EQT','EQT CORP',NULL,NULL,NULL,'57698865',NULL,NULL,40),
  (250,'EMN','EASTMAN CHEMICAL CO',NULL,NULL,NULL,'6832',NULL,NULL,40),
  (251,'ETN','EATON CORP PLC',NULL,NULL,NULL,'118017869',NULL,NULL,40),
  (252,'ECL','ECOLAB INC',NULL,NULL,NULL,'6682',NULL,NULL,40),
  (253,'EIX','EDISON INTL',NULL,NULL,NULL,'11899',NULL,NULL,40),
  (254,'EW','EDWARDS LIFESCIENCES CORP',NULL,NULL,NULL,'8101142',NULL,NULL,40),
  (255,'EA','ELECTRONIC ARTS INC',NULL,NULL,NULL,'268995',NULL,NULL,40),
  (256,'EMR','EMERSON ELECTRIC CO',NULL,NULL,NULL,'6842',NULL,NULL,40),
  (257,'ENDP','ENDO INTERNATIONAL PLC',NULL,NULL,NULL,'145588883',NULL,NULL,40),
  (258,'ESV','ENSCO PLC-CL A',NULL,NULL,NULL,'107375361',NULL,NULL,40),
  (259,'ETR','ENTERGY CORP',NULL,NULL,NULL,'6969',NULL,NULL,40),
  (260,'EFX','EQUIFAX INC',NULL,NULL,NULL,'6735',NULL,NULL,40),
  (261,'EQIX','EQUINIX INC',NULL,NULL,NULL,'181764593',NULL,NULL,40),
  (262,'EQR','EQUITY RESIDENTIAL',NULL,NULL,NULL,'6917',NULL,NULL,40),
  (263,'ESS','ESSEX PROPERTY TRUST INC',NULL,NULL,NULL,'6946',NULL,NULL,40),
  (264,'EL','ESTEE LAUDER COMPANIES-CL A',NULL,NULL,NULL,'1448477',NULL,NULL,40),
  (265,'ES','EVERSOURCE ENERGY',NULL,NULL,NULL,'182880167',NULL,NULL,40),
  (266,'EXC','EXELON CORP',NULL,NULL,NULL,'11000',NULL,NULL,40),
  (267,'EXPE','EXPEDIA INC',NULL,NULL,NULL,'98542021',NULL,NULL,40),
  (268,'EXPD','EXPEDITORS INTL WASH INC',NULL,NULL,NULL,'269082',NULL,NULL,40),
  (269,'ESRX','EXPRESS SCRIPTS HOLDING CO',NULL,NULL,NULL,'105430010',NULL,NULL,40),
  (270,'XOM','EXXON MOBIL CORP',NULL,NULL,NULL,'13977',NULL,NULL,40),
  (271,'FFIV','F5 NETWORKS INC',NULL,NULL,NULL,'6248713',NULL,NULL,40),
  (272,'FLIR','FLIR SYSTEMS INC',NULL,NULL,NULL,'269345',NULL,NULL,40),
  (273,'FMC','FMC CORP',NULL,NULL,NULL,'7238',NULL,NULL,40),
  (274,'FTI','FMC TECHNOLOGIES INC',NULL,NULL,NULL,'12379601',NULL,NULL,40),
  (275,'FB','FACEBOOK INC-A',NULL,NULL,NULL,'107113386',NULL,NULL,40),
  (276,'FAST','FASTENAL CO',NULL,NULL,NULL,'269120',NULL,NULL,40),
  (277,'FDX','FEDEX CORPORATION',NULL,NULL,NULL,'5100583',NULL,NULL,40),
  (278,'FIS','FIDELITY NATIONAL INFO SERV',NULL,NULL,NULL,'37866641',NULL,NULL,40),
  (279,'FITB','FIFTH THIRD BANCORP',NULL,NULL,NULL,'269318',NULL,NULL,40),
  (280,'FSLR','FIRST SOLAR INC',NULL,NULL,NULL,'41622169',NULL,NULL,40),
  (281,'FE','FIRSTENERGY CORP',NULL,NULL,NULL,'3265376',NULL,NULL,40),
  (282,'FISV','FISERV INC',NULL,NULL,NULL,'269315',NULL,NULL,40),
  (283,'FLS','FLOWSERVE CORP',NULL,NULL,NULL,'6477749',NULL,NULL,40),
  (284,'FLR','FLUOR CORP',NULL,NULL,NULL,'11218575',NULL,NULL,40),
  (285,'F','FORD MOTOR CO',NULL,NULL,NULL,'9599491',NULL,NULL,40),
  (286,'FOSL','FOSSIL GROUP INC',NULL,NULL,NULL,'128937778',NULL,NULL,40),
  (287,'BEN','FRANKLIN RESOURCES INC',NULL,NULL,NULL,'4906',NULL,NULL,40),
  (288,'FCX','FREEPORT-MCMORAN INC',NULL,NULL,NULL,'7089',NULL,NULL,40),
  (289,'FTR','FRONTIER COMMUNICATIONS CORP',NULL,NULL,NULL,'51575076',NULL,NULL,40),
  (290,'GME','GAMESTOP CORP-CLASS A',NULL,NULL,NULL,'36285627',NULL,NULL,40),
  (291,'GPS','GAP INC/THE',NULL,NULL,NULL,'7765',NULL,NULL,40),
  (292,'GRMN','GARMIN LTD',NULL,NULL,NULL,'76791198',NULL,NULL,40),
  (293,'GD','GENERAL DYNAMICS CORP',NULL,NULL,NULL,'7496',NULL,NULL,40),
  (294,'GE','GENERAL ELECTRIC CO',NULL,NULL,NULL,'7516',NULL,NULL,40),
  (295,'GGP','GENERAL GROWTH PROPERTIES',NULL,NULL,NULL,'80664970',NULL,NULL,40),
  (296,'GIS','GENERAL MILLS INC',NULL,NULL,NULL,'7616',NULL,NULL,40),
  (297,'GM','GENERAL MOTORS CO',NULL,NULL,NULL,'80986742',NULL,NULL,40),
  (298,'GPC','GENUINE PARTS CO',NULL,NULL,NULL,'7745',NULL,NULL,40),
  (299,'GNW','GENWORTH FINANCIAL INC-CL A',NULL,NULL,NULL,'29110391',NULL,NULL,40),
  (300,'GILD','GILEAD SCIENCES INC',NULL,NULL,NULL,'269753',NULL,NULL,40),
  (301,'GS','GOLDMAN SACHS GROUP INC',NULL,NULL,NULL,'4627828',NULL,NULL,40),
  (302,'GT','GOODYEAR TIRE & RUBBER CO',NULL,NULL,NULL,'7830',NULL,NULL,40),
  (303,'GOOGL','GOOGLE INC-CL A',NULL,NULL,NULL,'30351181',NULL,NULL,40),
  (304,'GOOG','GOOGLE INC-CL C',NULL,NULL,NULL,'147346161',NULL,NULL,40),
  (305,'GWW','WW GRAINGER INC',NULL,NULL,NULL,'7867',NULL,NULL,40),
  (306,'HCA','HCA HOLDINGS INC',NULL,NULL,NULL,'85076790',NULL,NULL,40),
  (307,'HCP','HCP INC',NULL,NULL,NULL,'46126937',NULL,NULL,40),
  (308,'HAL','HALLIBURTON CO',NULL,NULL,NULL,'7890',NULL,NULL,40),
  (309,'HBI','HANESBRANDS INC.',NULL,NULL,NULL,'40369429',NULL,NULL,40),
  (310,'HOG','HARLEY-DAVIDSON INC',NULL,NULL,NULL,'7935',NULL,NULL,40),
  (311,'HAR','HARMAN INTERNATIONAL',NULL,NULL,NULL,'7896',NULL,NULL,40),
  (312,'HRS','HARRIS CORP',NULL,NULL,NULL,'8160',NULL,NULL,40),
  (313,'HIG','HARTFORD FINANCIAL SVCS GRP',NULL,NULL,NULL,'1217009',NULL,NULL,40),
  (314,'HAS','HASBRO INC',NULL,NULL,NULL,'754956',NULL,NULL,40),
  (315,'HCN','HEALTH CARE REIT INC',NULL,NULL,NULL,'7918',NULL,NULL,40),
  (316,'HP','HELMERICH & PAYNE',NULL,NULL,NULL,'8097',NULL,NULL,40),
  (317,'HSY','HERSHEY CO/THE',NULL,NULL,NULL,'8199',NULL,NULL,40),
  (318,'HES','HESS CORP',NULL,NULL,NULL,'39118796',NULL,NULL,40),
  (319,'HPQ','HEWLETT-PACKARD CO',NULL,NULL,NULL,'9042756',NULL,NULL,40),
  (320,'HD','HOME DEPOT INC',NULL,NULL,NULL,'7930',NULL,NULL,40),
  (321,'HON','HONEYWELL INTERNATIONAL INC',NULL,NULL,NULL,'4350',NULL,NULL,40),
  (322,'HRL','HORMEL FOODS CORP',NULL,NULL,NULL,'8153',NULL,NULL,40),
  (323,'DHI','DR HORTON INC',NULL,NULL,NULL,'268627',NULL,NULL,40),
  (324,'HSP','HOSPIRA INC',NULL,NULL,NULL,'28774539',NULL,NULL,40),
  (325,'HST','HOST HOTELS & RESORTS INC',NULL,NULL,NULL,'8057',NULL,NULL,40),
  (326,'HCBK','HUDSON CITY BANCORP INC',NULL,NULL,NULL,'6857620',NULL,NULL,40),
  (327,'HUM','HUMANA INC',NULL,NULL,NULL,'8251',NULL,NULL,40),
  (328,'HBAN','HUNTINGTON BANCSHARES INC',NULL,NULL,NULL,'270018',NULL,NULL,40),
  (329,'ITW','ILLINOIS TOOL WORKS',NULL,NULL,NULL,'8620',NULL,NULL,40),
  (330,'IR','INGERSOLL-RAND PLC',NULL,NULL,NULL,'61440265',NULL,NULL,40),
  (331,'INTC','INTEL CORP',NULL,NULL,NULL,'270639',NULL,NULL,40),
  (332,'ICE','INTERCONTINENTAL EXCHANGE IN',NULL,NULL,NULL,'136370275',NULL,NULL,40),
  (333,'IPG','INTERPUBLIC GROUP OF COS INC',NULL,NULL,NULL,'8514',NULL,NULL,40),
  (334,'IBM','INTL BUSINESS MACHINES CORP',NULL,NULL,NULL,'8314',NULL,NULL,40),
  (335,'IFF','INTL FLAVORS & FRAGRANCES',NULL,NULL,NULL,'8385',NULL,NULL,40),
  (336,'IP','INTERNATIONAL PAPER CO',NULL,NULL,NULL,'8511',NULL,NULL,40),
  (337,'INTU','INTUIT INC',NULL,NULL,NULL,'270662',NULL,NULL,40),
  (338,'ISRG','INTUITIVE SURGICAL INC',NULL,NULL,NULL,'9063285',NULL,NULL,40),
  (339,'IVZ','INVESCO LTD',NULL,NULL,NULL,'47550606',NULL,NULL,40),
  (340,'IRM','IRON MOUNTAIN INC',NULL,NULL,NULL,'180350774',NULL,NULL,40),
  (341,'JPM','JPMORGAN CHASE & CO',NULL,NULL,NULL,'1520593',NULL,NULL,40),
  (342,'JEC','JACOBS ENGINEERING GROUP INC',NULL,NULL,NULL,'8660',NULL,NULL,40),
  (343,'JNJ','JOHNSON & JOHNSON',NULL,NULL,NULL,'8719',NULL,NULL,40),
  (344,'JCI','JOHNSON CONTROLS INC',NULL,NULL,NULL,'8650',NULL,NULL,40),
  (345,'JOY','JOY GLOBAL INC',NULL,NULL,NULL,'13425863',NULL,NULL,40),
  (346,'JNPR','JUNIPER NETWORKS INC',NULL,NULL,NULL,'6248722',NULL,NULL,40),
  (347,'KLAC','KLA-TENCOR CORP',NULL,NULL,NULL,'270957',NULL,NULL,40),
  (348,'KSU','KANSAS CITY SOUTHERN',NULL,NULL,NULL,'8949',NULL,NULL,40),
  (349,'K','KELLOGG CO',NULL,NULL,NULL,'8758',NULL,NULL,40),
  (350,'GMCR','KEURIG GREEN MOUNTAIN INC',NULL,NULL,NULL,'145994372',NULL,NULL,40),
  (351,'KEY','KEYCORP',NULL,NULL,NULL,'8809',NULL,NULL,40),
  (352,'KMB','KIMBERLY-CLARK CORP',NULL,NULL,NULL,'8864',NULL,NULL,40),
  (353,'KIM','KIMCO REALTY CORP',NULL,NULL,NULL,'8845',NULL,NULL,40),
  (354,'KMI','KINDER MORGAN INC',NULL,NULL,NULL,'83975037',NULL,NULL,40),
  (355,'KSS','KOHLS CORP',NULL,NULL,NULL,'8942',NULL,NULL,40),
  (356,'KR','KROGER CO',NULL,NULL,NULL,'8908',NULL,NULL,40),
  (357,'LB','L BRANDS INC',NULL,NULL,NULL,'125005718',NULL,NULL,40),
  (358,'LLL','L-3 COMMUNICATIONS HOLDINGS',NULL,NULL,NULL,'6477855',NULL,NULL,40),
  (359,'LH','LABORATORY CRP OF AMER HLDGS',NULL,NULL,NULL,'661507',NULL,NULL,40),
  (360,'LRCX','LAM RESEARCH CORP',NULL,NULL,NULL,'271308',NULL,NULL,40),
  (361,'LM','LEGG MASON INC',NULL,NULL,NULL,'9165',NULL,NULL,40),
  (362,'LEG','LEGGETT & PLATT INC',NULL,NULL,NULL,'9081',NULL,NULL,40),
  (363,'LEN','LENNAR CORP-A',NULL,NULL,NULL,'9091',NULL,NULL,40),
  (364,'LUK','LEUCADIA NATIONAL CORP',NULL,NULL,NULL,'9274',NULL,NULL,40),
  (365,'LVLT','LEVEL 3 COMMUNICATIONS INC',NULL,NULL,NULL,'96079833',NULL,NULL,40),
  (366,'LLY','ELI LILLY & CO',NULL,NULL,NULL,'9160',NULL,NULL,40),
  (367,'LNC','LINCOLN NATIONAL CORP',NULL,NULL,NULL,'9174',NULL,NULL,40),
  (368,'LLTC','LINEAR TECHNOLOGY CORP',NULL,NULL,NULL,'271245',NULL,NULL,40),
  (369,'LMT','LOCKHEED MARTIN CORP',NULL,NULL,NULL,'611191',NULL,NULL,40),
  (370,'L','LOEWS CORP',NULL,NULL,NULL,'9252',NULL,NULL,40),
  (371,'LOW','LOWE''S COS INC',NULL,NULL,NULL,'9199',NULL,NULL,40),
  (372,'LYB','LYONDELLBASELL INDU-CL A',NULL,NULL,NULL,'74866700',NULL,NULL,40),
  (373,'MTB','M & T BANK CORP',NULL,NULL,NULL,'2585323',NULL,NULL,40),
  (374,'MAC','MACERICH CO/THE',NULL,NULL,NULL,'9322',NULL,NULL,40),
  (375,'M','MACYS INC',NULL,NULL,NULL,'44475946',NULL,NULL,40),
  (376,'MNK','MALLINCKRODT PLC',NULL,NULL,NULL,'129166805',NULL,NULL,40),
  (377,'MRO','MARATHON OIL CORP',NULL,NULL,NULL,'9831',NULL,NULL,40),
  (378,'MPC','MARATHON PETROLEUM CORP',NULL,NULL,NULL,'89495776',NULL,NULL,40),
  (379,'MAR','MARRIOTT INTERNATIONAL -CL A',NULL,NULL,NULL,'9358',NULL,NULL,40),
  (380,'MMC','MARSH & MCLENNAN COS',NULL,NULL,NULL,'9705',NULL,NULL,40),
  (381,'MLM','MARTIN MARIETTA MATERIALS',NULL,NULL,NULL,'9690',NULL,NULL,40),
  (382,'MAS','MASCO CORP',NULL,NULL,NULL,'9360',NULL,NULL,40),
  (383,'MA','MASTERCARD INC-CLASS A',NULL,NULL,NULL,'38685693',NULL,NULL,40),
  (384,'MAT','MATTEL INC',NULL,NULL,NULL,'9365',NULL,NULL,40),
  (385,'MKC','MCCORMICK & CO-NON VTG SHRS',NULL,NULL,NULL,'271556',NULL,NULL,40),
  (386,'MCD','MC DONALD''S-CORP',NULL,NULL,NULL,'9408',NULL,NULL,40),
  (387,'MHFI','MCGRAW HILL FINANCIAL INC',NULL,NULL,NULL,'9599',NULL,NULL,40),
  (388,'MCK','MCKESSON CORP',NULL,NULL,NULL,'9657',NULL,NULL,40),
  (389,'MJN','MEAD JOHNSON NUTRITION CO',NULL,NULL,NULL,'57755168',NULL,NULL,40),
  (390,'MDT','MEDTRONIC PLC',NULL,NULL,NULL,'181387075',NULL,NULL,40),
  (391,'MRK','MERCK & CO INC',NULL,NULL,NULL,'70101545',NULL,NULL,40),
  (392,'MET','METLIFE INC',NULL,NULL,NULL,'8093509',NULL,NULL,40),
  (393,'KORS','MICHAEL KORS HOLDINGS LTD',NULL,NULL,NULL,'98606948',NULL,NULL,40),
  (394,'MCHP','MICROCHIP TECHNOLOGY INC',NULL,NULL,NULL,'271568',NULL,NULL,40),
  (395,'MU','MICRON TECHNOLOGY INC',NULL,NULL,NULL,'9939',NULL,NULL,40),
  (396,'MSFT','MICROSOFT CORP',NULL,NULL,NULL,'272093',NULL,NULL,40),
  (397,'MHK','MOHAWK INDUSTRIES INC',NULL,NULL,NULL,'271967',NULL,NULL,40),
  (398,'TAP','MOLSON COORS BREWING CO -B',NULL,NULL,NULL,'33191300',NULL,NULL,40),
  (399,'MDLZ','MONDELEZ INTERNATIONAL INC-A',NULL,NULL,NULL,'113599091',NULL,NULL,40),
  (400,'MON','MONSANTO CO',NULL,NULL,NULL,'10523297',NULL,NULL,40),
  (401,'MNST','MONSTER BEVERAGE CORP',NULL,NULL,NULL,'196986496',NULL,NULL,40),
  (402,'MCO','MOODY''S CORP',NULL,NULL,NULL,'6497',NULL,NULL,40),
  (403,'MS','MORGAN STANLEY',NULL,NULL,NULL,'2841574',NULL,NULL,40),
  (404,'MOS','MOSAIC CO/THE',NULL,NULL,NULL,'88292752',NULL,NULL,40),
  (405,'MSI','MOTOROLA SOLUTIONS INC',NULL,NULL,NULL,'81581011',NULL,NULL,40),
  (406,'MUR','MURPHY OIL CORP',NULL,NULL,NULL,'9952',NULL,NULL,40),
  (407,'MYL','MYLAN NV',NULL,NULL,NULL,'185731883',NULL,NULL,40),
  (408,'NKE','NIKE INC -CL B',NULL,NULL,NULL,'10291',NULL,NULL,40),
  (409,'NRG','NRG ENERGY INC',NULL,NULL,NULL,'10188791',NULL,NULL,40),
  (410,'NDAQ','NASDAQ OMX GROUP/THE',NULL,NULL,NULL,'29380756',NULL,NULL,40),
  (411,'NOV','NATIONAL OILWELL VARCO INC',NULL,NULL,NULL,'2585583',NULL,NULL,40),
  (412,'NAVI','NAVIENT CORP',NULL,NULL,NULL,'148782986',NULL,NULL,40),
  (413,'NTAP','NETAPP INC',NULL,NULL,NULL,'49921110',NULL,NULL,40),
  (414,'NFLX','NETFLIX INC',NULL,NULL,NULL,'15124833',NULL,NULL,40),
  (415,'NWL','NEWELL RUBBERMAID INC',NULL,NULL,NULL,'10627',NULL,NULL,40),
  (416,'NFX','NEWFIELD EXPLORATION CO',NULL,NULL,NULL,'10209',NULL,NULL,40),
  (417,'NEM','NEWMONT MINING CORP',NULL,NULL,NULL,'10174',NULL,NULL,40),
  (418,'NWSA','NEWS CORP - CLASS A',NULL,NULL,NULL,'129348126',NULL,NULL,40),
  (419,'NEE','NEXTERA ENERGY INC',NULL,NULL,NULL,'75960201',NULL,NULL,40),
  (420,'NLSN','NIELSEN NV',NULL,NULL,NULL,'83434923',NULL,NULL,40),
  (421,'NI','NISOURCE INC',NULL,NULL,NULL,'10260',NULL,NULL,40),
  (422,'NE','NOBLE CORP PLC',NULL,NULL,NULL,'138436183',NULL,NULL,40),
  (423,'NBL','NOBLE ENERGY INC',NULL,NULL,NULL,'10109',NULL,NULL,40),
  (424,'JWN','NORDSTROM INC',NULL,NULL,NULL,'272428',NULL,NULL,40),
  (425,'NSC','NORFOLK SOUTHERN CORP',NULL,NULL,NULL,'10497',NULL,NULL,40),
  (426,'NTRS','NORTHERN TRUST CORP',NULL,NULL,NULL,'272565',NULL,NULL,40),
  (427,'NOC','NORTHROP GRUMMAN CORP',NULL,NULL,NULL,'10376',NULL,NULL,40),
  (428,'NUE','NUCOR CORP',NULL,NULL,NULL,'10557',NULL,NULL,40),
  (429,'NVDA','NVIDIA CORP',NULL,NULL,NULL,'4815747',NULL,NULL,40),
  (430,'ORLY','O''REILLY AUTOMOTIVE INC',NULL,NULL,NULL,'82457808',NULL,NULL,40),
  (431,'OKE','ONEOK INC',NULL,NULL,NULL,'10794',NULL,NULL,40),
  (432,'OXY','OCCIDENTAL PETROLEUM CORP',NULL,NULL,NULL,'10880',NULL,NULL,40),
  (433,'OMC','OMNICOM GROUP',NULL,NULL,NULL,'10811',NULL,NULL,40),
  (434,'ORCL','ORACLE CORP',NULL,NULL,NULL,'272800',NULL,NULL,40),
  (435,'OI','OWENS-ILLINOIS INC',NULL,NULL,NULL,'10760',NULL,NULL,40),
  (436,'PCAR','PACCAR INC',NULL,NULL,NULL,'272992',NULL,NULL,40),
  (437,'PCG','P G & E CORP',NULL,NULL,NULL,'2586035',NULL,NULL,40),
  (438,'PNC','PNC FINANCIAL SERVICES GROUP',NULL,NULL,NULL,'11240',NULL,NULL,40),
  (439,'PPG','PPG INDUSTRIES INC',NULL,NULL,NULL,'11295',NULL,NULL,40),
  (440,'PPL','PPL CORPORATION',NULL,NULL,NULL,'661547',NULL,NULL,40),
  (441,'PVH','PVH CORP',NULL,NULL,NULL,'90794895',NULL,NULL,40),
  (442,'PLL','PALL CORP',NULL,NULL,NULL,'11191',NULL,NULL,40),
  (443,'PH','PARKER HANNIFIN CORP',NULL,NULL,NULL,'11094',NULL,NULL,40),
  (444,'PDCO','PATTERSON COS INC',NULL,NULL,NULL,'273035',NULL,NULL,40),
  (445,'PAYX','PAYCHEX INC',NULL,NULL,NULL,'272942',NULL,NULL,40),
  (446,'PNR','PENTAIR PLC',NULL,NULL,NULL,'153068487',NULL,NULL,40),
  (447,'PBCT','PEOPLE''S UNITED FINANCIAL',NULL,NULL,NULL,'43670008',NULL,NULL,40),
  (448,'POM','PEPCO HOLDINGS INC',NULL,NULL,NULL,'11265',NULL,NULL,40),
  (449,'PEP','PEPSICO INC',NULL,NULL,NULL,'11017',NULL,NULL,40),
  (450,'PKI','PERKINELMER INC',NULL,NULL,NULL,'6737',NULL,NULL,40),
  (451,'PRGO','PERRIGO CO PLC',NULL,NULL,NULL,'140067524',NULL,NULL,40),
  (452,'PFE','PFIZER INC',NULL,NULL,NULL,'11031',NULL,NULL,40),
  (453,'PM','PHILIP MORRIS INTERNATIONAL',NULL,NULL,NULL,'49588376',NULL,NULL,40),
  (454,'PSX','PHILLIPS 66',NULL,NULL,NULL,'105669270',NULL,NULL,40),
  (455,'PNW','PINNACLE WEST CAPITAL',NULL,NULL,NULL,'11257',NULL,NULL,40),
  (456,'PXD','PIONEER NATURAL RESOURCES CO',NULL,NULL,NULL,'3142097',NULL,NULL,40),
  (457,'PBI','PITNEY BOWES INC',NULL,NULL,NULL,'10920',NULL,NULL,40),
  (458,'PCL','PLUM CREEK TIMBER CO',NULL,NULL,NULL,'10948',NULL,NULL,40),
  (459,'PX','PRAXAIR INC',NULL,NULL,NULL,'11450',NULL,NULL,40),
  (460,'PCP','PRECISION CASTPARTS CORP',NULL,NULL,NULL,'10958',NULL,NULL,40),
  (461,'PFG','PRINCIPAL FINANCIAL GROUP',NULL,NULL,NULL,'11032',NULL,NULL,40),
  (462,'PLD','PROLOGIS INC',NULL,NULL,NULL,'88819288',NULL,NULL,40),
  (463,'PG','PROCTER & GAMBLE CO/THE',NULL,NULL,NULL,'11054',NULL,NULL,40),
  (464,'PGR','PROGRESSIVE CORP',NULL,NULL,NULL,'11080',NULL,NULL,40),
  (465,'PRU','PRUDENTIAL FINANCIAL INC',NULL,NULL,NULL,'13865082',NULL,NULL,40),
  (466,'PEG','PUBLIC SERVICE ENTERPRISE GP',NULL,NULL,NULL,'11005',NULL,NULL,40),
  (467,'PSA','PUBLIC STORAGE',NULL,NULL,NULL,'12002',NULL,NULL,40),
  (468,'PHM','PULTE GROUP INC',NULL,NULL,NULL,'11109',NULL,NULL,40),
  (469,'QEP','QEP RESOURCES INC',NULL,NULL,NULL,'76280981',NULL,NULL,40),
  (470,'QCOM','QUALCOMM INC',NULL,NULL,NULL,'273544',NULL,NULL,40),
  (471,'QRVO','QORVO INC',NULL,NULL,NULL,'179002152',NULL,NULL,40),
  (472,'PWR','QUANTA SERVICES INC',NULL,NULL,NULL,'6608432',NULL,NULL,40),
  (473,'DGX','QUEST DIAGNOSTICS INC',NULL,NULL,NULL,'2459465',NULL,NULL,40),
  (474,'RL','RALPH LAUREN CORP',NULL,NULL,NULL,'92306678',NULL,NULL,40),
  (475,'RRC','RANGE RESOURCES CORP',NULL,NULL,NULL,'6608450',NULL,NULL,40),
  (476,'RTN','RAYTHEON COMPANY',NULL,NULL,NULL,'11758',NULL,NULL,40),
  (477,'O','REALTY INCOME CORP',NULL,NULL,NULL,'10672',NULL,NULL,40),
  (478,'RHT','RED HAT INC',NULL,NULL,NULL,'5090107',NULL,NULL,40),
  (479,'REGN','REGENERON PHARMACEUTICALS',NULL,NULL,NULL,'273733',NULL,NULL,40),
  (480,'RF','REGIONS FINANCIAL CORP',NULL,NULL,NULL,'273815',NULL,NULL,40),
  (481,'RSG','REPUBLIC SERVICES INC',NULL,NULL,NULL,'6478024',NULL,NULL,40),
  (482,'RAI','REYNOLDS AMERICAN INC',NULL,NULL,NULL,'4740381',NULL,NULL,40),
  (483,'RHI','ROBERT HALF INTL INC',NULL,NULL,NULL,'11634',NULL,NULL,40),
  (484,'ROK','ROCKWELL AUTOMATION INC',NULL,NULL,NULL,'11697',NULL,NULL,40),
  (485,'COL','ROCKWELL COLLINS INC',NULL,NULL,NULL,'12588744',NULL,NULL,40),
  (486,'ROP','ROPER TECHNOLOGIES INC',NULL,NULL,NULL,'2585629',NULL,NULL,40),
  (487,'ROST','ROSS STORES INC',NULL,NULL,NULL,'273939',NULL,NULL,40),
  (488,'RCL','ROYAL CARIBBEAN CRUISES LTD',NULL,NULL,NULL,'11520',NULL,NULL,40),
  (489,'R','RYDER SYSTEM INC',NULL,NULL,NULL,'11478',NULL,NULL,40),
  (490,'SCG','SCANA CORP',NULL,NULL,NULL,'11902',NULL,NULL,40),
  (491,'SLG','SL GREEN REALTY CORP',NULL,NULL,NULL,'6608473',NULL,NULL,40),
  (492,'CRM','SALESFORCE.COM INC',NULL,NULL,NULL,'29624264',NULL,NULL,40),
  (493,'SNDK','SANDISK CORP',NULL,NULL,NULL,'2025886',NULL,NULL,40),
  (494,'HSIC','HENRY SCHEIN INC',NULL,NULL,NULL,'3655640',NULL,NULL,40),
  (495,'SLB','SCHLUMBERGER LTD',NULL,NULL,NULL,'12200',NULL,NULL,40),
  (496,'SCHW','SCHWAB (CHARLES) CORP',NULL,NULL,NULL,'11905',NULL,NULL,40),
  (497,'SNI','SCRIPPS NETWORKS INTER-CL A',NULL,NULL,NULL,'51782225',NULL,NULL,40),
  (498,'STX','SEAGATE TECHNOLOGY',NULL,NULL,NULL,'76915240',NULL,NULL,40),
  (499,'SEE','SEALED AIR CORP',NULL,NULL,NULL,'4082282',NULL,NULL,40),
  (500,'SRE','SEMPRA ENERGY',NULL,NULL,NULL,'11020',NULL,NULL,40),
  (501,'SHW','SHERWIN-WILLIAMS CO/THE',NULL,NULL,NULL,'12120',NULL,NULL,40),
  (502,'SIAL','SIGMA-ALDRICH',NULL,NULL,NULL,'274345',NULL,NULL,40),
  (503,'SPG','SIMON PROPERTY GROUP INC',NULL,NULL,NULL,'2009113',NULL,NULL,40),
  (504,'SWKS','SKYWORKS SOLUTIONS INC',NULL,NULL,NULL,'4726021',NULL,NULL,40),
  (505,'SJM','JM SMUCKER CO/THE',NULL,NULL,NULL,'15130038',NULL,NULL,40),
  (506,'SNA','SNAP-ON INC',NULL,NULL,NULL,'12259',NULL,NULL,40),
  (507,'SO','SOUTHERN CO/THE',NULL,NULL,NULL,'12300',NULL,NULL,40),
  (508,'LUV','SOUTHWEST AIRLINES CO',NULL,NULL,NULL,'9282',NULL,NULL,40),
  (509,'SWN','SOUTHWESTERN ENERGY CO',NULL,NULL,NULL,'12531',NULL,NULL,40),
  (510,'SE','SPECTRA ENERGY CORP',NULL,NULL,NULL,'41993017',NULL,NULL,40),
  (511,'STJ','ST JUDE MEDICAL INC',NULL,NULL,NULL,'2467215',NULL,NULL,40),
  (512,'SWK','STANLEY BLACK & DECKER INC',NULL,NULL,NULL,'73354293',NULL,NULL,40),
  (513,'SPLS','STAPLES INC',NULL,NULL,NULL,'274599',NULL,NULL,40),
  (514,'SBUX','STARBUCKS CORP',NULL,NULL,NULL,'274105',NULL,NULL,40),
  (515,'HOT','STARWOOD HOTELS & RESORTS',NULL,NULL,NULL,'38734858',NULL,NULL,40),
  (516,'STT','STATE STREET CORP',NULL,NULL,NULL,'2730980',NULL,NULL,40),
  (517,'SRCL','STERICYCLE INC',NULL,NULL,NULL,'6478100',NULL,NULL,40),
  (518,'SYK','STRYKER CORP',NULL,NULL,NULL,'4430948',NULL,NULL,40),
  (519,'STI','SUNTRUST BANKS INC',NULL,NULL,NULL,'12451',NULL,NULL,40),
  (520,'SYMC','SYMANTEC CORP',NULL,NULL,NULL,'274925',NULL,NULL,40),
  (521,'SYY','SYSCO CORP',NULL,NULL,NULL,'12581',NULL,NULL,40),
  (522,'TROW','T ROWE PRICE GROUP INC',NULL,NULL,NULL,'275321',NULL,NULL,40),
  (523,'TEL','TE CONNECTIVITY LTD',NULL,NULL,NULL,'85548741',NULL,NULL,40),
  (524,'TE','TECO ENERGY INC',NULL,NULL,NULL,'12687',NULL,NULL,40),
  (525,'TGNA','TEGNA INC',NULL,NULL,NULL,'196887976',NULL,NULL,40),
  (526,'TJX','TJX COMPANIES INC',NULL,NULL,NULL,'12814',NULL,NULL,40),
  (527,'TGT','TARGET CORP',NULL,NULL,NULL,'6437',NULL,NULL,40),
  (528,'THC','TENET HEALTHCARE CORP',NULL,NULL,NULL,'114929760',NULL,NULL,40),
  (529,'TDC','TERADATA CORP',NULL,NULL,NULL,'46128760',NULL,NULL,40),
  (530,'TSO','TESORO CORP',NULL,NULL,NULL,'13011',NULL,NULL,40),
  (531,'TXN','TEXAS INSTRUMENTS INC',NULL,NULL,NULL,'13096',NULL,NULL,40),
  (532,'TXT','TEXTRON INC',NULL,NULL,NULL,'13101',NULL,NULL,40),
  (533,'ADT','ADT CORP/THE',NULL,NULL,NULL,'113401043',NULL,NULL,40),
  (534,'BK','BANK OF NEW YORK MELLON CORP',NULL,NULL,NULL,'44986804',NULL,NULL,40),
  (535,'PCLN','PRICELINE GROUP INC/THE',NULL,NULL,NULL,'4651842',NULL,NULL,40),
  (536,'WMB','WILLIAMS COS INC',NULL,NULL,NULL,'13805',NULL,NULL,40),
  (537,'TMO','THERMO FISHER SCIENTIFIC INC',NULL,NULL,NULL,'12869',NULL,NULL,40),
  (538,'TIF','TIFFANY & CO',NULL,NULL,NULL,'12791',NULL,NULL,40),
  (539,'TWC','TIME WARNER CABLE',NULL,NULL,NULL,'58493600',NULL,NULL,40),
  (540,'TWX','TIME WARNER INC',NULL,NULL,NULL,'59085966',NULL,NULL,40),
  (541,'TMK','TORCHMARK CORP',NULL,NULL,NULL,'12856',NULL,NULL,40),
  (542,'TSS','TOTAL SYSTEM SERVICES INC',NULL,NULL,NULL,'13014',NULL,NULL,40),
  (543,'TSCO','TRACTOR SUPPLY COMPANY',NULL,NULL,NULL,'6858322',NULL,NULL,40),
  (544,'RIG','TRANSOCEAN LTD',NULL,NULL,NULL,'56505491',NULL,NULL,40),
  (545,'TRV','TRAVELERS COS INC/THE',NULL,NULL,NULL,'43150617',NULL,NULL,40),
  (546,'TRIP','TRIPADVISOR INC',NULL,NULL,NULL,'98542026',NULL,NULL,40),
  (547,'FOXA','TWENTY-FIRST CENTURY FOX-A',NULL,NULL,NULL,'129203944',NULL,NULL,40),
  (548,'TYC','TYCO INTERNATIONAL PLC',NULL,NULL,NULL,'173432513',NULL,NULL,40),
  (549,'TSN','TYSON FOODS INC-CL A',NULL,NULL,NULL,'275405',NULL,NULL,40),
  (550,'USB','US BANCORP',NULL,NULL,NULL,'11669769',NULL,NULL,40),
  (551,'UA','UNDER ARMOUR INC-CLASS A',NULL,NULL,NULL,'36786278',NULL,NULL,40),
  (552,'UNP','UNION PACIFIC CORP',NULL,NULL,NULL,'13284',NULL,NULL,40),
  (553,'UPS','UNITED PARCEL SERVICE-CL B',NULL,NULL,NULL,'6231002',NULL,NULL,40),
  (554,'URI','UNITED RENTALS INC',NULL,NULL,NULL,'3629755',NULL,NULL,40),
  (555,'UTX','UNITED TECHNOLOGIES CORP',NULL,NULL,NULL,'13364',NULL,NULL,40),
  (556,'UNH','UNITEDHEALTH GROUP INC',NULL,NULL,NULL,'13272',NULL,NULL,40),
  (557,'UHS','UNIVERSAL HEALTH SERVICES-B',NULL,NULL,NULL,'13206',NULL,NULL,40),
  (558,'UNM','UNUM GROUP',NULL,NULL,NULL,'13277',NULL,NULL,40),
  (559,'URBN','URBAN OUTFITTERS INC',NULL,NULL,NULL,'275527',NULL,NULL,40),
  (560,'VFC','VF CORP',NULL,NULL,NULL,'13440',NULL,NULL,40),
  (561,'VLO','VALERO ENERGY CORP',NULL,NULL,NULL,'13497',NULL,NULL,40),
  (562,'VAR','VARIAN MEDICAL SYSTEMS INC',NULL,NULL,NULL,'13400',NULL,NULL,40),
  (563,'VTR','VENTAS INC.',NULL,NULL,NULL,'4044062',NULL,NULL,40),
  (564,'VRSN','VERISIGN INC',NULL,NULL,NULL,'4173050',NULL,NULL,40),
  (565,'VZ','VERIZON COMMUNICATIONS INC',NULL,NULL,NULL,'4901',NULL,NULL,40),
  (566,'VRTX','VERTEX PHARMACEUTICALS INC',NULL,NULL,NULL,'275850',NULL,NULL,40),
  (567,'VIAB','VIACOM INC-CLASS B',NULL,NULL,NULL,'37083557',NULL,NULL,40),
  (568,'V','VISA INC-CLASS A SHARES',NULL,NULL,NULL,'49462172',NULL,NULL,40),
  (569,'VNO','VORNADO REALTY TRUST',NULL,NULL,NULL,'13535',NULL,NULL,40),
  (570,'VMC','VULCAN MATERIALS CO',NULL,NULL,NULL,'13515',NULL,NULL,40),
  (571,'WEC','WEC ENERGY GROUP INC',NULL,NULL,NULL,'198560237',NULL,NULL,40),
  (572,'WMT','WAL-MART STORES INC',NULL,NULL,NULL,'13824',NULL,NULL,40),
  (573,'WBA','WALGREENS BOOTS ALLIANCE INC',NULL,NULL,NULL,'178634687',NULL,NULL,40),
  (574,'DIS','WALT DISNEY CO/THE',NULL,NULL,NULL,'6459',NULL,NULL,40),
  (575,'WM','WASTE MANAGEMENT INC',NULL,NULL,NULL,'13379',NULL,NULL,40),
  (576,'WAT','WATERS CORP',NULL,NULL,NULL,'1448494',NULL,NULL,40),
  (577,'WFC','WELLS FARGO & CO',NULL,NULL,NULL,'10375',NULL,NULL,40),
  (578,'WDC','WESTERN DIGITAL CORP',NULL,NULL,NULL,'13681',NULL,NULL,40),
  (579,'WU','WESTERN UNION CO',NULL,NULL,NULL,'40773257',NULL,NULL,40),
  (580,'WY','WEYERHAEUSER CO',NULL,NULL,NULL,'13949',NULL,NULL,40),
  (581,'WHR','WHIRLPOOL CORP',NULL,NULL,NULL,'13751',NULL,NULL,40),
  (582,'WFM','WHOLE FOODS MARKET INC',NULL,NULL,NULL,'276024',NULL,NULL,40),
  (583,'WYN','WYNDHAM WORLDWIDE CORP',NULL,NULL,NULL,'40021002',NULL,NULL,40),
  (584,'WYNN','WYNN RESORTS LTD.',NULL,NULL,NULL,'16454492',NULL,NULL,40),
  (585,'XL','XL GROUP PLC',NULL,NULL,NULL,'76768905',NULL,NULL,40),
  (586,'XEL','XCEL ENERGY INC',NULL,NULL,NULL,'10517',NULL,NULL,40),
  (587,'XRX','XEROX CORP',NULL,NULL,NULL,'13980',NULL,NULL,40),
  (588,'XLNX','XILINX INC',NULL,NULL,NULL,'276222',NULL,NULL,40),
  (589,'XYL','XYLEM INC',NULL,NULL,NULL,'95703740',NULL,NULL,40),
  (590,'YHOO','YAHOO! INC',NULL,NULL,NULL,'3312890',NULL,NULL,40),
  (591,'YUM','YUM! BRANDS INC',NULL,NULL,NULL,'3206042',NULL,NULL,40),
  (592,'ZBH','ZIMMER BIOMET HOLDINGS INC',NULL,NULL,NULL,'12851783',NULL,NULL,40),
  (593,'ZION','ZIONS BANCORP',NULL,NULL,NULL,'276329',NULL,NULL,40),
  (594,'ZTS','ZOETIS INC',NULL,NULL,NULL,'121665622',NULL,NULL,40),
  (595,'EBAY','EBAY INC',NULL,NULL,NULL,'4347086',NULL,NULL,40);

INSERT INTO `security_family` (`ID`, `NAME`, `SYMBOL_ROOT`, `ISIN_ROOT`, `RIC_ROOT`, `CURRENCY`, `CONTRACT_SIZE`, `SCALE`, `TICK_SIZE_PATTERN`, `EXECUTION_COMMISSION`, `CLEARING_COMMISSION`, `FEE`, `TRADEABLE`, `SYNTHETIC`, `PERIODICITY`, `MAX_GAP`, `UNDERLYING_FK`, `EXCHANGE_FK`) VALUES 
  (1,'CAD FX',NULL,NULL,NULL,'CAD',1,5,'0<0.00001',0.00,NULL,NULL,1,0,NULL,NULL,NULL,1),
  (2,'CHF FX',NULL,NULL,NULL,'CHF',1,5,'0<0.00001',0.00,NULL,NULL,1,0,NULL,NULL,NULL,1),
  (3,'JPY FX',NULL,NULL,NULL,'JPY',1,5,'0<0.001',0.00,NULL,NULL,1,0,NULL,NULL,NULL,1),
  (4,'NZD FX',NULL,NULL,NULL,'NZD',1,5,'0<0.00001',0.00,NULL,NULL,1,0,NULL,NULL,NULL,1),
  (5,'USD FX',NULL,NULL,NULL,'USD',1,5,'0<0.00001',0.00,NULL,NULL,1,0,NULL,NULL,NULL,1),
  (6,'AUD FX',NULL,NULL,NULL,'AUD',1,5,'0<0.00001',0.00,NULL,NULL,1,0,NULL,NULL,NULL,1),
  (7,'GBP FX',NULL,NULL,NULL,'GBP',1,5,'0<0.00001',0.00,NULL,NULL,1,0,NULL,NULL,NULL,1),
  (8,'PLN FX',NULL,NULL,NULL,'PLN',1,5,'0<0.00001',0.00,NULL,NULL,1,0,NULL,NULL,NULL,1),
  (9,'RUB FX',NULL,NULL,NULL,'RUB',1,5,'0<0.00001',0.00,NULL,NULL,1,0,NULL,NULL,NULL,1),
  (10,'HKD FX',NULL,NULL,NULL,'HKD',1,5,'0<0.00001',0.00,NULL,NULL,1,0,NULL,NULL,NULL,1),
  (40,'S&P 500 Stocks',NULL,NULL,NULL,'USD',1,2,'0<0.01',0.00,NULL,NULL,1,0,'MIN',NULL,NULL,2),
  (100,'BRLUSD','BRE',NULL,NULL,'USD',100000,5,'0<0.00005',0.00,0.00,NULL,1,0,NULL,NULL,NULL,100),
  (101,'CZKEUR','ECK',NULL,NULL,'EUR',4000000,6,'0<0.000002',0.00,0.00,NULL,1,0,NULL,NULL,NULL,100),
  (102,'HUFEUR','EHF',NULL,NULL,'EUR',30000000,7,'0<0.0000002',0.00,0.00,NULL,1,0,NULL,NULL,NULL,100),
  (103,'ILSUSD','ILS',NULL,NULL,'USD',1000000,5,'0<0.00001',0.00,0.00,NULL,1,0,NULL,NULL,NULL,100),
  (104,'KRWUSD','KRW',NULL,NULL,'USD',125000000,7,'0<0.0000001',0.00,0.00,NULL,1,0,NULL,NULL,NULL,100),
  (105,'MXNUSD','MXP',NULL,NULL,'USD',500000,5,'0<0.00001',0.00,0.00,NULL,1,0,NULL,NULL,NULL,100),
  (106,'PLNEUR','EPZ',NULL,NULL,'EUR',500000,5,'0<0.00002',0.00,0.00,NULL,1,0,NULL,NULL,NULL,100),
  (107,'RUBUSD','RUR',NULL,NULL,'USD',2500000,6,'0<0.000005',0.00,0.00,NULL,1,0,NULL,NULL,NULL,100),
  (108,'ZARUSD','ZAR',NULL,NULL,'USD',500000,6,'0<0.000025',0.00,0.00,NULL,1,0,NULL,NULL,NULL,100),
  (109,'AUDCAD','ACD',NULL,NULL,'CAD',200000,4,'0<0.0001',0.00,0.00,NULL,1,0,NULL,NULL,NULL,100),
  (110,'AUDJPY','AJY',NULL,NULL,'JPY',200000,3,'0<0.005',0.00,0.00,NULL,1,0,NULL,NULL,NULL,100),
  (111,'AUDUSD','AUD',NULL,NULL,'USD',100000,4,'0<0.0001',0.00,0.00,NULL,1,0,NULL,NULL,NULL,100),
  (112,'CADUSD','CAD',NULL,NULL,'USD',100000,4,'0<0.0001',0.00,0.00,NULL,1,0,NULL,NULL,NULL,100),
  (113,'CADJPY','CJY',NULL,NULL,'JPY',200000,2,'0<0.01',0.00,0.00,NULL,1,0,NULL,NULL,NULL,100),
  (114,'CHFJPY','SJY',NULL,NULL,'JPY',250000,3,'0<0.005',0.00,0.00,NULL,1,0,NULL,NULL,NULL,100),
  (115,'CHFUSD','CHF',NULL,NULL,'USD',125000,4,'0<0.0001',0.00,0.00,NULL,1,0,NULL,NULL,NULL,100),
  (116,'EURAUD','EAD',NULL,NULL,'AUD',125000,4,'0<0.0001',0.00,0.00,NULL,1,0,NULL,NULL,NULL,100),
  (117,'EURCAD','ECD',NULL,NULL,'CAD',125000,5,'0<0.0001',0.00,0.00,NULL,1,0,NULL,NULL,NULL,100),
  (118,'EURCHF','RF',NULL,NULL,'CHF',125000,4,'0<0.0001',0.00,0.00,NULL,1,0,NULL,NULL,NULL,100),
  (119,'EURGBP','RP',NULL,NULL,'GBP',125000,5,'0<0.00005',0.00,0.00,NULL,1,0,NULL,NULL,NULL,100),
  (120,'EURJPY','RY',NULL,NULL,'JPY',125000,2,'0<0.01',0.00,0.00,NULL,1,0,NULL,NULL,NULL,100),
  (121,'EURSEK','ESK',NULL,NULL,'SEK',125000,5,'0<0.00025',0.00,0.00,NULL,1,0,NULL,NULL,NULL,100),
  (122,'EURUSD','EUR',NULL,NULL,'USD',125000,4,'0<0.0001',0.00,0.00,NULL,1,0,NULL,NULL,NULL,100),
  (123,'GBPCHF','PSF',NULL,NULL,'CHF',125000,4,'0<0.0001',0.00,0.00,NULL,1,0,NULL,NULL,NULL,100),
  (124,'GBPJPY','PJY',NULL,NULL,'JPY',125000,2,'0<0.01',0.00,0.00,NULL,1,0,NULL,NULL,NULL,100),
  (125,'GBPUSD','GBP',NULL,NULL,'USD',62500,4,'0<0.0001',0.00,0.00,NULL,1,0,NULL,NULL,NULL,100),
  (126,'JPYUSD','JPY',NULL,NULL,'USD',12500000,6,'0<0.000001',0.00,0.00,NULL,1,0,NULL,NULL,NULL,100),
  (127,'NOKUSD','NOK',NULL,NULL,'USD',2000000,5,'0<0.00001',0.00,0.00,NULL,1,0,NULL,NULL,NULL,100),
  (128,'NZDUSD','NZD',NULL,NULL,'USD',100000,4,'0<0.0001',0.00,0.00,NULL,1,0,NULL,NULL,NULL,100),
  (129,'SEKUSD','SEK',NULL,NULL,'USD',2000000,5,'0<0.00001',0.00,0.00,NULL,1,0,NULL,NULL,NULL,100),
  (130,'AEX','EOE',NULL,NULL,'EUR',20,2,'0<0.05',0.00,0.00,NULL,1,0,NULL,NULL,NULL,104),
  (131,'CAC40','CAC40',NULL,NULL,'EUR',1,1,'0<0.5',0.00,0.00,NULL,1,0,NULL,NULL,NULL,105),
  (132,'DAX','DAX',NULL,NULL,'EUR',25,1,'0<0.5',0.00,0.00,NULL,1,0,NULL,NULL,NULL,106),
  (133,'IBEX 35','IBEX35',NULL,NULL,'EUR',10,0,'0<1',0.00,0.00,NULL,1,0,NULL,NULL,NULL,107),
  (134,'EURO STOXX 50','ESTX50',NULL,NULL,'EUR',10,0,'0<1',0.00,0.00,NULL,1,0,NULL,NULL,NULL,106),
  (135,'FTSE / MIB','FTMIB',NULL,NULL,'EUR',5,0,'0<5',0.00,0.00,NULL,1,0,NULL,NULL,NULL,108),
  (136,'FTSE 100','Z',NULL,NULL,'GBP',1000,3,'0<0.005',0.00,0.00,NULL,1,0,NULL,NULL,NULL,109),
  (137,'OMXS30','OMXS30',NULL,NULL,'SEK',100,0,'0',0.00,0.00,NULL,1,0,NULL,NULL,NULL,110),
  (138,'SMI','SMI',NULL,NULL,'CHF',10,0,'0<1',0.00,0.00,NULL,1,0,NULL,NULL,NULL,111),
  (139,'DJIA','YM',NULL,NULL,'USD',5,0,'0<1',0.00,0.00,NULL,1,0,NULL,NULL,NULL,101),
  (140,'MSCI Taiwan','STW',NULL,NULL,'USD',100,1,'0<0.1',0.00,0.00,NULL,1,0,NULL,NULL,NULL,112),
  (141,'NASDAQ 100','NQ',NULL,NULL,'USD',20,2,'0<0.25',0.00,0.00,NULL,1,0,NULL,NULL,NULL,100),
  (142,'S&P / TSX 60 IX','TSE60',NULL,NULL,'CAD',50,1,'0<0.1',0.00,0.00,NULL,1,0,NULL,NULL,NULL,113),
  (143,'S&P 500','ES',NULL,NULL,'USD',50,2,'0<0.25',0.00,0.00,NULL,1,0,NULL,NULL,NULL,100),
  (144,'S&P MID 400','EMD',NULL,NULL,'USD',100,1,'0<0.1',0.00,0.00,NULL,1,0,NULL,NULL,NULL,100),
  (145,'H-SHARES','HHI.HK',NULL,NULL,'HKD',50,0,'0<1',0.00,0.00,NULL,1,0,NULL,NULL,NULL,114),
  (146,'HANG SENG','HSI',NULL,NULL,'HKD',50,0,'0<1',0.00,0.00,NULL,1,0,NULL,NULL,NULL,114),
  (147,'Nikkei 225','N225M',NULL,NULL,'JPY',100,0,'0<5',0.00,0.00,NULL,1,0,NULL,NULL,NULL,115),
  (148,'TOPIX','MNTPX',NULL,NULL,'JPY',1000,2,'0<0.25',0.00,0.00,NULL,1,0,NULL,NULL,NULL,115),
  (149,'EURO 10Yr BUND','GBL',NULL,NULL,'EUR',1000,2,'0<0.01',0.00,0.00,NULL,1,0,NULL,NULL,NULL,106),
  (150,'EURO 2Yr Schatz','GBS',NULL,NULL,'EUR',1000,3,'0<0.005',0.00,0.00,NULL,1,0,NULL,NULL,NULL,106),
  (151,'EURO 30Yr BUXL','GBX',NULL,NULL,'EUR',1000,2,'0<0.02',0.00,0.00,NULL,1,0,NULL,NULL,NULL,106),
  (152,'EURO 5Yr BOBL','GBM',NULL,NULL,'EUR',1000,2,'0<0.01',0.00,0.00,NULL,1,0,NULL,NULL,NULL,106),
  (153,'GB 10Yr Long Gilt','R',NULL,NULL,'GBP',1000,2,'0<0.01',0.00,0.00,NULL,1,0,NULL,NULL,NULL,109),
  (154,'US 10Yr Note','ZN',NULL,NULL,'USD',1000,6,'0<0.015625',0.00,0.00,NULL,1,0,NULL,NULL,NULL,101),
  (155,'US 2Yr Note','ZT',NULL,NULL,'USD',2000,7,'0<0.0078125',0.00,0.00,NULL,1,0,NULL,NULL,NULL,101),
  (156,'US 30Yr Long Bond','ZB',NULL,NULL,'USD',1000,5,'0<0.03125',0.00,0.00,NULL,1,0,NULL,NULL,NULL,101),
  (157,'US 5Yr Note','ZF',NULL,NULL,'USD',1000,7,'0<0.0078125',0.00,0.00,NULL,1,0,NULL,NULL,NULL,101),
  (158,'CAN 10Yr Bond','CGB',NULL,NULL,'CAD',1000,2,'0<0.01',0.00,0.00,NULL,1,0,NULL,NULL,NULL,113),
  (159,'JPY 10Yr Bond','JGB',NULL,NULL,'JPY',1000000,2,'0<0.01',0.00,0.00,NULL,1,0,NULL,NULL,NULL,115),
  (160,'AUD 90Day Bank Bill','IR',NULL,NULL,'AUD',2438,2,'0<0.01',0.00,0.00,NULL,1,0,NULL,NULL,NULL,116),
  (161,'CAD 90Day Bank Acpt','BAX',NULL,NULL,'CAD',2500,3,'0<0.005',0.00,0.00,NULL,1,0,NULL,NULL,NULL,113),
  (162,'EURIBOR 90Day','EU3',NULL,NULL,'EUR',2500,3,'0<0.005',0.00,0.00,NULL,1,0,NULL,NULL,NULL,106),
  (163,'EuroChf 90Day','S',NULL,NULL,'CHF',2500,2,'0<0.01',0.00,0.00,NULL,1,0,NULL,NULL,NULL,109),
  (164,'EuroDollar 90Day','GE',NULL,NULL,'USD',2500,4,'0<0.0025',0.00,0.00,NULL,1,0,NULL,NULL,NULL,100),
  (165,'EuroYen 90Day','SEY',NULL,NULL,'JPY',250000,3,'0<0.005',0.00,0.00,NULL,1,0,NULL,NULL,NULL,112),
  (166,'Fed Fund 30Day','ZQ',NULL,NULL,'USD',4167,3,'0<0.005',0.00,0.00,NULL,1,0,NULL,NULL,NULL,101),
  (167,'GB 90Day Sterling','L',NULL,NULL,'GBP',1250,2,'0<0.01',0.00,0.00,NULL,1,0,NULL,NULL,NULL,109),
  (168,'Brent Crude','COIL',NULL,NULL,'USD',1000,2,'0<0.01',0.00,0.00,NULL,1,0,NULL,NULL,NULL,117),
  (169,'Gas Oil','GOIL',NULL,NULL,'USD',100,2,'0<0.25',0.00,0.00,NULL,1,0,NULL,NULL,NULL,117),
  (170,'Gasoline','RB',NULL,NULL,'USD',42000,4,'0<0.0001',0.00,0.00,NULL,1,0,NULL,NULL,NULL,102),
  (171,'Heating Oil','HO',NULL,NULL,'USD',42000,4,'0<0.0001',0.00,0.00,NULL,1,0,NULL,NULL,NULL,102),
  (172,'Natural Gas','NG',NULL,NULL,'USD',10000,3,'0<0.001',0.00,0.00,NULL,1,0,NULL,NULL,NULL,102),
  (173,'Natural Gas ICE','NGF',NULL,NULL,'GBP',30000,4,'0<0.0001',0.00,0.00,NULL,1,0,NULL,NULL,NULL,117),
  (174,'WTI Crude','CL',NULL,NULL,'USD',1000,2,'0<0.01',0.00,0.00,NULL,1,0,NULL,NULL,NULL,102),
  (175,'Cattle Feeder','GF',NULL,NULL,'USD',50000,5,'0<0.00025',0.00,0.00,NULL,1,0,NULL,NULL,NULL,100),
  (176,'Lean Hogs','HE',NULL,NULL,'USD',40000,5,'0<0.00025',0.00,0.00,NULL,1,0,NULL,NULL,NULL,100),
  (177,'Live Cattle','LE',NULL,NULL,'USD',40000,5,'0<0.00025',0.00,0.00,NULL,1,0,NULL,NULL,NULL,100),
  (178,'Copper','HG',NULL,NULL,'USD',25000,4,'0<0.0005',0.00,0.00,NULL,1,0,NULL,NULL,NULL,102),
  (179,'Gold','GC',NULL,NULL,'USD',100,1,'0<0.1',0.00,0.00,NULL,1,0,NULL,NULL,NULL,102),
  (180,'Palladium','PA',NULL,NULL,'USD',100,2,'0<0.05',0.00,0.00,NULL,1,0,NULL,NULL,NULL,102),
  (181,'Platinum','PL',NULL,NULL,'USD',50,1,'0<0.1',0.00,0.00,NULL,1,0,NULL,NULL,NULL,102),
  (182,'Silver','SI',NULL,NULL,'USD',5000,3,'0<0.005',0.00,0.00,NULL,1,0,NULL,NULL,NULL,102),
  (183,'Cocoa','CC',NULL,NULL,'USD',10,0,'0<1',0.00,0.00,NULL,1,0,NULL,NULL,NULL,118),
  (184,'Coffee C','KC',NULL,NULL,'USD',37500,4,'0<0.0005',0.00,0.00,NULL,1,0,NULL,NULL,NULL,118),
  (185,'Corn','ZC',NULL,NULL,'USD',5000,4,'0<0.0025',0.00,0.00,NULL,1,0,NULL,NULL,NULL,101),
  (186,'Cotton No 2','CT',NULL,NULL,'USD',50000,4,'0<0.0001',0.00,0.00,NULL,1,0,NULL,NULL,NULL,118),
  (187,'Rapeseed','ECO',NULL,NULL,'EUR',50,2,'0<0.25',0.00,0.00,NULL,1,0,NULL,NULL,NULL,119),
  (188,'Soybean','ZS',NULL,NULL,'USD',5000,4,'0<0.0025',0.00,0.00,NULL,1,0,NULL,NULL,NULL,101),
  (189,'Soybean Meal','ZM',NULL,NULL,'USD',100,1,'0<0.1',0.00,0.00,NULL,1,0,NULL,NULL,NULL,101),
  (190,'Soybean Oil','ZL',NULL,NULL,'USD',60000,4,'0<0.0001',0.00,0.00,NULL,1,0,NULL,NULL,NULL,101),
  (191,'Sugar No 11','SB',NULL,NULL,'USD',112000,4,'0<0.0001',0.00,0.00,NULL,1,0,NULL,NULL,NULL,102),
  (192,'Wheat CBT','ZW',NULL,NULL,'USD',5000,4,'0<0.0025',0.00,0.00,NULL,1,0,NULL,NULL,NULL,101),
  (193,'Wheat LIFFE','EBM',NULL,NULL,'EUR',50,2,'0<0.25',0.00,0.00,NULL,1,0,NULL,NULL,NULL,119);

INSERT INTO `stock` (`ID`, `GICS`) VALUES 
  (100,NULL),
  (101,NULL),
  (102,NULL),
  (103,NULL),
  (104,NULL),
  (105,NULL),
  (106,NULL),
  (107,NULL),
  (108,NULL),
  (109,NULL),
  (110,NULL),
  (111,NULL),
  (112,NULL),
  (113,NULL),
  (114,NULL),
  (115,NULL),
  (116,NULL),
  (117,NULL),
  (118,NULL),
  (119,NULL),
  (120,NULL),
  (121,NULL),
  (122,NULL),
  (123,NULL),
  (124,NULL),
  (125,NULL),
  (126,NULL),
  (127,NULL),
  (128,NULL),
  (129,NULL),
  (130,NULL),
  (131,NULL),
  (132,NULL),
  (133,NULL),
  (134,NULL),
  (135,NULL),
  (136,NULL),
  (137,NULL),
  (138,NULL),
  (139,NULL),
  (140,NULL),
  (141,NULL),
  (142,NULL),
  (143,NULL),
  (144,NULL),
  (145,NULL),
  (146,NULL),
  (147,NULL),
  (148,NULL),
  (149,NULL),
  (150,NULL),
  (151,NULL),
  (152,NULL),
  (153,NULL),
  (154,NULL),
  (155,NULL),
  (156,NULL),
  (157,NULL),
  (158,NULL),
  (159,NULL),
  (160,NULL),
  (161,NULL),
  (162,NULL),
  (163,NULL),
  (164,NULL),
  (165,NULL),
  (166,NULL),
  (167,NULL),
  (168,NULL),
  (169,NULL),
  (170,NULL),
  (171,NULL),
  (172,NULL),
  (173,NULL),
  (174,NULL),
  (175,NULL),
  (176,NULL),
  (177,NULL),
  (178,NULL),
  (179,NULL),
  (180,NULL),
  (181,NULL),
  (182,NULL),
  (183,NULL),
  (184,NULL),
  (185,NULL),
  (186,NULL),
  (187,NULL),
  (188,NULL),
  (189,NULL),
  (190,NULL),
  (191,NULL),
  (192,NULL),
  (193,NULL),
  (194,NULL),
  (195,NULL),
  (196,NULL),
  (197,NULL),
  (198,NULL),
  (199,NULL),
  (200,NULL),
  (201,NULL),
  (202,NULL),
  (203,NULL),
  (204,NULL),
  (205,NULL),
  (206,NULL),
  (207,NULL),
  (208,NULL),
  (209,NULL),
  (210,NULL),
  (211,NULL),
  (212,NULL),
  (213,NULL),
  (214,NULL),
  (215,NULL),
  (216,NULL),
  (217,NULL),
  (218,NULL),
  (219,NULL),
  (220,NULL),
  (221,NULL),
  (222,NULL),
  (223,NULL),
  (224,NULL),
  (225,NULL),
  (226,NULL),
  (227,NULL),
  (228,NULL),
  (229,NULL),
  (230,NULL),
  (231,NULL),
  (232,NULL),
  (233,NULL),
  (234,NULL),
  (235,NULL),
  (236,NULL),
  (237,NULL),
  (238,NULL),
  (239,NULL),
  (240,NULL),
  (241,NULL),
  (242,NULL),
  (243,NULL),
  (244,NULL),
  (245,NULL),
  (246,NULL),
  (247,NULL),
  (248,NULL),
  (249,NULL),
  (250,NULL),
  (251,NULL),
  (252,NULL),
  (253,NULL),
  (254,NULL),
  (255,NULL),
  (256,NULL),
  (257,NULL),
  (258,NULL),
  (259,NULL),
  (260,NULL),
  (261,NULL),
  (262,NULL),
  (263,NULL),
  (264,NULL),
  (265,NULL),
  (266,NULL),
  (267,NULL),
  (268,NULL),
  (269,NULL),
  (270,NULL),
  (271,NULL),
  (272,NULL),
  (273,NULL),
  (274,NULL),
  (275,NULL),
  (276,NULL),
  (277,NULL),
  (278,NULL),
  (279,NULL),
  (280,NULL),
  (281,NULL),
  (282,NULL),
  (283,NULL),
  (284,NULL),
  (285,NULL),
  (286,NULL),
  (287,NULL),
  (288,NULL),
  (289,NULL),
  (290,NULL),
  (291,NULL),
  (292,NULL),
  (293,NULL),
  (294,NULL),
  (295,NULL),
  (296,NULL),
  (297,NULL),
  (298,NULL),
  (299,NULL),
  (300,NULL),
  (301,NULL),
  (302,NULL),
  (303,NULL),
  (304,NULL),
  (305,NULL),
  (306,NULL),
  (307,NULL),
  (308,NULL),
  (309,NULL),
  (310,NULL),
  (311,NULL),
  (312,NULL),
  (313,NULL),
  (314,NULL),
  (315,NULL),
  (316,NULL),
  (317,NULL),
  (318,NULL),
  (319,NULL),
  (320,NULL),
  (321,NULL),
  (322,NULL),
  (323,NULL),
  (324,NULL),
  (325,NULL),
  (326,NULL),
  (327,NULL),
  (328,NULL),
  (329,NULL),
  (330,NULL),
  (331,NULL),
  (332,NULL),
  (333,NULL),
  (334,NULL),
  (335,NULL),
  (336,NULL),
  (337,NULL),
  (338,NULL),
  (339,NULL),
  (340,NULL),
  (341,NULL),
  (342,NULL),
  (343,NULL),
  (344,NULL),
  (345,NULL),
  (346,NULL),
  (347,NULL),
  (348,NULL),
  (349,NULL),
  (350,NULL),
  (351,NULL),
  (352,NULL),
  (353,NULL),
  (354,NULL),
  (355,NULL),
  (356,NULL),
  (357,NULL),
  (358,NULL),
  (359,NULL),
  (360,NULL),
  (361,NULL),
  (362,NULL),
  (363,NULL),
  (364,NULL),
  (365,NULL),
  (366,NULL),
  (367,NULL),
  (368,NULL),
  (369,NULL),
  (370,NULL),
  (371,NULL),
  (372,NULL),
  (373,NULL),
  (374,NULL),
  (375,NULL),
  (376,NULL),
  (377,NULL),
  (378,NULL),
  (379,NULL),
  (380,NULL),
  (381,NULL),
  (382,NULL),
  (383,NULL),
  (384,NULL),
  (385,NULL),
  (386,NULL),
  (387,NULL),
  (388,NULL),
  (389,NULL),
  (390,NULL),
  (391,NULL),
  (392,NULL),
  (393,NULL),
  (394,NULL),
  (395,NULL),
  (396,NULL),
  (397,NULL),
  (398,NULL),
  (399,NULL),
  (400,NULL),
  (401,NULL),
  (402,NULL),
  (403,NULL),
  (404,NULL),
  (405,NULL),
  (406,NULL),
  (407,NULL),
  (408,NULL),
  (409,NULL),
  (410,NULL),
  (411,NULL),
  (412,NULL),
  (413,NULL),
  (414,NULL),
  (415,NULL),
  (416,NULL),
  (417,NULL),
  (418,NULL),
  (419,NULL),
  (420,NULL),
  (421,NULL),
  (422,NULL),
  (423,NULL),
  (424,NULL),
  (425,NULL),
  (426,NULL),
  (427,NULL),
  (428,NULL),
  (429,NULL),
  (430,NULL),
  (431,NULL),
  (432,NULL),
  (433,NULL),
  (434,NULL),
  (435,NULL),
  (436,NULL),
  (437,NULL),
  (438,NULL),
  (439,NULL),
  (440,NULL),
  (441,NULL),
  (442,NULL),
  (443,NULL),
  (444,NULL),
  (445,NULL),
  (446,NULL),
  (447,NULL),
  (448,NULL),
  (449,NULL),
  (450,NULL),
  (451,NULL),
  (452,NULL),
  (453,NULL),
  (454,NULL),
  (455,NULL),
  (456,NULL),
  (457,NULL),
  (458,NULL),
  (459,NULL),
  (460,NULL),
  (461,NULL),
  (462,NULL),
  (463,NULL),
  (464,NULL),
  (465,NULL),
  (466,NULL),
  (467,NULL),
  (468,NULL),
  (469,NULL),
  (470,NULL),
  (471,NULL),
  (472,NULL),
  (473,NULL),
  (474,NULL),
  (475,NULL),
  (476,NULL),
  (477,NULL),
  (478,NULL),
  (479,NULL),
  (480,NULL),
  (481,NULL),
  (482,NULL),
  (483,NULL),
  (484,NULL),
  (485,NULL),
  (486,NULL),
  (487,NULL),
  (488,NULL),
  (489,NULL),
  (490,NULL),
  (491,NULL),
  (492,NULL),
  (493,NULL),
  (494,NULL),
  (495,NULL),
  (496,NULL),
  (497,NULL),
  (498,NULL),
  (499,NULL),
  (500,NULL),
  (501,NULL),
  (502,NULL),
  (503,NULL),
  (504,NULL),
  (505,NULL),
  (506,NULL),
  (507,NULL),
  (508,NULL),
  (509,NULL),
  (510,NULL),
  (511,NULL),
  (512,NULL),
  (513,NULL),
  (514,NULL),
  (515,NULL),
  (516,NULL),
  (517,NULL),
  (518,NULL),
  (519,NULL),
  (520,NULL),
  (521,NULL),
  (522,NULL),
  (523,NULL),
  (524,NULL),
  (525,NULL),
  (526,NULL),
  (527,NULL),
  (528,NULL),
  (529,NULL),
  (530,NULL),
  (531,NULL),
  (532,NULL),
  (533,NULL),
  (534,NULL),
  (535,NULL),
  (536,NULL),
  (537,NULL),
  (538,NULL),
  (539,NULL),
  (540,NULL),
  (541,NULL),
  (542,NULL),
  (543,NULL),
  (544,NULL),
  (545,NULL),
  (546,NULL),
  (547,NULL),
  (548,NULL),
  (549,NULL),
  (550,NULL),
  (551,NULL),
  (552,NULL),
  (553,NULL),
  (554,NULL),
  (555,NULL),
  (556,NULL),
  (557,NULL),
  (558,NULL),
  (559,NULL),
  (560,NULL),
  (561,NULL),
  (562,NULL),
  (563,NULL),
  (564,NULL),
  (565,NULL),
  (566,NULL),
  (567,NULL),
  (568,NULL),
  (569,NULL),
  (570,NULL),
  (571,NULL),
  (572,NULL),
  (573,NULL),
  (574,NULL),
  (575,NULL),
  (576,NULL),
  (577,NULL),
  (578,NULL),
  (579,NULL),
  (580,NULL),
  (581,NULL),
  (582,NULL),
  (583,NULL),
  (584,NULL),
  (585,NULL),
  (586,NULL),
  (587,NULL),
  (588,NULL),
  (589,NULL),
  (590,NULL),
  (591,NULL),
  (592,NULL),
  (593,NULL),
  (594,NULL),
  (595,NULL);